<gpx xmlns:ns3="http://www.garmin.com/xmlschemas/TrackPointExtension/v1" xmlns="http://www.topografix.com/GPX/1/1" xmlns:xsi="http://www.w3.org/2001/XMLSchema-instance" xmlns:ns2="http://www.garmin.com/xmlschemas/GpxExtensions/v3" creator="Garmin Connect" version="1.1" xsi:schemaLocation="http://www.topografix.com/GPX/1/1 http://www.topografix.com/GPX/11.xsd">
  <extensions>
<distance>3006.62</distance>
<average_hr>145.0</average_hr>
<average_speed>1.8650000095367432</average_speed>
<start_time>2026-08-14T11:51:22+00:00</start_time>
<end_time>2026-08-14T12:18:14.150000+00:00</end_time>
<moving_time>1611.249</moving_time>
<elapsed_time>1612.15</elapsed_time>
</extensions>
<metadata>
    <link href="connect.garmin.com">
      <text>Garmin Connect</text>
    </link>
    <time>2026-08-14T11:51:22.000Z</time>
  </metadata>
  <trk>
    <name>南京市 跑步</name>
    <type>running</type>
    <trkseg>
      <trkpt lat="31.961586512625217437744140625" lon="118.6900259368121623992919921875">
        <ele>9.3999996185302734375</ele>
        <time>2026-08-14T11:51:22.000Z</time>
        <extensions>
          <ns3:TrackPointExtension>
            <ns3:hr>106</ns3:hr>
            <ns3:cad>61</ns3:cad>
          </ns3:TrackPointExtension>
        </extensions>
      </trkpt>
      <trkpt lat="31.96158693172037601470947265625" lon="118.69002752937376499176025390625">
        <ele>9.6000003814697265625</ele>
        <time>2026-08-14T11:51:23.000Z</time>
        <extensions>
          <ns3:TrackPointExtension>
            <ns3:hr>106</ns3:hr>
            <ns3:cad>61</ns3:cad>
          </ns3:TrackPointExtension>
        </extensions>
      </trkpt>
      <trkpt lat="31.96159313432872295379638671875" lon="118.6900031380355358123779296875">
        <ele>9.80000019073486328125</ele>
        <time>2026-08-14T11:51:24.000Z</time>
        <extensions>
          <ns3:TrackPointExtension>
            <ns3:hr>106</ns3:hr>
            <ns3:cad>61</ns3:cad>
          </ns3:TrackPointExtension>
        </extensions>
      </trkpt>
      <trkpt lat="31.96159833110868930816650390625" lon="118.6899810098111629486083984375">
        <ele>9.80000019073486328125</ele>
        <time>2026-08-14T11:51:25.000Z</time>
        <extensions>
          <ns3:TrackPointExtension>
            <ns3:hr>107</ns3:hr>
            <ns3:cad>61</ns3:cad>
          </ns3:TrackPointExtension>
        </extensions>
      </trkpt>
      <trkpt lat="31.9616021029651165008544921875" lon="118.6899622343480587005615234375">
        <ele>10</ele>
        <time>2026-08-14T11:51:26.000Z</time>
        <extensions>
          <ns3:TrackPointExtension>
            <ns3:hr>107</ns3:hr>
            <ns3:cad>61</ns3:cad>
          </ns3:TrackPointExtension>
        </extensions>
      </trkpt>
      <trkpt lat="31.96160470135509967803955078125" lon="118.68994220159947872161865234375">
        <ele>10</ele>
        <time>2026-08-14T11:51:27.000Z</time>
        <extensions>
          <ns3:TrackPointExtension>
            <ns3:hr>108</ns3:hr>
            <ns3:cad>61</ns3:cad>
          </ns3:TrackPointExtension>
        </extensions>
      </trkpt>
      <trkpt lat="31.9616071321070194244384765625" lon="118.68991755880415439605712890625">
        <ele>9.80000019073486328125</ele>
        <time>2026-08-14T11:51:28.000Z</time>
        <extensions>
          <ns3:TrackPointExtension>
            <ns3:hr>108</ns3:hr>
            <ns3:cad>88</ns3:cad>
          </ns3:TrackPointExtension>
        </extensions>
      </trkpt>
      <trkpt lat="31.96161358617246150970458984375" lon="118.68989073671400547027587890625">
        <ele>9.80000019073486328125</ele>
        <time>2026-08-14T11:51:29.000Z</time>
        <extensions>
          <ns3:TrackPointExtension>
            <ns3:hr>109</ns3:hr>
            <ns3:cad>88</ns3:cad>
          </ns3:TrackPointExtension>
        </extensions>
      </trkpt>
      <trkpt lat="31.96161475963890552520751953125" lon="118.68986316025257110595703125">
        <ele>9.80000019073486328125</ele>
        <time>2026-08-14T11:51:30.000Z</time>
        <extensions>
          <ns3:TrackPointExtension>
            <ns3:hr>109</ns3:hr>
            <ns3:cad>86</ns3:cad>
          </ns3:TrackPointExtension>
        </extensions>
      </trkpt>
      <trkpt lat="31.96162414737045764923095703125" lon="118.68983306922018527984619140625">
        <ele>9.6000003814697265625</ele>
        <time>2026-08-14T11:51:31.000Z</time>
        <extensions>
          <ns3:TrackPointExtension>
            <ns3:hr>109</ns3:hr>
            <ns3:cad>86</ns3:cad>
          </ns3:TrackPointExtension>
        </extensions>
      </trkpt>
      <trkpt lat="31.96162347681820392608642578125" lon="118.6898101866245269775390625">
        <ele>9.6000003814697265625</ele>
        <time>2026-08-14T11:51:32.000Z</time>
        <extensions>
          <ns3:TrackPointExtension>
            <ns3:hr>110</ns3:hr>
            <ns3:cad>87</ns3:cad>
          </ns3:TrackPointExtension>
        </extensions>
      </trkpt>
      <trkpt lat="31.9616259075701236724853515625" lon="118.68977959267795085906982421875">
        <ele>9.6000003814697265625</ele>
        <time>2026-08-14T11:51:33.000Z</time>
        <extensions>
          <ns3:TrackPointExtension>
            <ns3:hr>110</ns3:hr>
            <ns3:cad>87</ns3:cad>
          </ns3:TrackPointExtension>
        </extensions>
      </trkpt>
      <trkpt lat="31.96162196807563304901123046875" lon="118.689760901033878326416015625">
        <ele>9.6000003814697265625</ele>
        <time>2026-08-14T11:51:34.000Z</time>
        <extensions>
          <ns3:TrackPointExtension>
            <ns3:hr>111</ns3:hr>
            <ns3:cad>87</ns3:cad>
          </ns3:TrackPointExtension>
        </extensions>
      </trkpt>
      <trkpt lat="31.961628086864948272705078125" lon="118.6897308938205242156982421875">
        <ele>9.6000003814697265625</ele>
        <time>2026-08-14T11:51:35.000Z</time>
        <extensions>
          <ns3:TrackPointExtension>
            <ns3:hr>112</ns3:hr>
            <ns3:cad>87</ns3:cad>
          </ns3:TrackPointExtension>
        </extensions>
      </trkpt>
      <trkpt lat="31.9616262428462505340576171875" lon="118.689709603786468505859375">
        <ele>9.6000003814697265625</ele>
        <time>2026-08-14T11:51:36.000Z</time>
        <extensions>
          <ns3:TrackPointExtension>
            <ns3:hr>112</ns3:hr>
            <ns3:cad>87</ns3:cad>
          </ns3:TrackPointExtension>
        </extensions>
      </trkpt>
      <trkpt lat="31.961634121835231781005859375" lon="118.6896787583827972412109375">
        <ele>9.6000003814697265625</ele>
        <time>2026-08-14T11:51:37.000Z</time>
        <extensions>
          <ns3:TrackPointExtension>
            <ns3:hr>112</ns3:hr>
            <ns3:cad>89</ns3:cad>
          </ns3:TrackPointExtension>
        </extensions>
      </trkpt>
      <trkpt lat="31.9616322778165340423583984375" lon="118.68965931236743927001953125">
        <ele>9.6000003814697265625</ele>
        <time>2026-08-14T11:51:38.000Z</time>
        <extensions>
          <ns3:TrackPointExtension>
            <ns3:hr>113</ns3:hr>
            <ns3:cad>89</ns3:cad>
          </ns3:TrackPointExtension>
        </extensions>
      </trkpt>
      <trkpt lat="31.9616379775106906890869140625" lon="118.68963073007762432098388671875">
        <ele>9.6000003814697265625</ele>
        <time>2026-08-14T11:51:39.000Z</time>
        <extensions>
          <ns3:TrackPointExtension>
            <ns3:hr>113</ns3:hr>
            <ns3:cad>89</ns3:cad>
          </ns3:TrackPointExtension>
        </extensions>
      </trkpt>
      <trkpt lat="31.9616359658539295196533203125" lon="118.68961128406226634979248046875">
        <ele>9.6000003814697265625</ele>
        <time>2026-08-14T11:51:40.000Z</time>
        <extensions>
          <ns3:TrackPointExtension>
            <ns3:hr>113</ns3:hr>
            <ns3:cad>89</ns3:cad>
          </ns3:TrackPointExtension>
        </extensions>
      </trkpt>
      <trkpt lat="31.9616336189210414886474609375" lon="118.68958295322954654693603515625">
        <ele>9.6000003814697265625</ele>
        <time>2026-08-14T11:51:41.000Z</time>
        <extensions>
          <ns3:TrackPointExtension>
            <ns3:hr>113</ns3:hr>
            <ns3:cad>89</ns3:cad>
          </ns3:TrackPointExtension>
        </extensions>
      </trkpt>
      <trkpt lat="31.961635462939739227294921875" lon="118.689564764499664306640625">
        <ele>9.6000003814697265625</ele>
        <time>2026-08-14T11:51:42.000Z</time>
        <extensions>
          <ns3:TrackPointExtension>
            <ns3:hr>113</ns3:hr>
            <ns3:cad>89</ns3:cad>
          </ns3:TrackPointExtension>
        </extensions>
      </trkpt>
      <trkpt lat="31.961642168462276458740234375" lon="118.689544983208179473876953125">
        <ele>9.6000003814697265625</ele>
        <time>2026-08-14T11:51:43.000Z</time>
        <extensions>
          <ns3:TrackPointExtension>
            <ns3:hr>113</ns3:hr>
            <ns3:cad>88</ns3:cad>
          </ns3:TrackPointExtension>
        </extensions>
      </trkpt>
      <trkpt lat="31.96165348403155803680419921875" lon="118.689524196088314056396484375">
        <ele>9.6000003814697265625</ele>
        <time>2026-08-14T11:51:44.000Z</time>
        <extensions>
          <ns3:TrackPointExtension>
            <ns3:hr>113</ns3:hr>
            <ns3:cad>88</ns3:cad>
          </ns3:TrackPointExtension>
        </extensions>
      </trkpt>
      <trkpt lat="31.9616601057350635528564453125" lon="118.689502067863941192626953125">
        <ele>9.6000003814697265625</ele>
        <time>2026-08-14T11:51:45.000Z</time>
        <extensions>
          <ns3:TrackPointExtension>
            <ns3:hr>113</ns3:hr>
            <ns3:cad>88</ns3:cad>
          </ns3:TrackPointExtension>
        </extensions>
      </trkpt>
      <trkpt lat="31.961666978895664215087890625" lon="118.689478598535060882568359375">
        <ele>9.6000003814697265625</ele>
        <time>2026-08-14T11:51:46.000Z</time>
        <extensions>
          <ns3:TrackPointExtension>
            <ns3:hr>113</ns3:hr>
            <ns3:cad>88</ns3:cad>
          </ns3:TrackPointExtension>
        </extensions>
      </trkpt>
      <trkpt lat="31.96167360059916973114013671875" lon="118.68945705704391002655029296875">
        <ele>9.6000003814697265625</ele>
        <time>2026-08-14T11:51:47.000Z</time>
        <extensions>
          <ns3:TrackPointExtension>
            <ns3:hr>114</ns3:hr>
            <ns3:cad>88</ns3:cad>
          </ns3:TrackPointExtension>
        </extensions>
      </trkpt>
      <trkpt lat="31.96168198250234127044677734375" lon="118.6894298158586025238037109375">
        <ele>9.6000003814697265625</ele>
        <time>2026-08-14T11:51:48.000Z</time>
        <extensions>
          <ns3:TrackPointExtension>
            <ns3:hr>114</ns3:hr>
            <ns3:cad>88</ns3:cad>
          </ns3:TrackPointExtension>
        </extensions>
      </trkpt>
      <trkpt lat="31.961683072149753570556640625" lon="118.68940525688230991363525390625">
        <ele>9.6000003814697265625</ele>
        <time>2026-08-14T11:51:49.000Z</time>
        <extensions>
          <ns3:TrackPointExtension>
            <ns3:hr>115</ns3:hr>
            <ns3:cad>88</ns3:cad>
          </ns3:TrackPointExtension>
        </extensions>
      </trkpt>
      <trkpt lat="31.96169053204357624053955078125" lon="118.689380027353763580322265625">
        <ele>9.6000003814697265625</ele>
        <time>2026-08-14T11:51:50.000Z</time>
        <extensions>
          <ns3:TrackPointExtension>
            <ns3:hr>115</ns3:hr>
            <ns3:cad>88</ns3:cad>
          </ns3:TrackPointExtension>
        </extensions>
      </trkpt>
      <trkpt lat="31.96169103495776653289794921875" lon="118.6893594078719615936279296875">
        <ele>9.6000003814697265625</ele>
        <time>2026-08-14T11:51:51.000Z</time>
        <extensions>
          <ns3:TrackPointExtension>
            <ns3:hr>115</ns3:hr>
            <ns3:cad>88</ns3:cad>
          </ns3:TrackPointExtension>
        </extensions>
      </trkpt>
      <trkpt lat="31.96169690228998661041259765625" lon="118.6893335916101932525634765625">
        <ele>9.6000003814697265625</ele>
        <time>2026-08-14T11:51:52.000Z</time>
        <extensions>
          <ns3:TrackPointExtension>
            <ns3:hr>117</ns3:hr>
            <ns3:cad>88</ns3:cad>
          </ns3:TrackPointExtension>
        </extensions>
      </trkpt>
      <trkpt lat="31.961699165403842926025390625" lon="118.689309619367122650146484375">
        <ele>9.80000019073486328125</ele>
        <time>2026-08-14T11:51:53.000Z</time>
        <extensions>
          <ns3:TrackPointExtension>
            <ns3:hr>117</ns3:hr>
            <ns3:cad>88</ns3:cad>
          </ns3:TrackPointExtension>
        </extensions>
      </trkpt>
      <trkpt lat="31.96170494891703128814697265625" lon="118.68928673677146434783935546875">
        <ele>9.80000019073486328125</ele>
        <time>2026-08-14T11:51:54.000Z</time>
        <extensions>
          <ns3:TrackPointExtension>
            <ns3:hr>118</ns3:hr>
            <ns3:cad>89</ns3:cad>
          </ns3:TrackPointExtension>
        </extensions>
      </trkpt>
      <trkpt lat="31.96170478127896785736083984375" lon="118.689264357089996337890625">
        <ele>10</ele>
        <time>2026-08-14T11:51:55.000Z</time>
        <extensions>
          <ns3:TrackPointExtension>
            <ns3:hr>119</ns3:hr>
            <ns3:cad>89</ns3:cad>
          </ns3:TrackPointExtension>
        </extensions>
      </trkpt>
      <trkpt lat="31.961715258657932281494140625" lon="118.68924180977046489715576171875">
        <ele>10</ele>
        <time>2026-08-14T11:51:56.000Z</time>
        <extensions>
          <ns3:TrackPointExtension>
            <ns3:hr>119</ns3:hr>
            <ns3:cad>89</ns3:cad>
          </ns3:TrackPointExtension>
        </extensions>
      </trkpt>
      <trkpt lat="31.9617181085050106048583984375" lon="118.68922739289700984954833984375">
        <ele>9.80000019073486328125</ele>
        <time>2026-08-14T11:51:57.000Z</time>
        <extensions>
          <ns3:TrackPointExtension>
            <ns3:hr>119</ns3:hr>
            <ns3:cad>88</ns3:cad>
          </ns3:TrackPointExtension>
        </extensions>
      </trkpt>
      <trkpt lat="31.9617261551320552825927734375" lon="118.689204342663288116455078125">
        <ele>9.80000019073486328125</ele>
        <time>2026-08-14T11:51:58.000Z</time>
        <extensions>
          <ns3:TrackPointExtension>
            <ns3:hr>120</ns3:hr>
            <ns3:cad>88</ns3:cad>
          </ns3:TrackPointExtension>
        </extensions>
      </trkpt>
      <trkpt lat="31.96173076517879962921142578125" lon="118.68918430991470813751220703125">
        <ele>9.6000003814697265625</ele>
        <time>2026-08-14T11:51:59.000Z</time>
        <extensions>
          <ns3:TrackPointExtension>
            <ns3:hr>120</ns3:hr>
            <ns3:cad>87</ns3:cad>
          </ns3:TrackPointExtension>
        </extensions>
      </trkpt>
      <trkpt lat="31.96173311211168766021728515625" lon="118.68916301988065242767333984375">
        <ele>9.6000003814697265625</ele>
        <time>2026-08-14T11:52:00.000Z</time>
        <extensions>
          <ns3:TrackPointExtension>
            <ns3:hr>121</ns3:hr>
            <ns3:cad>87</ns3:cad>
          </ns3:TrackPointExtension>
        </extensions>
      </trkpt>
      <trkpt lat="31.9617335312068462371826171875" lon="118.6891398020088672637939453125">
        <ele>9.6000003814697265625</ele>
        <time>2026-08-14T11:52:01.000Z</time>
        <extensions>
          <ns3:TrackPointExtension>
            <ns3:hr>122</ns3:hr>
            <ns3:cad>87</ns3:cad>
          </ns3:TrackPointExtension>
        </extensions>
      </trkpt>
      <trkpt lat="31.961732693016529083251953125" lon="118.6891186796128749847412109375">
        <ele>9.6000003814697265625</ele>
        <time>2026-08-14T11:52:02.000Z</time>
        <extensions>
          <ns3:TrackPointExtension>
            <ns3:hr>122</ns3:hr>
            <ns3:cad>87</ns3:cad>
          </ns3:TrackPointExtension>
        </extensions>
      </trkpt>
      <trkpt lat="31.96174082346260547637939453125" lon="118.68910250253975391387939453125">
        <ele>9.6000003814697265625</ele>
        <time>2026-08-14T11:52:03.000Z</time>
        <extensions>
          <ns3:TrackPointExtension>
            <ns3:hr>123</ns3:hr>
            <ns3:cad>87</ns3:cad>
          </ns3:TrackPointExtension>
        </extensions>
      </trkpt>
      <trkpt lat="31.96174509823322296142578125" lon="118.68908557109534740447998046875">
        <ele>9.6000003814697265625</ele>
        <time>2026-08-14T11:52:04.000Z</time>
        <extensions>
          <ns3:TrackPointExtension>
            <ns3:hr>123</ns3:hr>
            <ns3:cad>88</ns3:cad>
          </ns3:TrackPointExtension>
        </extensions>
      </trkpt>
      <trkpt lat="31.96175104938447475433349609375" lon="118.68906528688967227935791015625">
        <ele>9.3999996185302734375</ele>
        <time>2026-08-14T11:52:05.000Z</time>
        <extensions>
          <ns3:TrackPointExtension>
            <ns3:hr>124</ns3:hr>
            <ns3:cad>87</ns3:cad>
          </ns3:TrackPointExtension>
        </extensions>
      </trkpt>
      <trkpt lat="31.96175054647028446197509765625" lon="118.68904248811304569244384765625">
        <ele>9.3999996185302734375</ele>
        <time>2026-08-14T11:52:06.000Z</time>
        <extensions>
          <ns3:TrackPointExtension>
            <ns3:hr>124</ns3:hr>
            <ns3:cad>88</ns3:cad>
          </ns3:TrackPointExtension>
        </extensions>
      </trkpt>
      <trkpt lat="31.961758174002170562744140625" lon="118.68902069516479969024658203125">
        <ele>9.3999996185302734375</ele>
        <time>2026-08-14T11:52:07.000Z</time>
        <extensions>
          <ns3:TrackPointExtension>
            <ns3:hr>125</ns3:hr>
            <ns3:cad>88</ns3:cad>
          </ns3:TrackPointExtension>
        </extensions>
      </trkpt>
      <trkpt lat="31.96175985038280487060546875" lon="118.68900041095912456512451171875">
        <ele>9.6000003814697265625</ele>
        <time>2026-08-14T11:52:08.000Z</time>
        <extensions>
          <ns3:TrackPointExtension>
            <ns3:hr>126</ns3:hr>
            <ns3:cad>88</ns3:cad>
          </ns3:TrackPointExtension>
        </extensions>
      </trkpt>
      <trkpt lat="31.96176848374307155609130859375" lon="118.68897610343992710113525390625">
        <ele>9.6000003814697265625</ele>
        <time>2026-08-14T11:52:09.000Z</time>
        <extensions>
          <ns3:TrackPointExtension>
            <ns3:hr>126</ns3:hr>
            <ns3:cad>89</ns3:cad>
          </ns3:TrackPointExtension>
        </extensions>
      </trkpt>
      <trkpt lat="31.96177049539983272552490234375" lon="118.68895498104393482208251953125">
        <ele>9.3999996185302734375</ele>
        <time>2026-08-14T11:52:10.000Z</time>
        <extensions>
          <ns3:TrackPointExtension>
            <ns3:hr>126</ns3:hr>
            <ns3:cad>89</ns3:cad>
          </ns3:TrackPointExtension>
        </extensions>
      </trkpt>
      <trkpt lat="31.961777620017528533935546875" lon="118.688929416239261627197265625">
        <ele>9.3999996185302734375</ele>
        <time>2026-08-14T11:52:11.000Z</time>
        <extensions>
          <ns3:TrackPointExtension>
            <ns3:hr>126</ns3:hr>
            <ns3:cad>89</ns3:cad>
          </ns3:TrackPointExtension>
        </extensions>
      </trkpt>
      <trkpt lat="31.96177837438881397247314453125" lon="118.688912652432918548583984375">
        <ele>9.3999996185302734375</ele>
        <time>2026-08-14T11:52:12.000Z</time>
        <extensions>
          <ns3:TrackPointExtension>
            <ns3:hr>127</ns3:hr>
            <ns3:cad>88</ns3:cad>
          </ns3:TrackPointExtension>
        </extensions>
      </trkpt>
      <trkpt lat="31.96178440935909748077392578125" lon="118.68889060802757740020751953125">
        <ele>9.3999996185302734375</ele>
        <time>2026-08-14T11:52:13.000Z</time>
        <extensions>
          <ns3:TrackPointExtension>
            <ns3:hr>127</ns3:hr>
            <ns3:cad>88</ns3:cad>
          </ns3:TrackPointExtension>
        </extensions>
      </trkpt>
      <trkpt lat="31.96178642101585865020751953125" lon="118.68887166492640972137451171875">
        <ele>9.3999996185302734375</ele>
        <time>2026-08-14T11:52:14.000Z</time>
        <extensions>
          <ns3:TrackPointExtension>
            <ns3:hr>127</ns3:hr>
            <ns3:cad>88</ns3:cad>
          </ns3:TrackPointExtension>
        </extensions>
      </trkpt>
      <trkpt lat="31.9617915339767932891845703125" lon="118.68885104544460773468017578125">
        <ele>9.3999996185302734375</ele>
        <time>2026-08-14T11:52:15.000Z</time>
        <extensions>
          <ns3:TrackPointExtension>
            <ns3:hr>127</ns3:hr>
            <ns3:cad>88</ns3:cad>
          </ns3:TrackPointExtension>
        </extensions>
      </trkpt>
      <trkpt lat="31.961795724928379058837890625" lon="118.68883528746664524078369140625">
        <ele>9.6000003814697265625</ele>
        <time>2026-08-14T11:52:16.000Z</time>
        <extensions>
          <ns3:TrackPointExtension>
            <ns3:hr>128</ns3:hr>
            <ns3:cad>89</ns3:cad>
          </ns3:TrackPointExtension>
        </extensions>
      </trkpt>
      <trkpt lat="31.9618029333651065826416015625" lon="118.688812069594860076904296875">
        <ele>9.3999996185302734375</ele>
        <time>2026-08-14T11:52:17.000Z</time>
        <extensions>
          <ns3:TrackPointExtension>
            <ns3:hr>128</ns3:hr>
            <ns3:cad>89</ns3:cad>
          </ns3:TrackPointExtension>
        </extensions>
      </trkpt>
      <trkpt lat="31.9618066214025020599365234375" lon="118.68879589252173900604248046875">
        <ele>9.3999996185302734375</ele>
        <time>2026-08-14T11:52:18.000Z</time>
        <extensions>
          <ns3:TrackPointExtension>
            <ns3:hr>128</ns3:hr>
            <ns3:cad>89</ns3:cad>
          </ns3:TrackPointExtension>
        </extensions>
      </trkpt>
      <trkpt lat="31.961813159286975860595703125" lon="118.68877745233476161956787109375">
        <ele>9.3999996185302734375</ele>
        <time>2026-08-14T11:52:19.000Z</time>
        <extensions>
          <ns3:TrackPointExtension>
            <ns3:hr>128</ns3:hr>
            <ns3:cad>87</ns3:cad>
          </ns3:TrackPointExtension>
        </extensions>
      </trkpt>
      <trkpt lat="31.9618223793804645538330078125" lon="118.68875716812908649444580078125">
        <ele>9.19999980926513671875</ele>
        <time>2026-08-14T11:52:20.000Z</time>
        <extensions>
          <ns3:TrackPointExtension>
            <ns3:hr>128</ns3:hr>
            <ns3:cad>87</ns3:cad>
          </ns3:TrackPointExtension>
        </extensions>
      </trkpt>
      <trkpt lat="31.96182916872203350067138671875" lon="118.6887378059327602386474609375">
        <ele>9.19999980926513671875</ele>
        <time>2026-08-14T11:52:21.000Z</time>
        <extensions>
          <ns3:TrackPointExtension>
            <ns3:hr>129</ns3:hr>
            <ns3:cad>87</ns3:cad>
          </ns3:TrackPointExtension>
        </extensions>
      </trkpt>
      <trkpt lat="31.96183788590133190155029296875" lon="118.68871928192675113677978515625">
        <ele>9.19999980926513671875</ele>
        <time>2026-08-14T11:52:22.000Z</time>
        <extensions>
          <ns3:TrackPointExtension>
            <ns3:hr>129</ns3:hr>
            <ns3:cad>87</ns3:cad>
          </ns3:TrackPointExtension>
        </extensions>
      </trkpt>
      <trkpt lat="31.96183855645358562469482421875" lon="118.68870033882558345794677734375">
        <ele>9.19999980926513671875</ele>
        <time>2026-08-14T11:52:23.000Z</time>
        <extensions>
          <ns3:TrackPointExtension>
            <ns3:hr>129</ns3:hr>
            <ns3:cad>87</ns3:cad>
          </ns3:TrackPointExtension>
        </extensions>
      </trkpt>
      <trkpt lat="31.9618408195674419403076171875" lon="118.6886781267821788787841796875">
        <ele>9.19999980926513671875</ele>
        <time>2026-08-14T11:52:24.000Z</time>
        <extensions>
          <ns3:TrackPointExtension>
            <ns3:hr>129</ns3:hr>
            <ns3:cad>88</ns3:cad>
          </ns3:TrackPointExtension>
        </extensions>
      </trkpt>
      <trkpt lat="31.9618408195674419403076171875" lon="118.68865960277616977691650390625">
        <ele>9.19999980926513671875</ele>
        <time>2026-08-14T11:52:25.000Z</time>
        <extensions>
          <ns3:TrackPointExtension>
            <ns3:hr>129</ns3:hr>
            <ns3:cad>87</ns3:cad>
          </ns3:TrackPointExtension>
        </extensions>
      </trkpt>
      <trkpt lat="31.961849369108676910400390625" lon="118.6886345408856868743896484375">
        <ele>9.19999980926513671875</ele>
        <time>2026-08-14T11:52:26.000Z</time>
        <extensions>
          <ns3:TrackPointExtension>
            <ns3:hr>129</ns3:hr>
            <ns3:cad>88</ns3:cad>
          </ns3:TrackPointExtension>
        </extensions>
      </trkpt>
      <trkpt lat="31.9618492014706134796142578125" lon="118.6886157654225826263427734375">
        <ele>9.19999980926513671875</ele>
        <time>2026-08-14T11:52:27.000Z</time>
        <extensions>
          <ns3:TrackPointExtension>
            <ns3:hr>130</ns3:hr>
            <ns3:cad>88</ns3:cad>
          </ns3:TrackPointExtension>
        </extensions>
      </trkpt>
      <trkpt lat="31.9618525542318820953369140625" lon="118.688588105142116546630859375">
        <ele>9</ele>
        <time>2026-08-14T11:52:28.000Z</time>
        <extensions>
          <ns3:TrackPointExtension>
            <ns3:hr>130</ns3:hr>
            <ns3:cad>88</ns3:cad>
          </ns3:TrackPointExtension>
        </extensions>
      </trkpt>
      <trkpt lat="31.9618515484035015106201171875" lon="118.68856740184128284454345703125">
        <ele>9</ele>
        <time>2026-08-14T11:52:29.000Z</time>
        <extensions>
          <ns3:TrackPointExtension>
            <ns3:hr>130</ns3:hr>
            <ns3:cad>88</ns3:cad>
          </ns3:TrackPointExtension>
        </extensions>
      </trkpt>
      <trkpt lat="31.96185599081218242645263671875" lon="118.68853672407567501068115234375">
        <ele>9</ele>
        <time>2026-08-14T11:52:30.000Z</time>
        <extensions>
          <ns3:TrackPointExtension>
            <ns3:hr>130</ns3:hr>
            <ns3:cad>88</ns3:cad>
          </ns3:TrackPointExtension>
        </extensions>
      </trkpt>
      <trkpt lat="31.9618569128215312957763671875" lon="118.6885178647935390472412109375">
        <ele>9</ele>
        <time>2026-08-14T11:52:31.000Z</time>
        <extensions>
          <ns3:TrackPointExtension>
            <ns3:hr>130</ns3:hr>
            <ns3:cad>88</ns3:cad>
          </ns3:TrackPointExtension>
        </extensions>
      </trkpt>
      <trkpt lat="31.96186655201017856597900390625" lon="118.68848911486566066741943359375">
        <ele>9</ele>
        <time>2026-08-14T11:52:32.000Z</time>
        <extensions>
          <ns3:TrackPointExtension>
            <ns3:hr>131</ns3:hr>
            <ns3:cad>88</ns3:cad>
          </ns3:TrackPointExtension>
        </extensions>
      </trkpt>
      <trkpt lat="31.9618673063814640045166015625" lon="118.6884715966880321502685546875">
        <ele>9</ele>
        <time>2026-08-14T11:52:33.000Z</time>
        <extensions>
          <ns3:TrackPointExtension>
            <ns3:hr>131</ns3:hr>
            <ns3:cad>88</ns3:cad>
          </ns3:TrackPointExtension>
        </extensions>
      </trkpt>
      <trkpt lat="31.96187124587595462799072265625" lon="118.68844318203628063201904296875">
        <ele>9</ele>
        <time>2026-08-14T11:52:34.000Z</time>
        <extensions>
          <ns3:TrackPointExtension>
            <ns3:hr>132</ns3:hr>
            <ns3:cad>89</ns3:cad>
          </ns3:TrackPointExtension>
        </extensions>
      </trkpt>
      <trkpt lat="31.96186956949532032012939453125" lon="118.6884246580302715301513671875">
        <ele>9</ele>
        <time>2026-08-14T11:52:35.000Z</time>
        <extensions>
          <ns3:TrackPointExtension>
            <ns3:hr>132</ns3:hr>
            <ns3:cad>89</ns3:cad>
          </ns3:TrackPointExtension>
        </extensions>
      </trkpt>
      <trkpt lat="31.96187250316143035888671875" lon="118.68839976377785205841064453125">
        <ele>9</ele>
        <time>2026-08-14T11:52:36.000Z</time>
        <extensions>
          <ns3:TrackPointExtension>
            <ns3:hr>133</ns3:hr>
            <ns3:cad>89</ns3:cad>
          </ns3:TrackPointExtension>
        </extensions>
      </trkpt>
      <trkpt lat="31.96187493391335010528564453125" lon="118.68837696500122547149658203125">
        <ele>9</ele>
        <time>2026-08-14T11:52:37.000Z</time>
        <extensions>
          <ns3:TrackPointExtension>
            <ns3:hr>133</ns3:hr>
            <ns3:cad>89</ns3:cad>
          </ns3:TrackPointExtension>
        </extensions>
      </trkpt>
      <trkpt lat="31.96187795139849185943603515625" lon="118.68835265748202800750732421875">
        <ele>9</ele>
        <time>2026-08-14T11:52:38.000Z</time>
        <extensions>
          <ns3:TrackPointExtension>
            <ns3:hr>133</ns3:hr>
            <ns3:cad>88</ns3:cad>
          </ns3:TrackPointExtension>
        </extensions>
      </trkpt>
      <trkpt lat="31.96188390254974365234375" lon="118.68832902051508426666259765625">
        <ele>9</ele>
        <time>2026-08-14T11:52:39.000Z</time>
        <extensions>
          <ns3:TrackPointExtension>
            <ns3:hr>134</ns3:hr>
            <ns3:cad>88</ns3:cad>
          </ns3:TrackPointExtension>
        </extensions>
      </trkpt>
      <trkpt lat="31.9618847407400608062744140625" lon="118.68830722756683826446533203125">
        <ele>9</ele>
        <time>2026-08-14T11:52:40.000Z</time>
        <extensions>
          <ns3:TrackPointExtension>
            <ns3:hr>134</ns3:hr>
            <ns3:cad>88</ns3:cad>
          </ns3:TrackPointExtension>
        </extensions>
      </trkpt>
      <trkpt lat="31.96188993752002716064453125" lon="118.6882845126092433929443359375">
        <ele>9</ele>
        <time>2026-08-14T11:52:41.000Z</time>
        <extensions>
          <ns3:TrackPointExtension>
            <ns3:hr>134</ns3:hr>
            <ns3:cad>88</ns3:cad>
          </ns3:TrackPointExtension>
        </extensions>
      </trkpt>
      <trkpt lat="31.9618890993297100067138671875" lon="118.6882650665938854217529296875">
        <ele>9</ele>
        <time>2026-08-14T11:52:42.000Z</time>
        <extensions>
          <ns3:TrackPointExtension>
            <ns3:hr>134</ns3:hr>
            <ns3:cad>88</ns3:cad>
          </ns3:TrackPointExtension>
        </extensions>
      </trkpt>
      <trkpt lat="31.96189907379448413848876953125" lon="118.68823908269405364990234375">
        <ele>9</ele>
        <time>2026-08-14T11:52:43.000Z</time>
        <extensions>
          <ns3:TrackPointExtension>
            <ns3:hr>135</ns3:hr>
            <ns3:cad>88</ns3:cad>
          </ns3:TrackPointExtension>
        </extensions>
      </trkpt>
      <trkpt lat="31.96189907379448413848876953125" lon="118.688219301402568817138671875">
        <ele>9</ele>
        <time>2026-08-14T11:52:44.000Z</time>
        <extensions>
          <ns3:TrackPointExtension>
            <ns3:hr>135</ns3:hr>
            <ns3:cad>88</ns3:cad>
          </ns3:TrackPointExtension>
        </extensions>
      </trkpt>
      <trkpt lat="31.9619028456509113311767578125" lon="118.6881919763982295989990234375">
        <ele>9</ele>
        <time>2026-08-14T11:52:45.000Z</time>
        <extensions>
          <ns3:TrackPointExtension>
            <ns3:hr>135</ns3:hr>
            <ns3:cad>87</ns3:cad>
          </ns3:TrackPointExtension>
        </extensions>
      </trkpt>
      <trkpt lat="31.96189823560416698455810546875" lon="118.68817110545933246612548828125">
        <ele>9</ele>
        <time>2026-08-14T11:52:46.000Z</time>
        <extensions>
          <ns3:TrackPointExtension>
            <ns3:hr>135</ns3:hr>
            <ns3:cad>87</ns3:cad>
          </ns3:TrackPointExtension>
        </extensions>
      </trkpt>
      <trkpt lat="31.96190242655575275421142578125" lon="118.6881396733224391937255859375">
        <ele>9</ele>
        <time>2026-08-14T11:52:47.000Z</time>
        <extensions>
          <ns3:TrackPointExtension>
            <ns3:hr>135</ns3:hr>
            <ns3:cad>87</ns3:cad>
          </ns3:TrackPointExtension>
        </extensions>
      </trkpt>
      <trkpt lat="31.9619038514792919158935546875" lon="118.6881165392696857452392578125">
        <ele>8.80000019073486328125</ele>
        <time>2026-08-14T11:52:48.000Z</time>
        <extensions>
          <ns3:TrackPointExtension>
            <ns3:hr>136</ns3:hr>
            <ns3:cad>87</ns3:cad>
          </ns3:TrackPointExtension>
        </extensions>
      </trkpt>
      <trkpt lat="31.9619085453450679779052734375" lon="118.688089549541473388671875">
        <ele>8.80000019073486328125</ele>
        <time>2026-08-14T11:52:49.000Z</time>
        <extensions>
          <ns3:TrackPointExtension>
            <ns3:hr>136</ns3:hr>
            <ns3:cad>87</ns3:cad>
          </ns3:TrackPointExtension>
        </extensions>
      </trkpt>
      <trkpt lat="31.9619093835353851318359375" lon="118.68806733749806880950927734375">
        <ele>8.80000019073486328125</ele>
        <time>2026-08-14T11:52:50.000Z</time>
        <extensions>
          <ns3:TrackPointExtension>
            <ns3:hr>136</ns3:hr>
            <ns3:cad>88</ns3:cad>
          </ns3:TrackPointExtension>
        </extensions>
      </trkpt>
      <trkpt lat="31.96191298775374889373779296875" lon="118.68804152123630046844482421875">
        <ele>8.80000019073486328125</ele>
        <time>2026-08-14T11:52:51.000Z</time>
        <extensions>
          <ns3:TrackPointExtension>
            <ns3:hr>137</ns3:hr>
            <ns3:cad>87</ns3:cad>
          </ns3:TrackPointExtension>
        </extensions>
      </trkpt>
      <trkpt lat="31.9619152508676052093505859375" lon="118.68801914155483245849609375">
        <ele>8.80000019073486328125</ele>
        <time>2026-08-14T11:52:52.000Z</time>
        <extensions>
          <ns3:TrackPointExtension>
            <ns3:hr>137</ns3:hr>
            <ns3:cad>87</ns3:cad>
          </ns3:TrackPointExtension>
        </extensions>
      </trkpt>
      <trkpt lat="31.961916424334049224853515625" lon="118.68799391202628612518310546875">
        <ele>8.80000019073486328125</ele>
        <time>2026-08-14T11:52:53.000Z</time>
        <extensions>
          <ns3:TrackPointExtension>
            <ns3:hr>137</ns3:hr>
            <ns3:cad>87</ns3:cad>
          </ns3:TrackPointExtension>
        </extensions>
      </trkpt>
      <trkpt lat="31.9619196094572544097900390625" lon="118.68797463364899158477783203125">
        <ele>8.80000019073486328125</ele>
        <time>2026-08-14T11:52:54.000Z</time>
        <extensions>
          <ns3:TrackPointExtension>
            <ns3:hr>138</ns3:hr>
            <ns3:cad>87</ns3:cad>
          </ns3:TrackPointExtension>
        </extensions>
      </trkpt>
      <trkpt lat="31.96191986091434955596923828125" lon="118.6879519186913967132568359375">
        <ele>8.80000019073486328125</ele>
        <time>2026-08-14T11:52:55.000Z</time>
        <extensions>
          <ns3:TrackPointExtension>
            <ns3:hr>138</ns3:hr>
            <ns3:cad>88</ns3:cad>
          </ns3:TrackPointExtension>
        </extensions>
      </trkpt>
      <trkpt lat="31.96192723698914051055908203125" lon="118.68792735971510410308837890625">
        <ele>8.80000019073486328125</ele>
        <time>2026-08-14T11:52:56.000Z</time>
        <extensions>
          <ns3:TrackPointExtension>
            <ns3:hr>138</ns3:hr>
            <ns3:cad>89</ns3:cad>
          </ns3:TrackPointExtension>
        </extensions>
      </trkpt>
      <trkpt lat="31.96193243376910686492919921875" lon="118.68790942244231700897216796875">
        <ele>8.80000019073486328125</ele>
        <time>2026-08-14T11:52:57.000Z</time>
        <extensions>
          <ns3:TrackPointExtension>
            <ns3:hr>139</ns3:hr>
            <ns3:cad>89</ns3:cad>
          </ns3:TrackPointExtension>
        </extensions>
      </trkpt>
      <trkpt lat="31.96194433607161045074462890625" lon="118.6878872103989124298095703125">
        <ele>8.80000019073486328125</ele>
        <time>2026-08-14T11:52:58.000Z</time>
        <extensions>
          <ns3:TrackPointExtension>
            <ns3:hr>139</ns3:hr>
            <ns3:cad>87</ns3:cad>
          </ns3:TrackPointExtension>
        </extensions>
      </trkpt>
      <trkpt lat="31.9619454257190227508544921875" lon="118.6878721229732036590576171875">
        <ele>8.80000019073486328125</ele>
        <time>2026-08-14T11:52:59.000Z</time>
        <extensions>
          <ns3:TrackPointExtension>
            <ns3:hr>139</ns3:hr>
            <ns3:cad>87</ns3:cad>
          </ns3:TrackPointExtension>
        </extensions>
      </trkpt>
      <trkpt lat="31.961953304708003997802734375" lon="118.68784303776919841766357421875">
        <ele>8.80000019073486328125</ele>
        <time>2026-08-14T11:53:00.000Z</time>
        <extensions>
          <ns3:TrackPointExtension>
            <ns3:hr>140</ns3:hr>
            <ns3:cad>87</ns3:cad>
          </ns3:TrackPointExtension>
        </extensions>
      </trkpt>
      <trkpt lat="31.96195489726960659027099609375" lon="118.68782392702996730804443359375">
        <ele>8.80000019073486328125</ele>
        <time>2026-08-14T11:53:01.000Z</time>
        <extensions>
          <ns3:TrackPointExtension>
            <ns3:hr>140</ns3:hr>
            <ns3:cad>87</ns3:cad>
          </ns3:TrackPointExtension>
        </extensions>
      </trkpt>
      <trkpt lat="31.96196059696376323699951171875" lon="118.68779459036886692047119140625">
        <ele>8.80000019073486328125</ele>
        <time>2026-08-14T11:53:02.000Z</time>
        <extensions>
          <ns3:TrackPointExtension>
            <ns3:hr>140</ns3:hr>
            <ns3:cad>87</ns3:cad>
          </ns3:TrackPointExtension>
        </extensions>
      </trkpt>
      <trkpt lat="31.9619605131447315216064453125" lon="118.6877770721912384033203125">
        <ele>8.80000019073486328125</ele>
        <time>2026-08-14T11:53:03.000Z</time>
        <extensions>
          <ns3:TrackPointExtension>
            <ns3:hr>140</ns3:hr>
            <ns3:cad>87</ns3:cad>
          </ns3:TrackPointExtension>
        </extensions>
      </trkpt>
      <trkpt lat="31.96196529082953929901123046875" lon="118.687755279242992401123046875">
        <ele>8.80000019073486328125</ele>
        <time>2026-08-14T11:53:04.000Z</time>
        <extensions>
          <ns3:TrackPointExtension>
            <ns3:hr>140</ns3:hr>
            <ns3:cad>87</ns3:cad>
          </ns3:TrackPointExtension>
        </extensions>
      </trkpt>
      <trkpt lat="31.96196730248630046844482421875" lon="118.687738515436649322509765625">
        <ele>8.6000003814697265625</ele>
        <time>2026-08-14T11:53:05.000Z</time>
        <extensions>
          <ns3:TrackPointExtension>
            <ns3:hr>140</ns3:hr>
            <ns3:cad>88</ns3:cad>
          </ns3:TrackPointExtension>
        </extensions>
      </trkpt>
      <trkpt lat="31.96197048760950565338134765625" lon="118.6877145431935787200927734375">
        <ele>8.6000003814697265625</ele>
        <time>2026-08-14T11:53:06.000Z</time>
        <extensions>
          <ns3:TrackPointExtension>
            <ns3:hr>140</ns3:hr>
            <ns3:cad>88</ns3:cad>
          </ns3:TrackPointExtension>
        </extensions>
      </trkpt>
      <trkpt lat="31.9619699008762836456298828125" lon="118.6876952648162841796875">
        <ele>8.6000003814697265625</ele>
        <time>2026-08-14T11:53:07.000Z</time>
        <extensions>
          <ns3:TrackPointExtension>
            <ns3:hr>141</ns3:hr>
            <ns3:cad>88</ns3:cad>
          </ns3:TrackPointExtension>
        </extensions>
      </trkpt>
      <trkpt lat="31.9619712419807910919189453125" lon="118.68767120875418186187744140625">
        <ele>8.6000003814697265625</ele>
        <time>2026-08-14T11:53:08.000Z</time>
        <extensions>
          <ns3:TrackPointExtension>
            <ns3:hr>141</ns3:hr>
            <ns3:cad>88</ns3:cad>
          </ns3:TrackPointExtension>
        </extensions>
      </trkpt>
      <trkpt lat="31.96197710931301116943359375" lon="118.68764941580593585968017578125">
        <ele>8.6000003814697265625</ele>
        <time>2026-08-14T11:53:09.000Z</time>
        <extensions>
          <ns3:TrackPointExtension>
            <ns3:hr>141</ns3:hr>
            <ns3:cad>89</ns3:cad>
          </ns3:TrackPointExtension>
        </extensions>
      </trkpt>
      <trkpt lat="31.96198004297912120819091796875" lon="118.68762611411511898040771484375">
        <ele>8.6000003814697265625</ele>
        <time>2026-08-14T11:53:10.000Z</time>
        <extensions>
          <ns3:TrackPointExtension>
            <ns3:hr>141</ns3:hr>
            <ns3:cad>89</ns3:cad>
          </ns3:TrackPointExtension>
        </extensions>
      </trkpt>
      <trkpt lat="31.9619863294064998626708984375" lon="118.68760247714817523956298828125">
        <ele>8.6000003814697265625</ele>
        <time>2026-08-14T11:53:11.000Z</time>
        <extensions>
          <ns3:TrackPointExtension>
            <ns3:hr>141</ns3:hr>
            <ns3:cad>89</ns3:cad>
          </ns3:TrackPointExtension>
        </extensions>
      </trkpt>
      <trkpt lat="31.9619886763393878936767578125" lon="118.68757917545735836029052734375">
        <ele>8.6000003814697265625</ele>
        <time>2026-08-14T11:53:12.000Z</time>
        <extensions>
          <ns3:TrackPointExtension>
            <ns3:hr>141</ns3:hr>
            <ns3:cad>89</ns3:cad>
          </ns3:TrackPointExtension>
        </extensions>
      </trkpt>
      <trkpt lat="31.9619950465857982635498046875" lon="118.6875562928617000579833984375">
        <ele>8.6000003814697265625</ele>
        <time>2026-08-14T11:53:13.000Z</time>
        <extensions>
          <ns3:TrackPointExtension>
            <ns3:hr>141</ns3:hr>
            <ns3:cad>89</ns3:cad>
          </ns3:TrackPointExtension>
        </extensions>
      </trkpt>
      <trkpt lat="31.96199714206159114837646484375" lon="118.68753709830343723297119140625">
        <ele>8.6000003814697265625</ele>
        <time>2026-08-14T11:53:14.000Z</time>
        <extensions>
          <ns3:TrackPointExtension>
            <ns3:hr>141</ns3:hr>
            <ns3:cad>89</ns3:cad>
          </ns3:TrackPointExtension>
        </extensions>
      </trkpt>
      <trkpt lat="31.9620057754218578338623046875" lon="118.68751530535519123077392578125">
        <ele>8.6000003814697265625</ele>
        <time>2026-08-14T11:53:15.000Z</time>
        <extensions>
          <ns3:TrackPointExtension>
            <ns3:hr>140</ns3:hr>
            <ns3:cad>88</ns3:cad>
          </ns3:TrackPointExtension>
        </extensions>
      </trkpt>
      <trkpt lat="31.9620077870786190032958984375" lon="118.68749678134918212890625">
        <ele>8.6000003814697265625</ele>
        <time>2026-08-14T11:53:16.000Z</time>
        <extensions>
          <ns3:TrackPointExtension>
            <ns3:hr>141</ns3:hr>
            <ns3:cad>88</ns3:cad>
          </ns3:TrackPointExtension>
        </extensions>
      </trkpt>
      <trkpt lat="31.96201491169631481170654296875" lon="118.6874707974493503570556640625">
        <ele>8.6000003814697265625</ele>
        <time>2026-08-14T11:53:17.000Z</time>
        <extensions>
          <ns3:TrackPointExtension>
            <ns3:hr>141</ns3:hr>
            <ns3:cad>88</ns3:cad>
          </ns3:TrackPointExtension>
        </extensions>
      </trkpt>
      <trkpt lat="31.96201407350599765777587890625" lon="118.68745386600494384765625">
        <ele>8.6000003814697265625</ele>
        <time>2026-08-14T11:53:18.000Z</time>
        <extensions>
          <ns3:TrackPointExtension>
            <ns3:hr>141</ns3:hr>
            <ns3:cad>88</ns3:cad>
          </ns3:TrackPointExtension>
        </extensions>
      </trkpt>
      <trkpt lat="31.96201893500983715057373046875" lon="118.68742746300995349884033203125">
        <ele>8.6000003814697265625</ele>
        <time>2026-08-14T11:53:19.000Z</time>
        <extensions>
          <ns3:TrackPointExtension>
            <ns3:hr>141</ns3:hr>
            <ns3:cad>88</ns3:cad>
          </ns3:TrackPointExtension>
        </extensions>
      </trkpt>
      <trkpt lat="31.962017007172107696533203125" lon="118.68741136975586414337158203125">
        <ele>8.6000003814697265625</ele>
        <time>2026-08-14T11:53:20.000Z</time>
        <extensions>
          <ns3:TrackPointExtension>
            <ns3:hr>142</ns3:hr>
            <ns3:cad>87</ns3:cad>
          </ns3:TrackPointExtension>
        </extensions>
      </trkpt>
      <trkpt lat="31.9620218686759471893310546875" lon="118.68738722987473011016845703125">
        <ele>8.6000003814697265625</ele>
        <time>2026-08-14T11:53:21.000Z</time>
        <extensions>
          <ns3:TrackPointExtension>
            <ns3:hr>142</ns3:hr>
            <ns3:cad>88</ns3:cad>
          </ns3:TrackPointExtension>
        </extensions>
      </trkpt>
      <trkpt lat="31.962023042142391204833984375" lon="118.68737197481095790863037109375">
        <ele>8.6000003814697265625</ele>
        <time>2026-08-14T11:53:22.000Z</time>
        <extensions>
          <ns3:TrackPointExtension>
            <ns3:hr>142</ns3:hr>
            <ns3:cad>88</ns3:cad>
          </ns3:TrackPointExtension>
        </extensions>
      </trkpt>
      <trkpt lat="31.96202932856976985931396484375" lon="118.68734657764434814453125">
        <ele>8.6000003814697265625</ele>
        <time>2026-08-14T11:53:23.000Z</time>
        <extensions>
          <ns3:TrackPointExtension>
            <ns3:hr>142</ns3:hr>
            <ns3:cad>88</ns3:cad>
          </ns3:TrackPointExtension>
        </extensions>
      </trkpt>
      <trkpt lat="31.9620352797210216522216796875" lon="118.68732755072414875030517578125">
        <ele>8.6000003814697265625</ele>
        <time>2026-08-14T11:53:24.000Z</time>
        <extensions>
          <ns3:TrackPointExtension>
            <ns3:hr>142</ns3:hr>
            <ns3:cad>88</ns3:cad>
          </ns3:TrackPointExtension>
        </extensions>
      </trkpt>
      <trkpt lat="31.96204148232936859130859375" lon="118.68730324320495128631591796875">
        <ele>8.6000003814697265625</ele>
        <time>2026-08-14T11:53:25.000Z</time>
        <extensions>
          <ns3:TrackPointExtension>
            <ns3:hr>142</ns3:hr>
            <ns3:cad>89</ns3:cad>
          </ns3:TrackPointExtension>
        </extensions>
      </trkpt>
      <trkpt lat="31.9620466791093349456787109375" lon="118.68728446774184703826904296875">
        <ele>8.6000003814697265625</ele>
        <time>2026-08-14T11:53:26.000Z</time>
        <extensions>
          <ns3:TrackPointExtension>
            <ns3:hr>143</ns3:hr>
            <ns3:cad>89</ns3:cad>
          </ns3:TrackPointExtension>
        </extensions>
      </trkpt>
      <trkpt lat="31.96205162443220615386962890625" lon="118.68726401589810848236083984375">
        <ele>8.6000003814697265625</ele>
        <time>2026-08-14T11:53:27.000Z</time>
        <extensions>
          <ns3:TrackPointExtension>
            <ns3:hr>143</ns3:hr>
            <ns3:cad>88</ns3:cad>
          </ns3:TrackPointExtension>
        </extensions>
      </trkpt>
      <trkpt lat="31.9620570726692676544189453125" lon="118.68724104948341846466064453125">
        <ele>8.6000003814697265625</ele>
        <time>2026-08-14T11:53:28.000Z</time>
        <extensions>
          <ns3:TrackPointExtension>
            <ns3:hr>143</ns3:hr>
            <ns3:cad>87</ns3:cad>
          </ns3:TrackPointExtension>
        </extensions>
      </trkpt>
      <trkpt lat="31.96206084452569484710693359375" lon="118.68721942417323589324951171875">
        <ele>8.6000003814697265625</ele>
        <time>2026-08-14T11:53:29.000Z</time>
        <extensions>
          <ns3:TrackPointExtension>
            <ns3:hr>143</ns3:hr>
            <ns3:cad>88</ns3:cad>
          </ns3:TrackPointExtension>
        </extensions>
      </trkpt>
      <trkpt lat="31.96206905879080295562744140625" lon="118.68719712831079959869384765625">
        <ele>8.6000003814697265625</ele>
        <time>2026-08-14T11:53:30.000Z</time>
        <extensions>
          <ns3:TrackPointExtension>
            <ns3:hr>144</ns3:hr>
            <ns3:cad>88</ns3:cad>
          </ns3:TrackPointExtension>
        </extensions>
      </trkpt>
      <trkpt lat="31.9620711542665958404541015625" lon="118.68717533536255359649658203125">
        <ele>8.6000003814697265625</ele>
        <time>2026-08-14T11:53:31.000Z</time>
        <extensions>
          <ns3:TrackPointExtension>
            <ns3:hr>143</ns3:hr>
            <ns3:cad>88</ns3:cad>
          </ns3:TrackPointExtension>
        </extensions>
      </trkpt>
      <trkpt lat="31.96207978762686252593994140625" lon="118.68715010583400726318359375">
        <ele>8.6000003814697265625</ele>
        <time>2026-08-14T11:53:32.000Z</time>
        <extensions>
          <ns3:TrackPointExtension>
            <ns3:hr>143</ns3:hr>
            <ns3:cad>88</ns3:cad>
          </ns3:TrackPointExtension>
        </extensions>
      </trkpt>
      <trkpt lat="31.9620788656175136566162109375" lon="118.68713074363768100738525390625">
        <ele>8.6000003814697265625</ele>
        <time>2026-08-14T11:53:33.000Z</time>
        <extensions>
          <ns3:TrackPointExtension>
            <ns3:hr>143</ns3:hr>
            <ns3:cad>87</ns3:cad>
          </ns3:TrackPointExtension>
        </extensions>
      </trkpt>
      <trkpt lat="31.9620842300355434417724609375" lon="118.6871043406426906585693359375">
        <ele>8.6000003814697265625</ele>
        <time>2026-08-14T11:53:34.000Z</time>
        <extensions>
          <ns3:TrackPointExtension>
            <ns3:hr>144</ns3:hr>
            <ns3:cad>88</ns3:cad>
          </ns3:TrackPointExtension>
        </extensions>
      </trkpt>
      <trkpt lat="31.962082386016845703125" lon="118.6870855651795864105224609375">
        <ele>8.6000003814697265625</ele>
        <time>2026-08-14T11:53:35.000Z</time>
        <extensions>
          <ns3:TrackPointExtension>
            <ns3:hr>143</ns3:hr>
            <ns3:cad>87</ns3:cad>
          </ns3:TrackPointExtension>
        </extensions>
      </trkpt>
      <trkpt lat="31.96208749897778034210205078125" lon="118.6870555579662322998046875">
        <ele>8.6000003814697265625</ele>
        <time>2026-08-14T11:53:36.000Z</time>
        <extensions>
          <ns3:TrackPointExtension>
            <ns3:hr>143</ns3:hr>
            <ns3:cad>88</ns3:cad>
          </ns3:TrackPointExtension>
        </extensions>
      </trkpt>
      <trkpt lat="31.96208707988262176513671875" lon="118.68703544139862060546875">
        <ele>8.6000003814697265625</ele>
        <time>2026-08-14T11:53:37.000Z</time>
        <extensions>
          <ns3:TrackPointExtension>
            <ns3:hr>144</ns3:hr>
            <ns3:cad>88</ns3:cad>
          </ns3:TrackPointExtension>
        </extensions>
      </trkpt>
      <trkpt lat="31.96209244430065155029296875" lon="118.6870074458420276641845703125">
        <ele>8.6000003814697265625</ele>
        <time>2026-08-14T11:53:38.000Z</time>
        <extensions>
          <ns3:TrackPointExtension>
            <ns3:hr>144</ns3:hr>
            <ns3:cad>88</ns3:cad>
          </ns3:TrackPointExtension>
        </extensions>
      </trkpt>
      <trkpt lat="31.96209705434739589691162109375" lon="118.686989843845367431640625">
        <ele>8.6000003814697265625</ele>
        <time>2026-08-14T11:53:39.000Z</time>
        <extensions>
          <ns3:TrackPointExtension>
            <ns3:hr>144</ns3:hr>
            <ns3:cad>88</ns3:cad>
          </ns3:TrackPointExtension>
        </extensions>
      </trkpt>
      <trkpt lat="31.96210292167961597442626953125" lon="118.68696461431682109832763671875">
        <ele>8.6000003814697265625</ele>
        <time>2026-08-14T11:53:40.000Z</time>
        <extensions>
          <ns3:TrackPointExtension>
            <ns3:hr>144</ns3:hr>
            <ns3:cad>87</ns3:cad>
          </ns3:TrackPointExtension>
        </extensions>
      </trkpt>
      <trkpt lat="31.96210526861250400543212890625" lon="118.68694734759628772735595703125">
        <ele>8.6000003814697265625</ele>
        <time>2026-08-14T11:53:41.000Z</time>
        <extensions>
          <ns3:TrackPointExtension>
            <ns3:hr>143</ns3:hr>
            <ns3:cad>88</ns3:cad>
          </ns3:TrackPointExtension>
        </extensions>
      </trkpt>
      <trkpt lat="31.96210862137377262115478515625" lon="118.68692421354353427886962890625">
        <ele>8.6000003814697265625</ele>
        <time>2026-08-14T11:53:42.000Z</time>
        <extensions>
          <ns3:TrackPointExtension>
            <ns3:hr>144</ns3:hr>
            <ns3:cad>88</ns3:cad>
          </ns3:TrackPointExtension>
        </extensions>
      </trkpt>
      <trkpt lat="31.9621105492115020751953125" lon="118.68690602481365203857421875">
        <ele>8.6000003814697265625</ele>
        <time>2026-08-14T11:53:43.000Z</time>
        <extensions>
          <ns3:TrackPointExtension>
            <ns3:hr>144</ns3:hr>
            <ns3:cad>88</ns3:cad>
          </ns3:TrackPointExtension>
        </extensions>
      </trkpt>
      <trkpt lat="31.96211390197277069091796875" lon="118.686881549656391143798828125">
        <ele>8.6000003814697265625</ele>
        <time>2026-08-14T11:53:44.000Z</time>
        <extensions>
          <ns3:TrackPointExtension>
            <ns3:hr>144</ns3:hr>
            <ns3:cad>88</ns3:cad>
          </ns3:TrackPointExtension>
        </extensions>
      </trkpt>
      <trkpt lat="31.96211733855307102203369140625" lon="118.68686034344136714935302734375">
        <ele>8.6000003814697265625</ele>
        <time>2026-08-14T11:53:45.000Z</time>
        <extensions>
          <ns3:TrackPointExtension>
            <ns3:hr>143</ns3:hr>
            <ns3:cad>88</ns3:cad>
          </ns3:TrackPointExtension>
        </extensions>
      </trkpt>
      <trkpt lat="31.96212102659046649932861328125" lon="118.6868347786366939544677734375">
        <ele>8.6000003814697265625</ele>
        <time>2026-08-14T11:53:46.000Z</time>
        <extensions>
          <ns3:TrackPointExtension>
            <ns3:hr>144</ns3:hr>
            <ns3:cad>89</ns3:cad>
          </ns3:TrackPointExtension>
        </extensions>
      </trkpt>
      <trkpt lat="31.962124966084957122802734375" lon="118.68681206367909908294677734375">
        <ele>8.6000003814697265625</ele>
        <time>2026-08-14T11:53:47.000Z</time>
        <extensions>
          <ns3:TrackPointExtension>
            <ns3:hr>144</ns3:hr>
            <ns3:cad>89</ns3:cad>
          </ns3:TrackPointExtension>
        </extensions>
      </trkpt>
      <trkpt lat="31.9621288217604160308837890625" lon="118.6867873370647430419921875">
        <ele>8.6000003814697265625</ele>
        <time>2026-08-14T11:53:48.000Z</time>
        <extensions>
          <ns3:TrackPointExtension>
            <ns3:hr>145</ns3:hr>
            <ns3:cad>89</ns3:cad>
          </ns3:TrackPointExtension>
        </extensions>
      </trkpt>
      <trkpt lat="31.96213401854038238525390625" lon="118.6867658793926239013671875">
        <ele>8.6000003814697265625</ele>
        <time>2026-08-14T11:53:49.000Z</time>
        <extensions>
          <ns3:TrackPointExtension>
            <ns3:hr>145</ns3:hr>
            <ns3:cad>89</ns3:cad>
          </ns3:TrackPointExtension>
        </extensions>
      </trkpt>
      <trkpt lat="31.96213670074939727783203125" lon="118.68674333207309246063232421875">
        <ele>8.6000003814697265625</ele>
        <time>2026-08-14T11:53:50.000Z</time>
        <extensions>
          <ns3:TrackPointExtension>
            <ns3:hr>146</ns3:hr>
            <ns3:cad>89</ns3:cad>
          </ns3:TrackPointExtension>
        </extensions>
      </trkpt>
      <trkpt lat="31.96214131079614162445068359375" lon="118.68671935983002185821533203125">
        <ele>8.6000003814697265625</ele>
        <time>2026-08-14T11:53:51.000Z</time>
        <extensions>
          <ns3:TrackPointExtension>
            <ns3:hr>146</ns3:hr>
            <ns3:cad>89</ns3:cad>
          </ns3:TrackPointExtension>
        </extensions>
      </trkpt>
      <trkpt lat="31.9621408917009830474853515625" lon="118.686698488891124725341796875">
        <ele>8.6000003814697265625</ele>
        <time>2026-08-14T11:53:52.000Z</time>
        <extensions>
          <ns3:TrackPointExtension>
            <ns3:hr>147</ns3:hr>
            <ns3:cad>89</ns3:cad>
          </ns3:TrackPointExtension>
        </extensions>
      </trkpt>
      <trkpt lat="31.9621452502906322479248046875" lon="118.6866773664951324462890625">
        <ele>8.6000003814697265625</ele>
        <time>2026-08-14T11:53:53.000Z</time>
        <extensions>
          <ns3:TrackPointExtension>
            <ns3:hr>147</ns3:hr>
            <ns3:cad>89</ns3:cad>
          </ns3:TrackPointExtension>
        </extensions>
      </trkpt>
      <trkpt lat="31.96214516647160053253173828125" lon="118.6866559088230133056640625">
        <ele>8.3999996185302734375</ele>
        <time>2026-08-14T11:53:54.000Z</time>
        <extensions>
          <ns3:TrackPointExtension>
            <ns3:hr>148</ns3:hr>
            <ns3:cad>89</ns3:cad>
          </ns3:TrackPointExtension>
        </extensions>
      </trkpt>
      <trkpt lat="31.962151117622852325439453125" lon="118.68663419969379901885986328125">
        <ele>8.3999996185302734375</ele>
        <time>2026-08-14T11:53:55.000Z</time>
        <extensions>
          <ns3:TrackPointExtension>
            <ns3:hr>148</ns3:hr>
            <ns3:cad>89</ns3:cad>
          </ns3:TrackPointExtension>
        </extensions>
      </trkpt>
      <trkpt lat="31.962152458727359771728515625" lon="118.6866138316690921783447265625">
        <ele>8.3999996185302734375</ele>
        <time>2026-08-14T11:53:56.000Z</time>
        <extensions>
          <ns3:TrackPointExtension>
            <ns3:hr>148</ns3:hr>
            <ns3:cad>89</ns3:cad>
          </ns3:TrackPointExtension>
        </extensions>
      </trkpt>
      <trkpt lat="31.962158493697643280029296875" lon="118.686591871082782745361328125">
        <ele>8.3999996185302734375</ele>
        <time>2026-08-14T11:53:57.000Z</time>
        <extensions>
          <ns3:TrackPointExtension>
            <ns3:hr>149</ns3:hr>
            <ns3:cad>89</ns3:cad>
          </ns3:TrackPointExtension>
        </extensions>
      </trkpt>
      <trkpt lat="31.96216008625924587249755859375" lon="118.68657083250582218170166015625">
        <ele>8.3999996185302734375</ele>
        <time>2026-08-14T11:53:58.000Z</time>
        <extensions>
          <ns3:TrackPointExtension>
            <ns3:hr>149</ns3:hr>
            <ns3:cad>89</ns3:cad>
          </ns3:TrackPointExtension>
        </extensions>
      </trkpt>
      <trkpt lat="31.962167881429195404052734375" lon="118.68654501624405384063720703125">
        <ele>8.3999996185302734375</ele>
        <time>2026-08-14T11:53:59.000Z</time>
        <extensions>
          <ns3:TrackPointExtension>
            <ns3:hr>150</ns3:hr>
            <ns3:cad>89</ns3:cad>
          </ns3:TrackPointExtension>
        </extensions>
      </trkpt>
      <trkpt lat="31.962167881429195404052734375" lon="118.6865253187716007232666015625">
        <ele>8.3999996185302734375</ele>
        <time>2026-08-14T11:54:00.000Z</time>
        <extensions>
          <ns3:TrackPointExtension>
            <ns3:hr>150</ns3:hr>
            <ns3:cad>89</ns3:cad>
          </ns3:TrackPointExtension>
        </extensions>
      </trkpt>
      <trkpt lat="31.96217651478946208953857421875" lon="118.6864978261291980743408203125">
        <ele>8.3999996185302734375</ele>
        <time>2026-08-14T11:54:01.000Z</time>
        <extensions>
          <ns3:TrackPointExtension>
            <ns3:hr>150</ns3:hr>
            <ns3:cad>89</ns3:cad>
          </ns3:TrackPointExtension>
        </extensions>
      </trkpt>
      <trkpt lat="31.96217718534171581268310546875" lon="118.68647829629480838775634765625">
        <ele>8.3999996185302734375</ele>
        <time>2026-08-14T11:54:02.000Z</time>
        <extensions>
          <ns3:TrackPointExtension>
            <ns3:hr>150</ns3:hr>
            <ns3:cad>89</ns3:cad>
          </ns3:TrackPointExtension>
        </extensions>
      </trkpt>
      <trkpt lat="31.96218632161617279052734375" lon="118.68645080365240573883056640625">
        <ele>8.3999996185302734375</ele>
        <time>2026-08-14T11:54:03.000Z</time>
        <extensions>
          <ns3:TrackPointExtension>
            <ns3:hr>150</ns3:hr>
            <ns3:cad>89</ns3:cad>
          </ns3:TrackPointExtension>
        </extensions>
      </trkpt>
      <trkpt lat="31.96218808181583881378173828125" lon="118.6864307709038257598876953125">
        <ele>8.3999996185302734375</ele>
        <time>2026-08-14T11:54:04.000Z</time>
        <extensions>
          <ns3:TrackPointExtension>
            <ns3:hr>151</ns3:hr>
            <ns3:cad>88</ns3:cad>
          </ns3:TrackPointExtension>
        </extensions>
      </trkpt>
      <trkpt lat="31.96219596080482006072998046875" lon="118.68640487082302570343017578125">
        <ele>8.3999996185302734375</ele>
        <time>2026-08-14T11:54:05.000Z</time>
        <extensions>
          <ns3:TrackPointExtension>
            <ns3:hr>151</ns3:hr>
            <ns3:cad>89</ns3:cad>
          </ns3:TrackPointExtension>
        </extensions>
      </trkpt>
      <trkpt lat="31.962197721004486083984375" lon="118.68638793937861919403076171875">
        <ele>8.3999996185302734375</ele>
        <time>2026-08-14T11:54:06.000Z</time>
        <extensions>
          <ns3:TrackPointExtension>
            <ns3:hr>151</ns3:hr>
            <ns3:cad>88</ns3:cad>
          </ns3:TrackPointExtension>
        </extensions>
      </trkpt>
      <trkpt lat="31.9622012414038181304931640625" lon="118.68636195547878742218017578125">
        <ele>8.3999996185302734375</ele>
        <time>2026-08-14T11:54:07.000Z</time>
        <extensions>
          <ns3:TrackPointExtension>
            <ns3:hr>151</ns3:hr>
            <ns3:cad>88</ns3:cad>
          </ns3:TrackPointExtension>
        </extensions>
      </trkpt>
      <trkpt lat="31.9622049294412136077880859375" lon="118.68634753860533237457275390625">
        <ele>8.3999996185302734375</ele>
        <time>2026-08-14T11:54:08.000Z</time>
        <extensions>
          <ns3:TrackPointExtension>
            <ns3:hr>152</ns3:hr>
            <ns3:cad>88</ns3:cad>
          </ns3:TrackPointExtension>
        </extensions>
      </trkpt>
      <trkpt lat="31.96220953948795795440673828125" lon="118.68632524274289608001708984375">
        <ele>8.3999996185302734375</ele>
        <time>2026-08-14T11:54:09.000Z</time>
        <extensions>
          <ns3:TrackPointExtension>
            <ns3:hr>152</ns3:hr>
            <ns3:cad>89</ns3:cad>
          </ns3:TrackPointExtension>
        </extensions>
      </trkpt>
      <trkpt lat="31.96221423335373401641845703125" lon="118.68630495853722095489501953125">
        <ele>8.3999996185302734375</ele>
        <time>2026-08-14T11:54:10.000Z</time>
        <extensions>
          <ns3:TrackPointExtension>
            <ns3:hr>152</ns3:hr>
            <ns3:cad>89</ns3:cad>
          </ns3:TrackPointExtension>
        </extensions>
      </trkpt>
      <trkpt lat="31.9622183404862880706787109375" lon="118.68628484196960926055908203125">
        <ele>8.3999996185302734375</ele>
        <time>2026-08-14T11:54:11.000Z</time>
        <extensions>
          <ns3:TrackPointExtension>
            <ns3:hr>152</ns3:hr>
            <ns3:cad>88</ns3:cad>
          </ns3:TrackPointExtension>
        </extensions>
      </trkpt>
      <trkpt lat="31.9622247107326984405517578125" lon="118.68626807816326618194580078125">
        <ele>8.3999996185302734375</ele>
        <time>2026-08-14T11:54:12.000Z</time>
        <extensions>
          <ns3:TrackPointExtension>
            <ns3:hr>153</ns3:hr>
            <ns3:cad>89</ns3:cad>
          </ns3:TrackPointExtension>
        </extensions>
      </trkpt>
      <trkpt lat="31.96222722530364990234375" lon="118.68624712340533733367919921875">
        <ele>8.3999996185302734375</ele>
        <time>2026-08-14T11:54:13.000Z</time>
        <extensions>
          <ns3:TrackPointExtension>
            <ns3:hr>153</ns3:hr>
            <ns3:cad>88</ns3:cad>
          </ns3:TrackPointExtension>
        </extensions>
      </trkpt>
      <trkpt lat="31.96223250590264797210693359375" lon="118.686225414276123046875">
        <ele>8.3999996185302734375</ele>
        <time>2026-08-14T11:54:14.000Z</time>
        <extensions>
          <ns3:TrackPointExtension>
            <ns3:hr>153</ns3:hr>
            <ns3:cad>88</ns3:cad>
          </ns3:TrackPointExtension>
        </extensions>
      </trkpt>
      <trkpt lat="31.962235271930694580078125" lon="118.68620471097528934478759765625">
        <ele>8.3999996185302734375</ele>
        <time>2026-08-14T11:54:15.000Z</time>
        <extensions>
          <ns3:TrackPointExtension>
            <ns3:hr>153</ns3:hr>
            <ns3:cad>88</ns3:cad>
          </ns3:TrackPointExtension>
        </extensions>
      </trkpt>
      <trkpt lat="31.96223870851099491119384765625" lon="118.68618048727512359619140625">
        <ele>8.3999996185302734375</ele>
        <time>2026-08-14T11:54:16.000Z</time>
        <extensions>
          <ns3:TrackPointExtension>
            <ns3:hr>153</ns3:hr>
            <ns3:cad>88</ns3:cad>
          </ns3:TrackPointExtension>
        </extensions>
      </trkpt>
      <trkpt lat="31.96223795413970947265625" lon="118.6861595325171947479248046875">
        <ele>8.3999996185302734375</ele>
        <time>2026-08-14T11:54:17.000Z</time>
        <extensions>
          <ns3:TrackPointExtension>
            <ns3:hr>153</ns3:hr>
            <ns3:cad>88</ns3:cad>
          </ns3:TrackPointExtension>
        </extensions>
      </trkpt>
      <trkpt lat="31.962241642177104949951171875" lon="118.68613698519766330718994140625">
        <ele>8.3999996185302734375</ele>
        <time>2026-08-14T11:54:18.000Z</time>
        <extensions>
          <ns3:TrackPointExtension>
            <ns3:hr>153</ns3:hr>
            <ns3:cad>88</ns3:cad>
          </ns3:TrackPointExtension>
        </extensions>
      </trkpt>
      <trkpt lat="31.9622384570538997650146484375" lon="118.6861186288297176361083984375">
        <ele>8.3999996185302734375</ele>
        <time>2026-08-14T11:54:19.000Z</time>
        <extensions>
          <ns3:TrackPointExtension>
            <ns3:hr>154</ns3:hr>
            <ns3:cad>89</ns3:cad>
          </ns3:TrackPointExtension>
        </extensions>
      </trkpt>
      <trkpt lat="31.96224340237677097320556640625" lon="118.68609205819666385650634765625">
        <ele>8.3999996185302734375</ele>
        <time>2026-08-14T11:54:20.000Z</time>
        <extensions>
          <ns3:TrackPointExtension>
            <ns3:hr>154</ns3:hr>
            <ns3:cad>89</ns3:cad>
          </ns3:TrackPointExtension>
        </extensions>
      </trkpt>
      <trkpt lat="31.96224306710064411163330078125" lon="118.68607227690517902374267578125">
        <ele>8.3999996185302734375</ele>
        <time>2026-08-14T11:54:21.000Z</time>
        <extensions>
          <ns3:TrackPointExtension>
            <ns3:hr>154</ns3:hr>
            <ns3:cad>89</ns3:cad>
          </ns3:TrackPointExtension>
        </extensions>
      </trkpt>
      <trkpt lat="31.96224725805222988128662109375" lon="118.68604428134858608245849609375">
        <ele>8.3999996185302734375</ele>
        <time>2026-08-14T11:54:22.000Z</time>
        <extensions>
          <ns3:TrackPointExtension>
            <ns3:hr>154</ns3:hr>
            <ns3:cad>88</ns3:cad>
          </ns3:TrackPointExtension>
        </extensions>
      </trkpt>
      <trkpt lat="31.962242983281612396240234375" lon="118.6860294453799724578857421875">
        <ele>8.3999996185302734375</ele>
        <time>2026-08-14T11:54:23.000Z</time>
        <extensions>
          <ns3:TrackPointExtension>
            <ns3:hr>154</ns3:hr>
            <ns3:cad>88</ns3:cad>
          </ns3:TrackPointExtension>
        </extensions>
      </trkpt>
      <trkpt lat="31.9622491858899593353271484375" lon="118.68600304238498210906982421875">
        <ele>8.3999996185302734375</ele>
        <time>2026-08-14T11:54:24.000Z</time>
        <extensions>
          <ns3:TrackPointExtension>
            <ns3:hr>155</ns3:hr>
            <ns3:cad>88</ns3:cad>
          </ns3:TrackPointExtension>
        </extensions>
      </trkpt>
      <trkpt lat="31.962251029908657073974609375" lon="118.68598611094057559967041015625">
        <ele>8.3999996185302734375</ele>
        <time>2026-08-14T11:54:25.000Z</time>
        <extensions>
          <ns3:TrackPointExtension>
            <ns3:hr>155</ns3:hr>
            <ns3:cad>89</ns3:cad>
          </ns3:TrackPointExtension>
        </extensions>
      </trkpt>
      <trkpt lat="31.9622553884983062744140625" lon="118.6859603784978389739990234375">
        <ele>8.3999996185302734375</ele>
        <time>2026-08-14T11:54:26.000Z</time>
        <extensions>
          <ns3:TrackPointExtension>
            <ns3:hr>155</ns3:hr>
            <ns3:cad>88</ns3:cad>
          </ns3:TrackPointExtension>
        </extensions>
      </trkpt>
      <trkpt lat="31.9622555561363697052001953125" lon="118.685941435396671295166015625">
        <ele>8.3999996185302734375</ele>
        <time>2026-08-14T11:54:27.000Z</time>
        <extensions>
          <ns3:TrackPointExtension>
            <ns3:hr>156</ns3:hr>
            <ns3:cad>89</ns3:cad>
          </ns3:TrackPointExtension>
        </extensions>
      </trkpt>
      <trkpt lat="31.96225865744054317474365234375" lon="118.68591687642037868499755859375">
        <ele>8.3999996185302734375</ele>
        <time>2026-08-14T11:54:28.000Z</time>
        <extensions>
          <ns3:TrackPointExtension>
            <ns3:hr>156</ns3:hr>
            <ns3:cad>88</ns3:cad>
          </ns3:TrackPointExtension>
        </extensions>
      </trkpt>
      <trkpt lat="31.9622636027634143829345703125" lon="118.68589944206178188323974609375">
        <ele>8.3999996185302734375</ele>
        <time>2026-08-14T11:54:29.000Z</time>
        <extensions>
          <ns3:TrackPointExtension>
            <ns3:hr>156</ns3:hr>
            <ns3:cad>88</ns3:cad>
          </ns3:TrackPointExtension>
        </extensions>
      </trkpt>
      <trkpt lat="31.96226636879146099090576171875" lon="118.68587630800902843475341796875">
        <ele>8.3999996185302734375</ele>
        <time>2026-08-14T11:54:30.000Z</time>
        <extensions>
          <ns3:TrackPointExtension>
            <ns3:hr>157</ns3:hr>
            <ns3:cad>88</ns3:cad>
          </ns3:TrackPointExtension>
        </extensions>
      </trkpt>
      <trkpt lat="31.962272487580776214599609375" lon="118.68585401214659214019775390625">
        <ele>8.3999996185302734375</ele>
        <time>2026-08-14T11:54:31.000Z</time>
        <extensions>
          <ns3:TrackPointExtension>
            <ns3:hr>157</ns3:hr>
            <ns3:cad>87</ns3:cad>
          </ns3:TrackPointExtension>
        </extensions>
      </trkpt>
      <trkpt lat="31.9622763432562351226806640625" lon="118.68583221919834613800048828125">
        <ele>8.3999996185302734375</ele>
        <time>2026-08-14T11:54:32.000Z</time>
        <extensions>
          <ns3:TrackPointExtension>
            <ns3:hr>157</ns3:hr>
            <ns3:cad>88</ns3:cad>
          </ns3:TrackPointExtension>
        </extensions>
      </trkpt>
      <trkpt lat="31.96228313259780406951904296875" lon="118.68581034243106842041015625">
        <ele>8.3999996185302734375</ele>
        <time>2026-08-14T11:54:33.000Z</time>
        <extensions>
          <ns3:TrackPointExtension>
            <ns3:hr>157</ns3:hr>
            <ns3:cad>87</ns3:cad>
          </ns3:TrackPointExtension>
        </extensions>
      </trkpt>
      <trkpt lat="31.96228631772100925445556640625" lon="118.685789890587329864501953125">
        <ele>8.3999996185302734375</ele>
        <time>2026-08-14T11:54:34.000Z</time>
        <extensions>
          <ns3:TrackPointExtension>
            <ns3:hr>158</ns3:hr>
            <ns3:cad>88</ns3:cad>
          </ns3:TrackPointExtension>
        </extensions>
      </trkpt>
      <trkpt lat="31.9622956216335296630859375" lon="118.6857645772397518157958984375">
        <ele>8.3999996185302734375</ele>
        <time>2026-08-14T11:54:35.000Z</time>
        <extensions>
          <ns3:TrackPointExtension>
            <ns3:hr>158</ns3:hr>
            <ns3:cad>88</ns3:cad>
          </ns3:TrackPointExtension>
        </extensions>
      </trkpt>
      <trkpt lat="31.96229486726224422454833984375" lon="118.68574722670018672943115234375">
        <ele>8.6000003814697265625</ele>
        <time>2026-08-14T11:54:36.000Z</time>
        <extensions>
          <ns3:TrackPointExtension>
            <ns3:hr>158</ns3:hr>
            <ns3:cad>88</ns3:cad>
          </ns3:TrackPointExtension>
        </extensions>
      </trkpt>
      <trkpt lat="31.96230241097509860992431640625" lon="118.6857203207910060882568359375">
        <ele>8.6000003814697265625</ele>
        <time>2026-08-14T11:54:37.000Z</time>
        <extensions>
          <ns3:TrackPointExtension>
            <ns3:hr>158</ns3:hr>
            <ns3:cad>88</ns3:cad>
          </ns3:TrackPointExtension>
        </extensions>
      </trkpt>
      <trkpt lat="31.96230207569897174835205078125" lon="118.6857037246227264404296875">
        <ele>8.3999996185302734375</ele>
        <time>2026-08-14T11:54:38.000Z</time>
        <extensions>
          <ns3:TrackPointExtension>
            <ns3:hr>158</ns3:hr>
            <ns3:cad>87</ns3:cad>
          </ns3:TrackPointExtension>
        </extensions>
      </trkpt>
      <trkpt lat="31.9623105414211750030517578125" lon="118.6856814287602901458740234375">
        <ele>8.3999996185302734375</ele>
        <time>2026-08-14T11:54:39.000Z</time>
        <extensions>
          <ns3:TrackPointExtension>
            <ns3:hr>157</ns3:hr>
            <ns3:cad>88</ns3:cad>
          </ns3:TrackPointExtension>
        </extensions>
      </trkpt>
      <trkpt lat="31.96231028996407985687255859375" lon="118.68566441349685192108154296875">
        <ele>8.3999996185302734375</ele>
        <time>2026-08-14T11:54:40.000Z</time>
        <extensions>
          <ns3:TrackPointExtension>
            <ns3:hr>158</ns3:hr>
            <ns3:cad>88</ns3:cad>
          </ns3:TrackPointExtension>
        </extensions>
      </trkpt>
      <trkpt lat="31.9623169116675853729248046875" lon="118.685636334121227264404296875">
        <ele>8.3999996185302734375</ele>
        <time>2026-08-14T11:54:41.000Z</time>
        <extensions>
          <ns3:TrackPointExtension>
            <ns3:hr>158</ns3:hr>
            <ns3:cad>88</ns3:cad>
          </ns3:TrackPointExtension>
        </extensions>
      </trkpt>
      <trkpt lat="31.96231649257242679595947265625" lon="118.6856178939342498779296875">
        <ele>8.19999980926513671875</ele>
        <time>2026-08-14T11:54:42.000Z</time>
        <extensions>
          <ns3:TrackPointExtension>
            <ns3:hr>158</ns3:hr>
            <ns3:cad>88</ns3:cad>
          </ns3:TrackPointExtension>
        </extensions>
      </trkpt>
      <trkpt lat="31.96232018060982227325439453125" lon="118.68559031747281551361083984375">
        <ele>8.19999980926513671875</ele>
        <time>2026-08-14T11:54:43.000Z</time>
        <extensions>
          <ns3:TrackPointExtension>
            <ns3:hr>157</ns3:hr>
            <ns3:cad>88</ns3:cad>
          </ns3:TrackPointExtension>
        </extensions>
      </trkpt>
      <trkpt lat="31.9623192586004734039306640625" lon="118.6855681054294109344482421875">
        <ele>8.19999980926513671875</ele>
        <time>2026-08-14T11:54:44.000Z</time>
        <extensions>
          <ns3:TrackPointExtension>
            <ns3:hr>158</ns3:hr>
            <ns3:cad>88</ns3:cad>
          </ns3:TrackPointExtension>
        </extensions>
      </trkpt>
      <trkpt lat="31.9623192586004734039306640625" lon="118.68554287590086460113525390625">
        <ele>8.19999980926513671875</ele>
        <time>2026-08-14T11:54:45.000Z</time>
        <extensions>
          <ns3:TrackPointExtension>
            <ns3:hr>158</ns3:hr>
            <ns3:cad>88</ns3:cad>
          </ns3:TrackPointExtension>
        </extensions>
      </trkpt>
      <trkpt lat="31.9623224437236785888671875" lon="118.68552208878099918365478515625">
        <ele>8.19999980926513671875</ele>
        <time>2026-08-14T11:54:46.000Z</time>
        <extensions>
          <ns3:TrackPointExtension>
            <ns3:hr>157</ns3:hr>
            <ns3:cad>88</ns3:cad>
          </ns3:TrackPointExtension>
        </extensions>
      </trkpt>
      <trkpt lat="31.96232520975172519683837890625" lon="118.685498870909214019775390625">
        <ele>8.3999996185302734375</ele>
        <time>2026-08-14T11:54:47.000Z</time>
        <extensions>
          <ns3:TrackPointExtension>
            <ns3:hr>157</ns3:hr>
            <ns3:cad>89</ns3:cad>
          </ns3:TrackPointExtension>
        </extensions>
      </trkpt>
      <trkpt lat="31.962333507835865020751953125" lon="118.68547632358968257904052734375">
        <ele>8.19999980926513671875</ele>
        <time>2026-08-14T11:54:48.000Z</time>
        <extensions>
          <ns3:TrackPointExtension>
            <ns3:hr>157</ns3:hr>
            <ns3:cad>88</ns3:cad>
          </ns3:TrackPointExtension>
        </extensions>
      </trkpt>
      <trkpt lat="31.96233778260648250579833984375" lon="118.6854547820985317230224609375">
        <ele>8.19999980926513671875</ele>
        <time>2026-08-14T11:54:49.000Z</time>
        <extensions>
          <ns3:TrackPointExtension>
            <ns3:hr>157</ns3:hr>
            <ns3:cad>88</ns3:cad>
          </ns3:TrackPointExtension>
        </extensions>
      </trkpt>
      <trkpt lat="31.9623465836048126220703125" lon="118.68543148040771484375">
        <ele>8.3999996185302734375</ele>
        <time>2026-08-14T11:54:50.000Z</time>
        <extensions>
          <ns3:TrackPointExtension>
            <ns3:hr>158</ns3:hr>
            <ns3:cad>88</ns3:cad>
          </ns3:TrackPointExtension>
        </extensions>
      </trkpt>
      <trkpt lat="31.96235119365155696868896484375" lon="118.68540893308818340301513671875">
        <ele>8.19999980926513671875</ele>
        <time>2026-08-14T11:54:51.000Z</time>
        <extensions>
          <ns3:TrackPointExtension>
            <ns3:hr>157</ns3:hr>
            <ns3:cad>88</ns3:cad>
          </ns3:TrackPointExtension>
        </extensions>
      </trkpt>
      <trkpt lat="31.962357647716999053955078125" lon="118.6853867210447788238525390625">
        <ele>8.3999996185302734375</ele>
        <time>2026-08-14T11:54:52.000Z</time>
        <extensions>
          <ns3:TrackPointExtension>
            <ns3:hr>157</ns3:hr>
            <ns3:cad>88</ns3:cad>
          </ns3:TrackPointExtension>
        </extensions>
      </trkpt>
      <trkpt lat="31.96235856972634792327880859375" lon="118.68536643683910369873046875">
        <ele>8.3999996185302734375</ele>
        <time>2026-08-14T11:54:53.000Z</time>
        <extensions>
          <ns3:TrackPointExtension>
            <ns3:hr>158</ns3:hr>
            <ns3:cad>87</ns3:cad>
          </ns3:TrackPointExtension>
        </extensions>
      </trkpt>
      <trkpt lat="31.96236527524888515472412109375" lon="118.68534338660538196563720703125">
        <ele>8.3999996185302734375</ele>
        <time>2026-08-14T11:54:54.000Z</time>
        <extensions>
          <ns3:TrackPointExtension>
            <ns3:hr>157</ns3:hr>
            <ns3:cad>88</ns3:cad>
          </ns3:TrackPointExtension>
        </extensions>
      </trkpt>
      <trkpt lat="31.96236871182918548583984375" lon="118.685324192047119140625">
        <ele>8.3999996185302734375</ele>
        <time>2026-08-14T11:54:55.000Z</time>
        <extensions>
          <ns3:TrackPointExtension>
            <ns3:hr>157</ns3:hr>
            <ns3:cad>88</ns3:cad>
          </ns3:TrackPointExtension>
        </extensions>
      </trkpt>
      <trkpt lat="31.9623779319226741790771484375" lon="118.68529879488050937652587890625">
        <ele>8.3999996185302734375</ele>
        <time>2026-08-14T11:54:56.000Z</time>
        <extensions>
          <ns3:TrackPointExtension>
            <ns3:hr>158</ns3:hr>
            <ns3:cad>89</ns3:cad>
          </ns3:TrackPointExtension>
        </extensions>
      </trkpt>
      <trkpt lat="31.96237768046557903289794921875" lon="118.68528203107416629791259765625">
        <ele>8.3999996185302734375</ele>
        <time>2026-08-14T11:54:57.000Z</time>
        <extensions>
          <ns3:TrackPointExtension>
            <ns3:hr>157</ns3:hr>
            <ns3:cad>89</ns3:cad>
          </ns3:TrackPointExtension>
        </extensions>
      </trkpt>
      <trkpt lat="31.96239042095839977264404296875" lon="118.685260154306888580322265625">
        <ele>8.19999980926513671875</ele>
        <time>2026-08-14T11:54:58.000Z</time>
        <extensions>
          <ns3:TrackPointExtension>
            <ns3:hr>157</ns3:hr>
            <ns3:cad>89</ns3:cad>
          </ns3:TrackPointExtension>
        </extensions>
      </trkpt>
      <trkpt lat="31.96238941513001918792724609375" lon="118.68524380959570407867431640625">
        <ele>8.19999980926513671875</ele>
        <time>2026-08-14T11:54:59.000Z</time>
        <extensions>
          <ns3:TrackPointExtension>
            <ns3:hr>157</ns3:hr>
            <ns3:cad>89</ns3:cad>
          </ns3:TrackPointExtension>
        </extensions>
      </trkpt>
      <trkpt lat="31.96239260025322437286376953125" lon="118.68521966971457004547119140625">
        <ele>8.19999980926513671875</ele>
        <time>2026-08-14T11:55:00.000Z</time>
        <extensions>
          <ns3:TrackPointExtension>
            <ns3:hr>157</ns3:hr>
            <ns3:cad>89</ns3:cad>
          </ns3:TrackPointExtension>
        </extensions>
      </trkpt>
      <trkpt lat="31.962388493120670318603515625" lon="118.68520240299403667449951171875">
        <ele>8.19999980926513671875</ele>
        <time>2026-08-14T11:55:01.000Z</time>
        <extensions>
          <ns3:TrackPointExtension>
            <ns3:hr>156</ns3:hr>
            <ns3:cad>89</ns3:cad>
          </ns3:TrackPointExtension>
        </extensions>
      </trkpt>
      <trkpt lat="31.96239461190998554229736328125" lon="118.6851765029132366180419921875">
        <ele>8.3999996185302734375</ele>
        <time>2026-08-14T11:55:02.000Z</time>
        <extensions>
          <ns3:TrackPointExtension>
            <ns3:hr>156</ns3:hr>
            <ns3:cad>88</ns3:cad>
          </ns3:TrackPointExtension>
        </extensions>
      </trkpt>
      <trkpt lat="31.962389163672924041748046875" lon="118.685158900916576385498046875">
        <ele>8.3999996185302734375</ele>
        <time>2026-08-14T11:55:03.000Z</time>
        <extensions>
          <ns3:TrackPointExtension>
            <ns3:hr>156</ns3:hr>
            <ns3:cad>89</ns3:cad>
          </ns3:TrackPointExtension>
        </extensions>
      </trkpt>
      <trkpt lat="31.9623923487961292266845703125" lon="118.68513165973126888275146484375">
        <ele>8.3999996185302734375</ele>
        <time>2026-08-14T11:55:04.000Z</time>
        <extensions>
          <ns3:TrackPointExtension>
            <ns3:hr>156</ns3:hr>
            <ns3:cad>89</ns3:cad>
          </ns3:TrackPointExtension>
        </extensions>
      </trkpt>
      <trkpt lat="31.9623930193483829498291015625" lon="118.68511497974395751953125">
        <ele>8.3999996185302734375</ele>
        <time>2026-08-14T11:55:05.000Z</time>
        <extensions>
          <ns3:TrackPointExtension>
            <ns3:hr>156</ns3:hr>
            <ns3:cad>89</ns3:cad>
          </ns3:TrackPointExtension>
        </extensions>
      </trkpt>
      <trkpt lat="31.96239955723285675048828125" lon="118.68508907966315746307373046875">
        <ele>8.3999996185302734375</ele>
        <time>2026-08-14T11:55:06.000Z</time>
        <extensions>
          <ns3:TrackPointExtension>
            <ns3:hr>156</ns3:hr>
            <ns3:cad>89</ns3:cad>
          </ns3:TrackPointExtension>
        </extensions>
      </trkpt>
      <trkpt lat="31.9624042510986328125" lon="118.68506963364779949188232421875">
        <ele>8.3999996185302734375</ele>
        <time>2026-08-14T11:55:07.000Z</time>
        <extensions>
          <ns3:TrackPointExtension>
            <ns3:hr>157</ns3:hr>
            <ns3:cad>89</ns3:cad>
          </ns3:TrackPointExtension>
        </extensions>
      </trkpt>
      <trkpt lat="31.96240936405956745147705078125" lon="118.685046918690204620361328125">
        <ele>8.3999996185302734375</ele>
        <time>2026-08-14T11:55:08.000Z</time>
        <extensions>
          <ns3:TrackPointExtension>
            <ns3:hr>157</ns3:hr>
            <ns3:cad>89</ns3:cad>
          </ns3:TrackPointExtension>
        </extensions>
      </trkpt>
      <trkpt lat="31.96241489611566066741943359375" lon="118.685028143227100372314453125">
        <ele>8.3999996185302734375</ele>
        <time>2026-08-14T11:55:09.000Z</time>
        <extensions>
          <ns3:TrackPointExtension>
            <ns3:hr>157</ns3:hr>
            <ns3:cad>89</ns3:cad>
          </ns3:TrackPointExtension>
        </extensions>
      </trkpt>
      <trkpt lat="31.962418667972087860107421875" lon="118.68500643409788608551025390625">
        <ele>8.3999996185302734375</ele>
        <time>2026-08-14T11:55:10.000Z</time>
        <extensions>
          <ns3:TrackPointExtension>
            <ns3:hr>157</ns3:hr>
            <ns3:cad>89</ns3:cad>
          </ns3:TrackPointExtension>
        </extensions>
      </trkpt>
      <trkpt lat="31.9624238647520542144775390625" lon="118.6849853955209255218505859375">
        <ele>8.3999996185302734375</ele>
        <time>2026-08-14T11:55:11.000Z</time>
        <extensions>
          <ns3:TrackPointExtension>
            <ns3:hr>157</ns3:hr>
            <ns3:cad>88</ns3:cad>
          </ns3:TrackPointExtension>
        </extensions>
      </trkpt>
      <trkpt lat="31.96242679841816425323486328125" lon="118.68496385402977466583251953125">
        <ele>8.3999996185302734375</ele>
        <time>2026-08-14T11:55:12.000Z</time>
        <extensions>
          <ns3:TrackPointExtension>
            <ns3:hr>157</ns3:hr>
            <ns3:cad>88</ns3:cad>
          </ns3:TrackPointExtension>
        </extensions>
      </trkpt>
      <trkpt lat="31.96243400685489177703857421875" lon="118.68494189344346523284912109375">
        <ele>8.3999996185302734375</ele>
        <time>2026-08-14T11:55:13.000Z</time>
        <extensions>
          <ns3:TrackPointExtension>
            <ns3:hr>157</ns3:hr>
            <ns3:cad>88</ns3:cad>
          </ns3:TrackPointExtension>
        </extensions>
      </trkpt>
      <trkpt lat="31.962436772882938385009765625" lon="118.68492596782743930816650390625">
        <ele>8.3999996185302734375</ele>
        <time>2026-08-14T11:55:14.000Z</time>
        <extensions>
          <ns3:TrackPointExtension>
            <ns3:hr>156</ns3:hr>
            <ns3:cad>88</ns3:cad>
          </ns3:TrackPointExtension>
        </extensions>
      </trkpt>
      <trkpt lat="31.9624483399093151092529296875" lon="118.6849035881459712982177734375">
        <ele>8.19999980926513671875</ele>
        <time>2026-08-14T11:55:15.000Z</time>
        <extensions>
          <ns3:TrackPointExtension>
            <ns3:hr>157</ns3:hr>
            <ns3:cad>87</ns3:cad>
          </ns3:TrackPointExtension>
        </extensions>
      </trkpt>
      <trkpt lat="31.962449848651885986328125" lon="118.68488498032093048095703125">
        <ele>8.3999996185302734375</ele>
        <time>2026-08-14T11:55:16.000Z</time>
        <extensions>
          <ns3:TrackPointExtension>
            <ns3:hr>157</ns3:hr>
            <ns3:cad>88</ns3:cad>
          </ns3:TrackPointExtension>
        </extensions>
      </trkpt>
      <trkpt lat="31.96245948784053325653076171875" lon="118.6848596669733524322509765625">
        <ele>8.3999996185302734375</ele>
        <time>2026-08-14T11:55:17.000Z</time>
        <extensions>
          <ns3:TrackPointExtension>
            <ns3:hr>157</ns3:hr>
            <ns3:cad>87</ns3:cad>
          </ns3:TrackPointExtension>
        </extensions>
      </trkpt>
      <trkpt lat="31.96246217004954814910888671875" lon="118.6848400533199310302734375">
        <ele>8.3999996185302734375</ele>
        <time>2026-08-14T11:55:18.000Z</time>
        <extensions>
          <ns3:TrackPointExtension>
            <ns3:hr>157</ns3:hr>
            <ns3:cad>88</ns3:cad>
          </ns3:TrackPointExtension>
        </extensions>
      </trkpt>
      <trkpt lat="31.96246929466724395751953125" lon="118.68481582961976528167724609375">
        <ele>8.3999996185302734375</ele>
        <time>2026-08-14T11:55:19.000Z</time>
        <extensions>
          <ns3:TrackPointExtension>
            <ns3:hr>157</ns3:hr>
            <ns3:cad>88</ns3:cad>
          </ns3:TrackPointExtension>
        </extensions>
      </trkpt>
      <trkpt lat="31.9624699652194976806640625" lon="118.6847969703376293182373046875">
        <ele>8.3999996185302734375</ele>
        <time>2026-08-14T11:55:20.000Z</time>
        <extensions>
          <ns3:TrackPointExtension>
            <ns3:hr>157</ns3:hr>
            <ns3:cad>88</ns3:cad>
          </ns3:TrackPointExtension>
        </extensions>
      </trkpt>
      <trkpt lat="31.962474323809146881103515625" lon="118.68477107025682926177978515625">
        <ele>8.3999996185302734375</ele>
        <time>2026-08-14T11:55:21.000Z</time>
        <extensions>
          <ns3:TrackPointExtension>
            <ns3:hr>158</ns3:hr>
            <ns3:cad>88</ns3:cad>
          </ns3:TrackPointExtension>
        </extensions>
      </trkpt>
      <trkpt lat="31.9624748267233371734619140625" lon="118.6847513727843761444091796875">
        <ele>8.3999996185302734375</ele>
        <time>2026-08-14T11:55:22.000Z</time>
        <extensions>
          <ns3:TrackPointExtension>
            <ns3:hr>157</ns3:hr>
            <ns3:cad>88</ns3:cad>
          </ns3:TrackPointExtension>
        </extensions>
      </trkpt>
      <trkpt lat="31.96248044259846210479736328125" lon="118.6847258917987346649169921875">
        <ele>8.19999980926513671875</ele>
        <time>2026-08-14T11:55:23.000Z</time>
        <extensions>
          <ns3:TrackPointExtension>
            <ns3:hr>157</ns3:hr>
            <ns3:cad>89</ns3:cad>
          </ns3:TrackPointExtension>
        </extensions>
      </trkpt>
      <trkpt lat="31.96248044259846210479736328125" lon="118.6847057752311229705810546875">
        <ele>8.3999996185302734375</ele>
        <time>2026-08-14T11:55:24.000Z</time>
        <extensions>
          <ns3:TrackPointExtension>
            <ns3:hr>157</ns3:hr>
            <ns3:cad>88</ns3:cad>
          </ns3:TrackPointExtension>
        </extensions>
      </trkpt>
      <trkpt lat="31.96248262189328670501708984375" lon="118.68468054570257663726806640625">
        <ele>8.19999980926513671875</ele>
        <time>2026-08-14T11:55:25.000Z</time>
        <extensions>
          <ns3:TrackPointExtension>
            <ns3:hr>158</ns3:hr>
            <ns3:cad>88</ns3:cad>
          </ns3:TrackPointExtension>
        </extensions>
      </trkpt>
      <trkpt lat="31.9624872319400310516357421875" lon="118.684659339487552642822265625">
        <ele>8.19999980926513671875</ele>
        <time>2026-08-14T11:55:26.000Z</time>
        <extensions>
          <ns3:TrackPointExtension>
            <ns3:hr>157</ns3:hr>
            <ns3:cad>88</ns3:cad>
          </ns3:TrackPointExtension>
        </extensions>
      </trkpt>
      <trkpt lat="31.9624892435967922210693359375" lon="118.68463821709156036376953125">
        <ele>8.19999980926513671875</ele>
        <time>2026-08-14T11:55:27.000Z</time>
        <extensions>
          <ns3:TrackPointExtension>
            <ns3:hr>157</ns3:hr>
            <ns3:cad>88</ns3:cad>
          </ns3:TrackPointExtension>
        </extensions>
      </trkpt>
      <trkpt lat="31.9624946080148220062255859375" lon="118.68461516685783863067626953125">
        <ele>8.19999980926513671875</ele>
        <time>2026-08-14T11:55:28.000Z</time>
        <extensions>
          <ns3:TrackPointExtension>
            <ns3:hr>157</ns3:hr>
            <ns3:cad>88</ns3:cad>
          </ns3:TrackPointExtension>
        </extensions>
      </trkpt>
      <trkpt lat="31.96249770931899547576904296875" lon="118.68459437973797321319580078125">
        <ele>8.19999980926513671875</ele>
        <time>2026-08-14T11:55:29.000Z</time>
        <extensions>
          <ns3:TrackPointExtension>
            <ns3:hr>158</ns3:hr>
            <ns3:cad>88</ns3:cad>
          </ns3:TrackPointExtension>
        </extensions>
      </trkpt>
      <trkpt lat="31.9625048339366912841796875" lon="118.6845696531236171722412109375">
        <ele>8.3999996185302734375</ele>
        <time>2026-08-14T11:55:30.000Z</time>
        <extensions>
          <ns3:TrackPointExtension>
            <ns3:hr>157</ns3:hr>
            <ns3:cad>88</ns3:cad>
          </ns3:TrackPointExtension>
        </extensions>
      </trkpt>
      <trkpt lat="31.9625036604702472686767578125" lon="118.68455112911760807037353515625">
        <ele>8.3999996185302734375</ele>
        <time>2026-08-14T11:55:31.000Z</time>
        <extensions>
          <ns3:TrackPointExtension>
            <ns3:hr>157</ns3:hr>
            <ns3:cad>88</ns3:cad>
          </ns3:TrackPointExtension>
        </extensions>
      </trkpt>
      <trkpt lat="31.962513215839862823486328125" lon="118.68452480994164943695068359375">
        <ele>8.3999996185302734375</ele>
        <time>2026-08-14T11:55:32.000Z</time>
        <extensions>
          <ns3:TrackPointExtension>
            <ns3:hr>158</ns3:hr>
            <ns3:cad>88</ns3:cad>
          </ns3:TrackPointExtension>
        </extensions>
      </trkpt>
      <trkpt lat="31.962513215839862823486328125" lon="118.6845047771930694580078125">
        <ele>8.3999996185302734375</ele>
        <time>2026-08-14T11:55:33.000Z</time>
        <extensions>
          <ns3:TrackPointExtension>
            <ns3:hr>158</ns3:hr>
            <ns3:cad>87</ns3:cad>
          </ns3:TrackPointExtension>
        </extensions>
      </trkpt>
      <trkpt lat="31.9625204242765903472900390625" lon="118.68447728455066680908203125">
        <ele>8.3999996185302734375</ele>
        <time>2026-08-14T11:55:34.000Z</time>
        <extensions>
          <ns3:TrackPointExtension>
            <ns3:hr>158</ns3:hr>
            <ns3:cad>87</ns3:cad>
          </ns3:TrackPointExtension>
        </extensions>
      </trkpt>
      <trkpt lat="31.96251782588660717010498046875" lon="118.68445691652595996856689453125">
        <ele>8.3999996185302734375</ele>
        <time>2026-08-14T11:55:35.000Z</time>
        <extensions>
          <ns3:TrackPointExtension>
            <ns3:hr>157</ns3:hr>
            <ns3:cad>86</ns3:cad>
          </ns3:TrackPointExtension>
        </extensions>
      </trkpt>
      <trkpt lat="31.96252134628593921661376953125" lon="118.68442892096936702728271484375">
        <ele>8.3999996185302734375</ele>
        <time>2026-08-14T11:55:36.000Z</time>
        <extensions>
          <ns3:TrackPointExtension>
            <ns3:hr>158</ns3:hr>
            <ns3:cad>86</ns3:cad>
          </ns3:TrackPointExtension>
        </extensions>
      </trkpt>
      <trkpt lat="31.9625210948288440704345703125" lon="118.684410564601421356201171875">
        <ele>8.3999996185302734375</ele>
        <time>2026-08-14T11:55:37.000Z</time>
        <extensions>
          <ns3:TrackPointExtension>
            <ns3:hr>158</ns3:hr>
            <ns3:cad>87</ns3:cad>
          </ns3:TrackPointExtension>
        </extensions>
      </trkpt>
      <trkpt lat="31.96252830326557159423828125" lon="118.684384413063526153564453125">
        <ele>8.3999996185302734375</ele>
        <time>2026-08-14T11:55:38.000Z</time>
        <extensions>
          <ns3:TrackPointExtension>
            <ns3:hr>157</ns3:hr>
            <ns3:cad>87</ns3:cad>
          </ns3:TrackPointExtension>
        </extensions>
      </trkpt>
      <trkpt lat="31.96252838708460330963134765625" lon="118.684366308152675628662109375">
        <ele>8.3999996185302734375</ele>
        <time>2026-08-14T11:55:39.000Z</time>
        <extensions>
          <ns3:TrackPointExtension>
            <ns3:hr>157</ns3:hr>
            <ns3:cad>89</ns3:cad>
          </ns3:TrackPointExtension>
        </extensions>
      </trkpt>
      <trkpt lat="31.96253676898777484893798828125" lon="118.68433839641511440277099609375">
        <ele>8.3999996185302734375</ele>
        <time>2026-08-14T11:55:40.000Z</time>
        <extensions>
          <ns3:TrackPointExtension>
            <ns3:hr>157</ns3:hr>
            <ns3:cad>89</ns3:cad>
          </ns3:TrackPointExtension>
        </extensions>
      </trkpt>
      <trkpt lat="31.96253743954002857208251953125" lon="118.6843202076852321624755859375">
        <ele>8.3999996185302734375</ele>
        <time>2026-08-14T11:55:41.000Z</time>
        <extensions>
          <ns3:TrackPointExtension>
            <ns3:hr>157</ns3:hr>
            <ns3:cad>89</ns3:cad>
          </ns3:TrackPointExtension>
        </extensions>
      </trkpt>
      <trkpt lat="31.96254573762416839599609375" lon="118.6842955648899078369140625">
        <ele>8.19999980926513671875</ele>
        <time>2026-08-14T11:55:42.000Z</time>
        <extensions>
          <ns3:TrackPointExtension>
            <ns3:hr>158</ns3:hr>
            <ns3:cad>89</ns3:cad>
          </ns3:TrackPointExtension>
        </extensions>
      </trkpt>
      <trkpt lat="31.9625462405383586883544921875" lon="118.68427720852196216583251953125">
        <ele>8.19999980926513671875</ele>
        <time>2026-08-14T11:55:43.000Z</time>
        <extensions>
          <ns3:TrackPointExtension>
            <ns3:hr>158</ns3:hr>
            <ns3:cad>89</ns3:cad>
          </ns3:TrackPointExtension>
        </extensions>
      </trkpt>
      <trkpt lat="31.9625529460608959197998046875" lon="118.684253990650177001953125">
        <ele>8.19999980926513671875</ele>
        <time>2026-08-14T11:55:44.000Z</time>
        <extensions>
          <ns3:TrackPointExtension>
            <ns3:hr>158</ns3:hr>
            <ns3:cad>89</ns3:cad>
          </ns3:TrackPointExtension>
        </extensions>
      </trkpt>
      <trkpt lat="31.96255269460380077362060546875" lon="118.68423747830092906951904296875">
        <ele>8.19999980926513671875</ele>
        <time>2026-08-14T11:55:45.000Z</time>
        <extensions>
          <ns3:TrackPointExtension>
            <ns3:hr>159</ns3:hr>
            <ns3:cad>90</ns3:cad>
          </ns3:TrackPointExtension>
        </extensions>
      </trkpt>
      <trkpt lat="31.96255705319344997406005859375" lon="118.68421065621078014373779296875">
        <ele>8.19999980926513671875</ele>
        <time>2026-08-14T11:55:46.000Z</time>
        <extensions>
          <ns3:TrackPointExtension>
            <ns3:hr>159</ns3:hr>
            <ns3:cad>89</ns3:cad>
          </ns3:TrackPointExtension>
        </extensions>
      </trkpt>
      <trkpt lat="31.9625596515834331512451171875" lon="118.6841891147196292877197265625">
        <ele>8.3999996185302734375</ele>
        <time>2026-08-14T11:55:47.000Z</time>
        <extensions>
          <ns3:TrackPointExtension>
            <ns3:hr>159</ns3:hr>
            <ns3:cad>90</ns3:cad>
          </ns3:TrackPointExtension>
        </extensions>
      </trkpt>
      <trkpt lat="31.96256224997341632843017578125" lon="118.68416346609592437744140625">
        <ele>8.3999996185302734375</ele>
        <time>2026-08-14T11:55:48.000Z</time>
        <extensions>
          <ns3:TrackPointExtension>
            <ns3:hr>159</ns3:hr>
            <ns3:cad>89</ns3:cad>
          </ns3:TrackPointExtension>
        </extensions>
      </trkpt>
      <trkpt lat="31.9625656865537166595458984375" lon="118.684144355356693267822265625">
        <ele>8.3999996185302734375</ele>
        <time>2026-08-14T11:55:49.000Z</time>
        <extensions>
          <ns3:TrackPointExtension>
            <ns3:hr>159</ns3:hr>
            <ns3:cad>89</ns3:cad>
          </ns3:TrackPointExtension>
        </extensions>
      </trkpt>
      <trkpt lat="31.9625718891620635986328125" lon="118.68411996401846408843994140625">
        <ele>8.3999996185302734375</ele>
        <time>2026-08-14T11:55:50.000Z</time>
        <extensions>
          <ns3:TrackPointExtension>
            <ns3:hr>160</ns3:hr>
            <ns3:cad>89</ns3:cad>
          </ns3:TrackPointExtension>
        </extensions>
      </trkpt>
      <trkpt lat="31.962574906647205352783203125" lon="118.6840959079563617706298828125">
        <ele>8.3999996185302734375</ele>
        <time>2026-08-14T11:55:51.000Z</time>
        <extensions>
          <ns3:TrackPointExtension>
            <ns3:hr>160</ns3:hr>
            <ns3:cad>89</ns3:cad>
          </ns3:TrackPointExtension>
        </extensions>
      </trkpt>
      <trkpt lat="31.9625774212181568145751953125" lon="118.684071935713291168212890625">
        <ele>8.3999996185302734375</ele>
        <time>2026-08-14T11:55:52.000Z</time>
        <extensions>
          <ns3:TrackPointExtension>
            <ns3:hr>161</ns3:hr>
            <ns3:cad>89</ns3:cad>
          </ns3:TrackPointExtension>
        </extensions>
      </trkpt>
      <trkpt lat="31.962581612169742584228515625" lon="118.684048466384410858154296875">
        <ele>8.19999980926513671875</ele>
        <time>2026-08-14T11:55:53.000Z</time>
        <extensions>
          <ns3:TrackPointExtension>
            <ns3:hr>161</ns3:hr>
            <ns3:cad>89</ns3:cad>
          </ns3:TrackPointExtension>
        </extensions>
      </trkpt>
      <trkpt lat="31.96258421055972576141357421875" lon="118.6840261705219745635986328125">
        <ele>8.19999980926513671875</ele>
        <time>2026-08-14T11:55:54.000Z</time>
        <extensions>
          <ns3:TrackPointExtension>
            <ns3:hr>162</ns3:hr>
            <ns3:cad>89</ns3:cad>
          </ns3:TrackPointExtension>
        </extensions>
      </trkpt>
      <trkpt lat="31.9625884853303432464599609375" lon="118.6840027011930942535400390625">
        <ele>8.19999980926513671875</ele>
        <time>2026-08-14T11:55:55.000Z</time>
        <extensions>
          <ns3:TrackPointExtension>
            <ns3:hr>162</ns3:hr>
            <ns3:cad>88</ns3:cad>
          </ns3:TrackPointExtension>
        </extensions>
      </trkpt>
      <trkpt lat="31.96259024553000926971435546875" lon="118.683980740606784820556640625">
        <ele>8.19999980926513671875</ele>
        <time>2026-08-14T11:55:56.000Z</time>
        <extensions>
          <ns3:TrackPointExtension>
            <ns3:hr>162</ns3:hr>
            <ns3:cad>89</ns3:cad>
          </ns3:TrackPointExtension>
        </extensions>
      </trkpt>
      <trkpt lat="31.96259560994803905487060546875" lon="118.68395618163049221038818359375">
        <ele>8.19999980926513671875</ele>
        <time>2026-08-14T11:55:57.000Z</time>
        <extensions>
          <ns3:TrackPointExtension>
            <ns3:hr>162</ns3:hr>
            <ns3:cad>88</ns3:cad>
          </ns3:TrackPointExtension>
        </extensions>
      </trkpt>
      <trkpt lat="31.96259544230997562408447265625" lon="118.6839353106915950775146484375">
        <ele>8.19999980926513671875</ele>
        <time>2026-08-14T11:55:58.000Z</time>
        <extensions>
          <ns3:TrackPointExtension>
            <ns3:hr>162</ns3:hr>
            <ns3:cad>88</ns3:cad>
          </ns3:TrackPointExtension>
        </extensions>
      </trkpt>
      <trkpt lat="31.962599046528339385986328125" lon="118.683907650411128997802734375">
        <ele>8.19999980926513671875</ele>
        <time>2026-08-14T11:55:59.000Z</time>
        <extensions>
          <ns3:TrackPointExtension>
            <ns3:hr>162</ns3:hr>
            <ns3:cad>88</ns3:cad>
          </ns3:TrackPointExtension>
        </extensions>
      </trkpt>
      <trkpt lat="31.96259996853768825531005859375" lon="118.68388694711029529571533203125">
        <ele>8.19999980926513671875</ele>
        <time>2026-08-14T11:56:00.000Z</time>
        <extensions>
          <ns3:TrackPointExtension>
            <ns3:hr>162</ns3:hr>
            <ns3:cad>88</ns3:cad>
          </ns3:TrackPointExtension>
        </extensions>
      </trkpt>
      <trkpt lat="31.9626029022037982940673828125" lon="118.68386029265820980072021484375">
        <ele>8.19999980926513671875</ele>
        <time>2026-08-14T11:56:01.000Z</time>
        <extensions>
          <ns3:TrackPointExtension>
            <ns3:hr>162</ns3:hr>
            <ns3:cad>88</ns3:cad>
          </ns3:TrackPointExtension>
        </extensions>
      </trkpt>
      <trkpt lat="31.96260298602283000946044921875" lon="118.68383883498609066009521484375">
        <ele>8.19999980926513671875</ele>
        <time>2026-08-14T11:56:02.000Z</time>
        <extensions>
          <ns3:TrackPointExtension>
            <ns3:hr>162</ns3:hr>
            <ns3:cad>88</ns3:cad>
          </ns3:TrackPointExtension>
        </extensions>
      </trkpt>
      <trkpt lat="31.96260751225054264068603515625" lon="118.683813102543354034423828125">
        <ele>8.19999980926513671875</ele>
        <time>2026-08-14T11:56:03.000Z</time>
        <extensions>
          <ns3:TrackPointExtension>
            <ns3:hr>162</ns3:hr>
            <ns3:cad>88</ns3:cad>
          </ns3:TrackPointExtension>
        </extensions>
      </trkpt>
      <trkpt lat="31.9626129604876041412353515625" lon="118.68379089049994945526123046875">
        <ele>8.3999996185302734375</ele>
        <time>2026-08-14T11:56:04.000Z</time>
        <extensions>
          <ns3:TrackPointExtension>
            <ns3:hr>162</ns3:hr>
            <ns3:cad>89</ns3:cad>
          </ns3:TrackPointExtension>
        </extensions>
      </trkpt>
      <trkpt lat="31.9626193307340145111083984375" lon="118.6837659962475299835205078125">
        <ele>8.3999996185302734375</ele>
        <time>2026-08-14T11:56:05.000Z</time>
        <extensions>
          <ns3:TrackPointExtension>
            <ns3:hr>162</ns3:hr>
            <ns3:cad>89</ns3:cad>
          </ns3:TrackPointExtension>
        </extensions>
      </trkpt>
      <trkpt lat="31.9626206718385219573974609375" lon="118.68374328128993511199951171875">
        <ele>8.3999996185302734375</ele>
        <time>2026-08-14T11:56:06.000Z</time>
        <extensions>
          <ns3:TrackPointExtension>
            <ns3:hr>163</ns3:hr>
            <ns3:cad>89</ns3:cad>
          </ns3:TrackPointExtension>
        </extensions>
      </trkpt>
      <trkpt lat="31.9626287184655666351318359375" lon="118.6837126873433589935302734375">
        <ele>8.3999996185302734375</ele>
        <time>2026-08-14T11:56:07.000Z</time>
        <extensions>
          <ns3:TrackPointExtension>
            <ns3:hr>163</ns3:hr>
            <ns3:cad>89</ns3:cad>
          </ns3:TrackPointExtension>
        </extensions>
      </trkpt>
      <trkpt lat="31.96262729354202747344970703125" lon="118.68369282223284244537353515625">
        <ele>8.3999996185302734375</ele>
        <time>2026-08-14T11:56:08.000Z</time>
        <extensions>
          <ns3:TrackPointExtension>
            <ns3:hr>163</ns3:hr>
            <ns3:cad>89</ns3:cad>
          </ns3:TrackPointExtension>
        </extensions>
      </trkpt>
      <trkpt lat="31.96263517253100872039794921875" lon="118.68366457521915435791015625">
        <ele>8.3999996185302734375</ele>
        <time>2026-08-14T11:56:09.000Z</time>
        <extensions>
          <ns3:TrackPointExtension>
            <ns3:hr>163</ns3:hr>
            <ns3:cad>89</ns3:cad>
          </ns3:TrackPointExtension>
        </extensions>
      </trkpt>
      <trkpt lat="31.96263450197875499725341796875" lon="118.683646805584430694580078125">
        <ele>8.19999980926513671875</ele>
        <time>2026-08-14T11:56:10.000Z</time>
        <extensions>
          <ns3:TrackPointExtension>
            <ns3:hr>164</ns3:hr>
            <ns3:cad>88</ns3:cad>
          </ns3:TrackPointExtension>
        </extensions>
      </trkpt>
      <trkpt lat="31.96263835765421390533447265625" lon="118.683616630733013153076171875">
        <ele>8.19999980926513671875</ele>
        <time>2026-08-14T11:56:11.000Z</time>
        <extensions>
          <ns3:TrackPointExtension>
            <ns3:hr>164</ns3:hr>
            <ns3:cad>89</ns3:cad>
          </ns3:TrackPointExtension>
        </extensions>
      </trkpt>
      <trkpt lat="31.96263751946389675140380859375" lon="118.68359760381281375885009765625">
        <ele>8.19999980926513671875</ele>
        <time>2026-08-14T11:56:12.000Z</time>
        <extensions>
          <ns3:TrackPointExtension>
            <ns3:hr>163</ns3:hr>
            <ns3:cad>89</ns3:cad>
          </ns3:TrackPointExtension>
        </extensions>
      </trkpt>
      <trkpt lat="31.96264154277741909027099609375" lon="118.68357011117041110992431640625">
        <ele>8.19999980926513671875</ele>
        <time>2026-08-14T11:56:13.000Z</time>
        <extensions>
          <ns3:TrackPointExtension>
            <ns3:hr>163</ns3:hr>
            <ns3:cad>89</ns3:cad>
          </ns3:TrackPointExtension>
        </extensions>
      </trkpt>
      <trkpt lat="31.9626468233764171600341796875" lon="118.6835507489740848541259765625">
        <ele>8.19999980926513671875</ele>
        <time>2026-08-14T11:56:14.000Z</time>
        <extensions>
          <ns3:TrackPointExtension>
            <ns3:hr>163</ns3:hr>
            <ns3:cad>89</ns3:cad>
          </ns3:TrackPointExtension>
        </extensions>
      </trkpt>
      <trkpt lat="31.9626541994512081146240234375" lon="118.68352602235972881317138671875">
        <ele>8.3999996185302734375</ele>
        <time>2026-08-14T11:56:15.000Z</time>
        <extensions>
          <ns3:TrackPointExtension>
            <ns3:hr>163</ns3:hr>
            <ns3:cad>89</ns3:cad>
          </ns3:TrackPointExtension>
        </extensions>
      </trkpt>
      <trkpt lat="31.96265813894569873809814453125" lon="118.68350389413535594940185546875">
        <ele>8.3999996185302734375</ele>
        <time>2026-08-14T11:56:16.000Z</time>
        <extensions>
          <ns3:TrackPointExtension>
            <ns3:hr>162</ns3:hr>
            <ns3:cad>89</ns3:cad>
          </ns3:TrackPointExtension>
        </extensions>
      </trkpt>
      <trkpt lat="31.96266517974436283111572265625" lon="118.6834759823977947235107421875">
        <ele>8.3999996185302734375</ele>
        <time>2026-08-14T11:56:17.000Z</time>
        <extensions>
          <ns3:TrackPointExtension>
            <ns3:hr>162</ns3:hr>
            <ns3:cad>89</ns3:cad>
          </ns3:TrackPointExtension>
        </extensions>
      </trkpt>
      <trkpt lat="31.96267037652432918548583984375" lon="118.68345712311565876007080078125">
        <ele>8.3999996185302734375</ele>
        <time>2026-08-14T11:56:18.000Z</time>
        <extensions>
          <ns3:TrackPointExtension>
            <ns3:hr>162</ns3:hr>
            <ns3:cad>89</ns3:cad>
          </ns3:TrackPointExtension>
        </extensions>
      </trkpt>
      <trkpt lat="31.96267993189394474029541015625" lon="118.6834340728819370269775390625">
        <ele>8.19999980926513671875</ele>
        <time>2026-08-14T11:56:19.000Z</time>
        <extensions>
          <ns3:TrackPointExtension>
            <ns3:hr>162</ns3:hr>
            <ns3:cad>89</ns3:cad>
          </ns3:TrackPointExtension>
        </extensions>
      </trkpt>
      <trkpt lat="31.96268781088292598724365234375" lon="118.68341672234237194061279296875">
        <ele>8.19999980926513671875</ele>
        <time>2026-08-14T11:56:20.000Z</time>
        <extensions>
          <ns3:TrackPointExtension>
            <ns3:hr>162</ns3:hr>
            <ns3:cad>88</ns3:cad>
          </ns3:TrackPointExtension>
        </extensions>
      </trkpt>
      <trkpt lat="31.9626964442431926727294921875" lon="118.68339392356574535369873046875">
        <ele>8.19999980926513671875</ele>
        <time>2026-08-14T11:56:21.000Z</time>
        <extensions>
          <ns3:TrackPointExtension>
            <ns3:hr>162</ns3:hr>
            <ns3:cad>88</ns3:cad>
          </ns3:TrackPointExtension>
        </extensions>
      </trkpt>
      <trkpt lat="31.96270423941314220428466796875" lon="118.6833730526268482208251953125">
        <ele>8.19999980926513671875</ele>
        <time>2026-08-14T11:56:22.000Z</time>
        <extensions>
          <ns3:TrackPointExtension>
            <ns3:hr>162</ns3:hr>
            <ns3:cad>89</ns3:cad>
          </ns3:TrackPointExtension>
        </extensions>
      </trkpt>
      <trkpt lat="31.96271069347858428955078125" lon="118.683349080383777618408203125">
        <ele>8.3999996185302734375</ele>
        <time>2026-08-14T11:56:23.000Z</time>
        <extensions>
          <ns3:TrackPointExtension>
            <ns3:hr>163</ns3:hr>
            <ns3:cad>89</ns3:cad>
          </ns3:TrackPointExtension>
        </extensions>
      </trkpt>
      <trkpt lat="31.9627202488481998443603515625" lon="118.683328293263912200927734375">
        <ele>8.3999996185302734375</ele>
        <time>2026-08-14T11:56:24.000Z</time>
        <extensions>
          <ns3:TrackPointExtension>
            <ns3:hr>163</ns3:hr>
            <ns3:cad>89</ns3:cad>
          </ns3:TrackPointExtension>
        </extensions>
      </trkpt>
      <trkpt lat="31.962728798389434814453125" lon="118.68330557830631732940673828125">
        <ele>8.19999980926513671875</ele>
        <time>2026-08-14T11:56:25.000Z</time>
        <extensions>
          <ns3:TrackPointExtension>
            <ns3:hr>162</ns3:hr>
            <ns3:cad>89</ns3:cad>
          </ns3:TrackPointExtension>
        </extensions>
      </trkpt>
      <trkpt lat="31.96273894049227237701416015625" lon="118.683283366262912750244140625">
        <ele>8.19999980926513671875</ele>
        <time>2026-08-14T11:56:26.000Z</time>
        <extensions>
          <ns3:TrackPointExtension>
            <ns3:hr>162</ns3:hr>
            <ns3:cad>89</ns3:cad>
          </ns3:TrackPointExtension>
        </extensions>
      </trkpt>
      <trkpt lat="31.96274296380579471588134765625" lon="118.68326065130531787872314453125">
        <ele>8.19999980926513671875</ele>
        <time>2026-08-14T11:56:27.000Z</time>
        <extensions>
          <ns3:TrackPointExtension>
            <ns3:hr>162</ns3:hr>
            <ns3:cad>88</ns3:cad>
          </ns3:TrackPointExtension>
        </extensions>
      </trkpt>
      <trkpt lat="31.9627521000802516937255859375" lon="118.683237098157405853271484375">
        <ele>8.19999980926513671875</ele>
        <time>2026-08-14T11:56:28.000Z</time>
        <extensions>
          <ns3:TrackPointExtension>
            <ns3:hr>162</ns3:hr>
            <ns3:cad>88</ns3:cad>
          </ns3:TrackPointExtension>
        </extensions>
      </trkpt>
      <trkpt lat="31.96275553666055202484130859375" lon="118.6832148022949695587158203125">
        <ele>8.19999980926513671875</ele>
        <time>2026-08-14T11:56:29.000Z</time>
        <extensions>
          <ns3:TrackPointExtension>
            <ns3:hr>162</ns3:hr>
            <ns3:cad>88</ns3:cad>
          </ns3:TrackPointExtension>
        </extensions>
      </trkpt>
      <trkpt lat="31.96276257745921611785888671875" lon="118.68319250643253326416015625">
        <ele>8.19999980926513671875</ele>
        <time>2026-08-14T11:56:30.000Z</time>
        <extensions>
          <ns3:TrackPointExtension>
            <ns3:hr>162</ns3:hr>
            <ns3:cad>88</ns3:cad>
          </ns3:TrackPointExtension>
        </extensions>
      </trkpt>
      <trkpt lat="31.9627658464014530181884765625" lon="118.68317364715039730072021484375">
        <ele>8.19999980926513671875</ele>
        <time>2026-08-14T11:56:31.000Z</time>
        <extensions>
          <ns3:TrackPointExtension>
            <ns3:hr>161</ns3:hr>
            <ns3:cad>88</ns3:cad>
          </ns3:TrackPointExtension>
        </extensions>
      </trkpt>
      <trkpt lat="31.9627772457897663116455078125" lon="118.68315135128796100616455078125">
        <ele>8.19999980926513671875</ele>
        <time>2026-08-14T11:56:32.000Z</time>
        <extensions>
          <ns3:TrackPointExtension>
            <ns3:hr>162</ns3:hr>
            <ns3:cad>88</ns3:cad>
          </ns3:TrackPointExtension>
        </extensions>
      </trkpt>
      <trkpt lat="31.9627805985510349273681640625" lon="118.68313215672969818115234375">
        <ele>8.19999980926513671875</ele>
        <time>2026-08-14T11:56:33.000Z</time>
        <extensions>
          <ns3:TrackPointExtension>
            <ns3:hr>162</ns3:hr>
            <ns3:cad>89</ns3:cad>
          </ns3:TrackPointExtension>
        </extensions>
      </trkpt>
      <trkpt lat="31.9627899862825870513916015625" lon="118.68310826830565929412841796875">
        <ele>8.19999980926513671875</ele>
        <time>2026-08-14T11:56:34.000Z</time>
        <extensions>
          <ns3:TrackPointExtension>
            <ns3:hr>162</ns3:hr>
            <ns3:cad>88</ns3:cad>
          </ns3:TrackPointExtension>
        </extensions>
      </trkpt>
      <trkpt lat="31.962793506681919097900390625" lon="118.683088906109333038330078125">
        <ele>8.19999980926513671875</ele>
        <time>2026-08-14T11:56:35.000Z</time>
        <extensions>
          <ns3:TrackPointExtension>
            <ns3:hr>162</ns3:hr>
            <ns3:cad>89</ns3:cad>
          </ns3:TrackPointExtension>
        </extensions>
      </trkpt>
      <trkpt lat="31.96280415169894695281982421875" lon="118.6830635927617549896240234375">
        <ele>8.3999996185302734375</ele>
        <time>2026-08-14T11:56:36.000Z</time>
        <extensions>
          <ns3:TrackPointExtension>
            <ns3:hr>162</ns3:hr>
            <ns3:cad>89</ns3:cad>
          </ns3:TrackPointExtension>
        </extensions>
      </trkpt>
      <trkpt lat="31.96280599571764469146728515625" lon="118.68304624222218990325927734375">
        <ele>8.3999996185302734375</ele>
        <time>2026-08-14T11:56:37.000Z</time>
        <extensions>
          <ns3:TrackPointExtension>
            <ns3:hr>162</ns3:hr>
            <ns3:cad>89</ns3:cad>
          </ns3:TrackPointExtension>
        </extensions>
      </trkpt>
      <trkpt lat="31.9628194905817508697509765625" lon="118.6830236949026584625244140625">
        <ele>8.19999980926513671875</ele>
        <time>2026-08-14T11:56:38.000Z</time>
        <extensions>
          <ns3:TrackPointExtension>
            <ns3:hr>163</ns3:hr>
            <ns3:cad>89</ns3:cad>
          </ns3:TrackPointExtension>
        </extensions>
      </trkpt>
      <trkpt lat="31.9628238491714000701904296875" lon="118.683006763458251953125">
        <ele>8.19999980926513671875</ele>
        <time>2026-08-14T11:56:39.000Z</time>
        <extensions>
          <ns3:TrackPointExtension>
            <ns3:hr>163</ns3:hr>
            <ns3:cad>89</ns3:cad>
          </ns3:TrackPointExtension>
        </extensions>
      </trkpt>
      <trkpt lat="31.962837092578411102294921875" lon="118.68298153392970561981201171875">
        <ele>8.19999980926513671875</ele>
        <time>2026-08-14T11:56:40.000Z</time>
        <extensions>
          <ns3:TrackPointExtension>
            <ns3:hr>163</ns3:hr>
            <ns3:cad>89</ns3:cad>
          </ns3:TrackPointExtension>
        </extensions>
      </trkpt>
      <trkpt lat="31.96283918805420398712158203125" lon="118.6829656921327114105224609375">
        <ele>8.19999980926513671875</ele>
        <time>2026-08-14T11:56:41.000Z</time>
        <extensions>
          <ns3:TrackPointExtension>
            <ns3:hr>163</ns3:hr>
            <ns3:cad>88</ns3:cad>
          </ns3:TrackPointExtension>
        </extensions>
      </trkpt>
      <trkpt lat="31.96284974925220012664794921875" lon="118.682941384613513946533203125">
        <ele>8.19999980926513671875</ele>
        <time>2026-08-14T11:56:42.000Z</time>
        <extensions>
          <ns3:TrackPointExtension>
            <ns3:hr>163</ns3:hr>
            <ns3:cad>88</ns3:cad>
          </ns3:TrackPointExtension>
        </extensions>
      </trkpt>
      <trkpt lat="31.96285611949861049652099609375" lon="118.6829278059303760528564453125">
        <ele>8.19999980926513671875</ele>
        <time>2026-08-14T11:56:43.000Z</time>
        <extensions>
          <ns3:TrackPointExtension>
            <ns3:hr>163</ns3:hr>
            <ns3:cad>88</ns3:cad>
          </ns3:TrackPointExtension>
        </extensions>
      </trkpt>
      <trkpt lat="31.96286299265921115875244140625" lon="118.68290542624890804290771484375">
        <ele>8.19999980926513671875</ele>
        <time>2026-08-14T11:56:44.000Z</time>
        <extensions>
          <ns3:TrackPointExtension>
            <ns3:hr>163</ns3:hr>
            <ns3:cad>88</ns3:cad>
          </ns3:TrackPointExtension>
        </extensions>
      </trkpt>
      <trkpt lat="31.96286953054368495941162109375" lon="118.68288799189031124114990234375">
        <ele>8.19999980926513671875</ele>
        <time>2026-08-14T11:56:45.000Z</time>
        <extensions>
          <ns3:TrackPointExtension>
            <ns3:hr>163</ns3:hr>
            <ns3:cad>88</ns3:cad>
          </ns3:TrackPointExtension>
        </extensions>
      </trkpt>
      <trkpt lat="31.96287556551396846771240234375" lon="118.68286670185625553131103515625">
        <ele>8.19999980926513671875</ele>
        <time>2026-08-14T11:56:46.000Z</time>
        <extensions>
          <ns3:TrackPointExtension>
            <ns3:hr>163</ns3:hr>
            <ns3:cad>88</ns3:cad>
          </ns3:TrackPointExtension>
        </extensions>
      </trkpt>
      <trkpt lat="31.96288294158875942230224609375" lon="118.68284608237445354461669921875">
        <ele>8.19999980926513671875</ele>
        <time>2026-08-14T11:56:47.000Z</time>
        <extensions>
          <ns3:TrackPointExtension>
            <ns3:hr>163</ns3:hr>
            <ns3:cad>88</ns3:cad>
          </ns3:TrackPointExtension>
        </extensions>
      </trkpt>
      <trkpt lat="31.96289048530161380767822265625" lon="118.68282345123589038848876953125">
        <ele>8.19999980926513671875</ele>
        <time>2026-08-14T11:56:48.000Z</time>
        <extensions>
          <ns3:TrackPointExtension>
            <ns3:hr>163</ns3:hr>
            <ns3:cad>88</ns3:cad>
          </ns3:TrackPointExtension>
        </extensions>
      </trkpt>
      <trkpt lat="31.96289802901446819305419921875" lon="118.68280182592570781707763671875">
        <ele>8.19999980926513671875</ele>
        <time>2026-08-14T11:56:49.000Z</time>
        <extensions>
          <ns3:TrackPointExtension>
            <ns3:hr>163</ns3:hr>
            <ns3:cad>88</ns3:cad>
          </ns3:TrackPointExtension>
        </extensions>
      </trkpt>
      <trkpt lat="31.96290423162281513214111328125" lon="118.682782463729381561279296875">
        <ele>8.19999980926513671875</ele>
        <time>2026-08-14T11:56:50.000Z</time>
        <extensions>
          <ns3:TrackPointExtension>
            <ns3:hr>163</ns3:hr>
            <ns3:cad>88</ns3:cad>
          </ns3:TrackPointExtension>
        </extensions>
      </trkpt>
      <trkpt lat="31.96291395463049411773681640625" lon="118.682758994400501251220703125">
        <ele>8.19999980926513671875</ele>
        <time>2026-08-14T11:56:51.000Z</time>
        <extensions>
          <ns3:TrackPointExtension>
            <ns3:hr>163</ns3:hr>
            <ns3:cad>88</ns3:cad>
          </ns3:TrackPointExtension>
        </extensions>
      </trkpt>
      <trkpt lat="31.96291730739176273345947265625" lon="118.68273762054741382598876953125">
        <ele>8.19999980926513671875</ele>
        <time>2026-08-14T11:56:52.000Z</time>
        <extensions>
          <ns3:TrackPointExtension>
            <ns3:hr>163</ns3:hr>
            <ns3:cad>88</ns3:cad>
          </ns3:TrackPointExtension>
        </extensions>
      </trkpt>
      <trkpt lat="31.9629286229610443115234375" lon="118.682711385190486907958984375">
        <ele>8.19999980926513671875</ele>
        <time>2026-08-14T11:56:53.000Z</time>
        <extensions>
          <ns3:TrackPointExtension>
            <ns3:hr>163</ns3:hr>
            <ns3:cad>89</ns3:cad>
          </ns3:TrackPointExtension>
        </extensions>
      </trkpt>
      <trkpt lat="31.96293189190328121185302734375" lon="118.68269403465092182159423828125">
        <ele>8.19999980926513671875</ele>
        <time>2026-08-14T11:56:54.000Z</time>
        <extensions>
          <ns3:TrackPointExtension>
            <ns3:hr>163</ns3:hr>
            <ns3:cad>89</ns3:cad>
          </ns3:TrackPointExtension>
        </extensions>
      </trkpt>
      <trkpt lat="31.962943039834499359130859375" lon="118.68266955949366092681884765625">
        <ele>8.19999980926513671875</ele>
        <time>2026-08-14T11:56:55.000Z</time>
        <extensions>
          <ns3:TrackPointExtension>
            <ns3:hr>163</ns3:hr>
            <ns3:cad>88</ns3:cad>
          </ns3:TrackPointExtension>
        </extensions>
      </trkpt>
      <trkpt lat="31.9629432074725627899169921875" lon="118.68265396915376186370849609375">
        <ele>8.19999980926513671875</ele>
        <time>2026-08-14T11:56:56.000Z</time>
        <extensions>
          <ns3:TrackPointExtension>
            <ns3:hr>163</ns3:hr>
            <ns3:cad>88</ns3:cad>
          </ns3:TrackPointExtension>
        </extensions>
      </trkpt>
      <trkpt lat="31.962951757013797760009765625" lon="118.68262915872037410736083984375">
        <ele>8.19999980926513671875</ele>
        <time>2026-08-14T11:56:57.000Z</time>
        <extensions>
          <ns3:TrackPointExtension>
            <ns3:hr>164</ns3:hr>
            <ns3:cad>88</ns3:cad>
          </ns3:TrackPointExtension>
        </extensions>
      </trkpt>
      <trkpt lat="31.9629559479653835296630859375" lon="118.682612478733062744140625">
        <ele>8.19999980926513671875</ele>
        <time>2026-08-14T11:56:58.000Z</time>
        <extensions>
          <ns3:TrackPointExtension>
            <ns3:hr>163</ns3:hr>
            <ns3:cad>88</ns3:cad>
          </ns3:TrackPointExtension>
        </extensions>
      </trkpt>
      <trkpt lat="31.96296592243015766143798828125" lon="118.68258657865226268768310546875">
        <ele>8.19999980926513671875</ele>
        <time>2026-08-14T11:56:59.000Z</time>
        <extensions>
          <ns3:TrackPointExtension>
            <ns3:hr>163</ns3:hr>
            <ns3:cad>88</ns3:cad>
          </ns3:TrackPointExtension>
        </extensions>
      </trkpt>
      <trkpt lat="31.96296642534434795379638671875" lon="118.6825673840939998626708984375">
        <ele>8.19999980926513671875</ele>
        <time>2026-08-14T11:57:00.000Z</time>
        <extensions>
          <ns3:TrackPointExtension>
            <ns3:hr>164</ns3:hr>
            <ns3:cad>89</ns3:cad>
          </ns3:TrackPointExtension>
        </extensions>
      </trkpt>
      <trkpt lat="31.9629757292568683624267578125" lon="118.68254349566996097564697265625">
        <ele>8.19999980926513671875</ele>
        <time>2026-08-14T11:57:01.000Z</time>
        <extensions>
          <ns3:TrackPointExtension>
            <ns3:hr>164</ns3:hr>
            <ns3:cad>88</ns3:cad>
          </ns3:TrackPointExtension>
        </extensions>
      </trkpt>
      <trkpt lat="31.96297933347523212432861328125" lon="118.682524301111698150634765625">
        <ele>8.3999996185302734375</ele>
        <time>2026-08-14T11:57:02.000Z</time>
        <extensions>
          <ns3:TrackPointExtension>
            <ns3:hr>164</ns3:hr>
            <ns3:cad>89</ns3:cad>
          </ns3:TrackPointExtension>
        </extensions>
      </trkpt>
      <trkpt lat="31.96299123577773571014404296875" lon="118.68249739520251750946044921875">
        <ele>8.3999996185302734375</ele>
        <time>2026-08-14T11:57:03.000Z</time>
        <extensions>
          <ns3:TrackPointExtension>
            <ns3:hr>164</ns3:hr>
            <ns3:cad>89</ns3:cad>
          </ns3:TrackPointExtension>
        </extensions>
      </trkpt>
      <trkpt lat="31.96299777366220951080322265625" lon="118.682480715215206146240234375">
        <ele>8.3999996185302734375</ele>
        <time>2026-08-14T11:57:04.000Z</time>
        <extensions>
          <ns3:TrackPointExtension>
            <ns3:hr>164</ns3:hr>
            <ns3:cad>89</ns3:cad>
          </ns3:TrackPointExtension>
        </extensions>
      </trkpt>
      <trkpt lat="31.9630072452127933502197265625" lon="118.6824577488005161285400390625">
        <ele>8.19999980926513671875</ele>
        <time>2026-08-14T11:57:05.000Z</time>
        <extensions>
          <ns3:TrackPointExtension>
            <ns3:hr>163</ns3:hr>
            <ns3:cad>89</ns3:cad>
          </ns3:TrackPointExtension>
        </extensions>
      </trkpt>
      <trkpt lat="31.96301688440144062042236328125" lon="118.68244039826095104217529296875">
        <ele>8.19999980926513671875</ele>
        <time>2026-08-14T11:57:06.000Z</time>
        <extensions>
          <ns3:TrackPointExtension>
            <ns3:hr>164</ns3:hr>
            <ns3:cad>88</ns3:cad>
          </ns3:TrackPointExtension>
        </extensions>
      </trkpt>
      <trkpt lat="31.96302711032330989837646484375" lon="118.6824191920459270477294921875">
        <ele>8.19999980926513671875</ele>
        <time>2026-08-14T11:57:07.000Z</time>
        <extensions>
          <ns3:TrackPointExtension>
            <ns3:hr>164</ns3:hr>
            <ns3:cad>88</ns3:cad>
          </ns3:TrackPointExtension>
        </extensions>
      </trkpt>
      <trkpt lat="31.963036246597766876220703125" lon="118.6824004165828227996826171875">
        <ele>8.19999980926513671875</ele>
        <time>2026-08-14T11:57:08.000Z</time>
        <extensions>
          <ns3:TrackPointExtension>
            <ns3:hr>164</ns3:hr>
            <ns3:cad>88</ns3:cad>
          </ns3:TrackPointExtension>
        </extensions>
      </trkpt>
      <trkpt lat="31.96304320357739925384521484375" lon="118.68237845599651336669921875">
        <ele>8.19999980926513671875</ele>
        <time>2026-08-14T11:57:09.000Z</time>
        <extensions>
          <ns3:TrackPointExtension>
            <ns3:hr>164</ns3:hr>
            <ns3:cad>88</ns3:cad>
          </ns3:TrackPointExtension>
        </extensions>
      </trkpt>
      <trkpt lat="31.96305309422314167022705078125" lon="118.68236026726663112640380859375">
        <ele>8.19999980926513671875</ele>
        <time>2026-08-14T11:57:10.000Z</time>
        <extensions>
          <ns3:TrackPointExtension>
            <ns3:hr>164</ns3:hr>
            <ns3:cad>88</ns3:cad>
          </ns3:TrackPointExtension>
        </extensions>
      </trkpt>
      <trkpt lat="31.96305912919342517852783203125" lon="118.68234149180352687835693359375">
        <ele>8.19999980926513671875</ele>
        <time>2026-08-14T11:57:11.000Z</time>
        <extensions>
          <ns3:TrackPointExtension>
            <ns3:hr>164</ns3:hr>
            <ns3:cad>89</ns3:cad>
          </ns3:TrackPointExtension>
        </extensions>
      </trkpt>
      <trkpt lat="31.963067762553691864013671875" lon="118.68232171051204204559326171875">
        <ele>8.19999980926513671875</ele>
        <time>2026-08-14T11:57:12.000Z</time>
        <extensions>
          <ns3:TrackPointExtension>
            <ns3:hr>165</ns3:hr>
            <ns3:cad>88</ns3:cad>
          </ns3:TrackPointExtension>
        </extensions>
      </trkpt>
      <trkpt lat="31.96307010948657989501953125" lon="118.682302348315715789794921875">
        <ele>8.19999980926513671875</ele>
        <time>2026-08-14T11:57:13.000Z</time>
        <extensions>
          <ns3:TrackPointExtension>
            <ns3:hr>164</ns3:hr>
            <ns3:cad>88</ns3:cad>
          </ns3:TrackPointExtension>
        </extensions>
      </trkpt>
      <trkpt lat="31.963077485561370849609375" lon="118.68227812461555004119873046875">
        <ele>8.19999980926513671875</ele>
        <time>2026-08-14T11:57:14.000Z</time>
        <extensions>
          <ns3:TrackPointExtension>
            <ns3:hr>165</ns3:hr>
            <ns3:cad>88</ns3:cad>
          </ns3:TrackPointExtension>
        </extensions>
      </trkpt>
      <trkpt lat="31.96308276616036891937255859375" lon="118.6822552420198917388916015625">
        <ele>8.3999996185302734375</ele>
        <time>2026-08-14T11:57:15.000Z</time>
        <extensions>
          <ns3:TrackPointExtension>
            <ns3:hr>165</ns3:hr>
            <ns3:cad>88</ns3:cad>
          </ns3:TrackPointExtension>
        </extensions>
      </trkpt>
      <trkpt lat="31.963090561330318450927734375" lon="118.68223319761455059051513671875">
        <ele>8.3999996185302734375</ele>
        <time>2026-08-14T11:57:16.000Z</time>
        <extensions>
          <ns3:TrackPointExtension>
            <ns3:hr>165</ns3:hr>
            <ns3:cad>88</ns3:cad>
          </ns3:TrackPointExtension>
        </extensions>
      </trkpt>
      <trkpt lat="31.9630920700728893280029296875" lon="118.68221526034176349639892578125">
        <ele>8.3999996185302734375</ele>
        <time>2026-08-14T11:57:17.000Z</time>
        <extensions>
          <ns3:TrackPointExtension>
            <ns3:hr>165</ns3:hr>
            <ns3:cad>87</ns3:cad>
          </ns3:TrackPointExtension>
        </extensions>
      </trkpt>
      <trkpt lat="31.96310489438474178314208984375" lon="118.68218692950904369354248046875">
        <ele>8.3999996185302734375</ele>
        <time>2026-08-14T11:57:18.000Z</time>
        <extensions>
          <ns3:TrackPointExtension>
            <ns3:hr>165</ns3:hr>
            <ns3:cad>88</ns3:cad>
          </ns3:TrackPointExtension>
        </extensions>
      </trkpt>
      <trkpt lat="31.9631056487560272216796875" lon="118.6821700818836688995361328125">
        <ele>8.3999996185302734375</ele>
        <time>2026-08-14T11:57:19.000Z</time>
        <extensions>
          <ns3:TrackPointExtension>
            <ns3:hr>165</ns3:hr>
            <ns3:cad>88</ns3:cad>
          </ns3:TrackPointExtension>
        </extensions>
      </trkpt>
      <trkpt lat="31.96311880834400653839111328125" lon="118.68214636109769344329833984375">
        <ele>8.19999980926513671875</ele>
        <time>2026-08-14T11:57:20.000Z</time>
        <extensions>
          <ns3:TrackPointExtension>
            <ns3:hr>165</ns3:hr>
            <ns3:cad>88</ns3:cad>
          </ns3:TrackPointExtension>
        </extensions>
      </trkpt>
      <trkpt lat="31.96312241256237030029296875" lon="118.68213043548166751861572265625">
        <ele>8.19999980926513671875</ele>
        <time>2026-08-14T11:57:21.000Z</time>
        <extensions>
          <ns3:TrackPointExtension>
            <ns3:hr>166</ns3:hr>
            <ns3:cad>88</ns3:cad>
          </ns3:TrackPointExtension>
        </extensions>
      </trkpt>
      <trkpt lat="31.9631343148648738861083984375" lon="118.68210478685796260833740234375">
        <ele>8.19999980926513671875</ele>
        <time>2026-08-14T11:57:22.000Z</time>
        <extensions>
          <ns3:TrackPointExtension>
            <ns3:hr>165</ns3:hr>
            <ns3:cad>88</ns3:cad>
          </ns3:TrackPointExtension>
        </extensions>
      </trkpt>
      <trkpt lat="31.96313984692096710205078125" lon="118.68208735249936580657958984375">
        <ele>8.19999980926513671875</ele>
        <time>2026-08-14T11:57:23.000Z</time>
        <extensions>
          <ns3:TrackPointExtension>
            <ns3:hr>165</ns3:hr>
            <ns3:cad>88</ns3:cad>
          </ns3:TrackPointExtension>
        </extensions>
      </trkpt>
      <trkpt lat="31.96314713917672634124755859375" lon="118.68206488899886608123779296875">
        <ele>8.3999996185302734375</ele>
        <time>2026-08-14T11:57:24.000Z</time>
        <extensions>
          <ns3:TrackPointExtension>
            <ns3:hr>165</ns3:hr>
            <ns3:cad>88</ns3:cad>
          </ns3:TrackPointExtension>
        </extensions>
      </trkpt>
      <trkpt lat="31.96315434761345386505126953125" lon="118.68204795755445957183837890625">
        <ele>8.3999996185302734375</ele>
        <time>2026-08-14T11:57:25.000Z</time>
        <extensions>
          <ns3:TrackPointExtension>
            <ns3:hr>165</ns3:hr>
            <ns3:cad>89</ns3:cad>
          </ns3:TrackPointExtension>
        </extensions>
      </trkpt>
      <trkpt lat="31.96316373534500598907470703125" lon="118.68202499113976955413818359375">
        <ele>8.3999996185302734375</ele>
        <time>2026-08-14T11:57:26.000Z</time>
        <extensions>
          <ns3:TrackPointExtension>
            <ns3:hr>166</ns3:hr>
            <ns3:cad>89</ns3:cad>
          </ns3:TrackPointExtension>
        </extensions>
      </trkpt>
      <trkpt lat="31.9631758891046047210693359375" lon="118.68200889788568019866943359375">
        <ele>8.3999996185302734375</ele>
        <time>2026-08-14T11:57:27.000Z</time>
        <extensions>
          <ns3:TrackPointExtension>
            <ns3:hr>165</ns3:hr>
            <ns3:cad>89</ns3:cad>
          </ns3:TrackPointExtension>
        </extensions>
      </trkpt>
      <trkpt lat="31.96318485774099826812744140625" lon="118.68198844604194164276123046875">
        <ele>8.3999996185302734375</ele>
        <time>2026-08-14T11:57:28.000Z</time>
        <extensions>
          <ns3:TrackPointExtension>
            <ns3:hr>165</ns3:hr>
            <ns3:cad>89</ns3:cad>
          </ns3:TrackPointExtension>
        </extensions>
      </trkpt>
      <trkpt lat="31.96319558657705783843994140625" lon="118.68196547962725162506103515625">
        <ele>8.3999996185302734375</ele>
        <time>2026-08-14T11:57:29.000Z</time>
        <extensions>
          <ns3:TrackPointExtension>
            <ns3:hr>166</ns3:hr>
            <ns3:cad>88</ns3:cad>
          </ns3:TrackPointExtension>
        </extensions>
      </trkpt>
      <trkpt lat="31.96319860406219959259033203125" lon="118.68194486014544963836669921875">
        <ele>8.3999996185302734375</ele>
        <time>2026-08-14T11:57:30.000Z</time>
        <extensions>
          <ns3:TrackPointExtension>
            <ns3:hr>165</ns3:hr>
            <ns3:cad>88</ns3:cad>
          </ns3:TrackPointExtension>
        </extensions>
      </trkpt>
      <trkpt lat="31.96320354938507080078125" lon="118.68192943744361400604248046875">
        <ele>8.3999996185302734375</ele>
        <time>2026-08-14T11:57:31.000Z</time>
        <extensions>
          <ns3:TrackPointExtension>
            <ns3:hr>166</ns3:hr>
            <ns3:cad>89</ns3:cad>
          </ns3:TrackPointExtension>
        </extensions>
      </trkpt>
      <trkpt lat="31.9632097519934177398681640625" lon="118.681918121874332427978515625">
        <ele>8.3999996185302734375</ele>
        <time>2026-08-14T11:57:32.000Z</time>
        <extensions>
          <ns3:TrackPointExtension>
            <ns3:hr>166</ns3:hr>
            <ns3:cad>89</ns3:cad>
          </ns3:TrackPointExtension>
        </extensions>
      </trkpt>
      <trkpt lat="31.96321335621178150177001953125" lon="118.681904040277004241943359375">
        <ele>8.19999980926513671875</ele>
        <time>2026-08-14T11:57:33.000Z</time>
        <extensions>
          <ns3:TrackPointExtension>
            <ns3:hr>166</ns3:hr>
            <ns3:cad>87</ns3:cad>
          </ns3:TrackPointExtension>
        </extensions>
      </trkpt>
      <trkpt lat="31.9632156193256378173828125" lon="118.68189021013677120208740234375">
        <ele>8.19999980926513671875</ele>
        <time>2026-08-14T11:57:34.000Z</time>
        <extensions>
          <ns3:TrackPointExtension>
            <ns3:hr>166</ns3:hr>
            <ns3:cad>87</ns3:cad>
          </ns3:TrackPointExtension>
        </extensions>
      </trkpt>
      <trkpt lat="31.96321763098239898681640625" lon="118.68187361396849155426025390625">
        <ele>8.19999980926513671875</ele>
        <time>2026-08-14T11:57:35.000Z</time>
        <extensions>
          <ns3:TrackPointExtension>
            <ns3:hr>165</ns3:hr>
            <ns3:cad>87</ns3:cad>
          </ns3:TrackPointExtension>
        </extensions>
      </trkpt>
      <trkpt lat="31.96322089992463588714599609375" lon="118.6818579398095607757568359375">
        <ele>8.19999980926513671875</ele>
        <time>2026-08-14T11:57:36.000Z</time>
        <extensions>
          <ns3:TrackPointExtension>
            <ns3:hr>166</ns3:hr>
            <ns3:cad>87</ns3:cad>
          </ns3:TrackPointExtension>
        </extensions>
      </trkpt>
      <trkpt lat="31.96322626434266567230224609375" lon="118.6818413436412811279296875">
        <ele>8.19999980926513671875</ele>
        <time>2026-08-14T11:57:37.000Z</time>
        <extensions>
          <ns3:TrackPointExtension>
            <ns3:hr>166</ns3:hr>
            <ns3:cad>60</ns3:cad>
          </ns3:TrackPointExtension>
        </extensions>
      </trkpt>
      <trkpt lat="31.9632312096655368804931640625" lon="118.68182550184428691864013671875">
        <ele>8.19999980926513671875</ele>
        <time>2026-08-14T11:57:38.000Z</time>
        <extensions>
          <ns3:TrackPointExtension>
            <ns3:hr>166</ns3:hr>
            <ns3:cad>60</ns3:cad>
          </ns3:TrackPointExtension>
        </extensions>
      </trkpt>
      <trkpt lat="31.96323598735034465789794921875" lon="118.68181142024695873260498046875">
        <ele>8.19999980926513671875</ele>
        <time>2026-08-14T11:57:39.000Z</time>
        <extensions>
          <ns3:TrackPointExtension>
            <ns3:hr>165</ns3:hr>
            <ns3:cad>60</ns3:cad>
          </ns3:TrackPointExtension>
        </extensions>
      </trkpt>
      <trkpt lat="31.963242776691913604736328125" lon="118.6817984282970428466796875">
        <ele>8</ele>
        <time>2026-08-14T11:57:40.000Z</time>
        <extensions>
          <ns3:TrackPointExtension>
            <ns3:hr>165</ns3:hr>
            <ns3:cad>58</ns3:cad>
          </ns3:TrackPointExtension>
        </extensions>
      </trkpt>
      <trkpt lat="31.963248141109943389892578125" lon="118.681786023080348968505859375">
        <ele>8</ele>
        <time>2026-08-14T11:57:41.000Z</time>
        <extensions>
          <ns3:TrackPointExtension>
            <ns3:hr>165</ns3:hr>
            <ns3:cad>58</ns3:cad>
          </ns3:TrackPointExtension>
        </extensions>
      </trkpt>
      <trkpt lat="31.963254511356353759765625" lon="118.6817744560539722442626953125">
        <ele>8.19999980926513671875</ele>
        <time>2026-08-14T11:57:42.000Z</time>
        <extensions>
          <ns3:TrackPointExtension>
            <ns3:hr>165</ns3:hr>
            <ns3:cad>59</ns3:cad>
          </ns3:TrackPointExtension>
        </extensions>
      </trkpt>
      <trkpt lat="31.96326012723147869110107421875" lon="118.68176263757050037384033203125">
        <ele>8.19999980926513671875</ele>
        <time>2026-08-14T11:57:43.000Z</time>
        <extensions>
          <ns3:TrackPointExtension>
            <ns3:hr>164</ns3:hr>
            <ns3:cad>59</ns3:cad>
          </ns3:TrackPointExtension>
        </extensions>
      </trkpt>
      <trkpt lat="31.96326549164950847625732421875" lon="118.681748472154140472412109375">
        <ele>8</ele>
        <time>2026-08-14T11:57:44.000Z</time>
        <extensions>
          <ns3:TrackPointExtension>
            <ns3:hr>164</ns3:hr>
            <ns3:cad>59</ns3:cad>
          </ns3:TrackPointExtension>
        </extensions>
      </trkpt>
      <trkpt lat="31.963272280991077423095703125" lon="118.681732714176177978515625">
        <ele>8.19999980926513671875</ele>
        <time>2026-08-14T11:57:45.000Z</time>
        <extensions>
          <ns3:TrackPointExtension>
            <ns3:hr>163</ns3:hr>
            <ns3:cad>59</ns3:cad>
          </ns3:TrackPointExtension>
        </extensions>
      </trkpt>
      <trkpt lat="31.9632804952561855316162109375" lon="118.6817144416272640228271484375">
        <ele>8.19999980926513671875</ele>
        <time>2026-08-14T11:57:46.000Z</time>
        <extensions>
          <ns3:TrackPointExtension>
            <ns3:hr>163</ns3:hr>
            <ns3:cad>60</ns3:cad>
          </ns3:TrackPointExtension>
        </extensions>
      </trkpt>
      <trkpt lat="31.963286362588405609130859375" lon="118.68169776163995265960693359375">
        <ele>8.19999980926513671875</ele>
        <time>2026-08-14T11:57:47.000Z</time>
        <extensions>
          <ns3:TrackPointExtension>
            <ns3:hr>163</ns3:hr>
            <ns3:cad>60</ns3:cad>
          </ns3:TrackPointExtension>
        </extensions>
      </trkpt>
      <trkpt lat="31.96329164318740367889404296875" lon="118.68168300949037075042724609375">
        <ele>8.19999980926513671875</ele>
        <time>2026-08-14T11:57:48.000Z</time>
        <extensions>
          <ns3:TrackPointExtension>
            <ns3:hr>163</ns3:hr>
            <ns3:cad>60</ns3:cad>
          </ns3:TrackPointExtension>
        </extensions>
      </trkpt>
      <trkpt lat="31.963298432528972625732421875" lon="118.681664653122425079345703125">
        <ele>8.3999996185302734375</ele>
        <time>2026-08-14T11:57:49.000Z</time>
        <extensions>
          <ns3:TrackPointExtension>
            <ns3:hr>162</ns3:hr>
            <ns3:cad>60</ns3:cad>
          </ns3:TrackPointExtension>
        </extensions>
      </trkpt>
      <trkpt lat="31.96330077946186065673828125" lon="118.6816510744392871856689453125">
        <ele>8.3999996185302734375</ele>
        <time>2026-08-14T11:57:50.000Z</time>
        <extensions>
          <ns3:TrackPointExtension>
            <ns3:hr>162</ns3:hr>
            <ns3:cad>60</ns3:cad>
          </ns3:TrackPointExtension>
        </extensions>
      </trkpt>
      <trkpt lat="31.96330270729959011077880859375" lon="118.68163355626165866851806640625">
        <ele>8.3999996185302734375</ele>
        <time>2026-08-14T11:57:51.000Z</time>
        <extensions>
          <ns3:TrackPointExtension>
            <ns3:hr>162</ns3:hr>
            <ns3:cad>60</ns3:cad>
          </ns3:TrackPointExtension>
        </extensions>
      </trkpt>
      <trkpt lat="31.96330572478473186492919921875" lon="118.68161880411207675933837890625">
        <ele>8.3999996185302734375</ele>
        <time>2026-08-14T11:57:52.000Z</time>
        <extensions>
          <ns3:TrackPointExtension>
            <ns3:hr>162</ns3:hr>
            <ns3:cad>60</ns3:cad>
          </ns3:TrackPointExtension>
        </extensions>
      </trkpt>
      <trkpt lat="31.963312514126300811767578125" lon="118.68160572834312915802001953125">
        <ele>8.19999980926513671875</ele>
        <time>2026-08-14T11:57:53.000Z</time>
        <extensions>
          <ns3:TrackPointExtension>
            <ns3:hr>162</ns3:hr>
            <ns3:cad>60</ns3:cad>
          </ns3:TrackPointExtension>
        </extensions>
      </trkpt>
      <trkpt lat="31.963318549096584320068359375" lon="118.68158519268035888671875">
        <ele>8.19999980926513671875</ele>
        <time>2026-08-14T11:57:54.000Z</time>
        <extensions>
          <ns3:TrackPointExtension>
            <ns3:hr>161</ns3:hr>
            <ns3:cad>61</ns3:cad>
          </ns3:TrackPointExtension>
        </extensions>
      </trkpt>
      <trkpt lat="31.9633250869810581207275390625" lon="118.68156935088336467742919921875">
        <ele>8.19999980926513671875</ele>
        <time>2026-08-14T11:57:55.000Z</time>
        <extensions>
          <ns3:TrackPointExtension>
            <ns3:hr>161</ns3:hr>
            <ns3:cad>61</ns3:cad>
          </ns3:TrackPointExtension>
        </extensions>
      </trkpt>
      <trkpt lat="31.96333170868456363677978515625" lon="118.681554682552814483642578125">
        <ele>8.19999980926513671875</ele>
        <time>2026-08-14T11:57:56.000Z</time>
        <extensions>
          <ns3:TrackPointExtension>
            <ns3:hr>160</ns3:hr>
            <ns3:cad>61</ns3:cad>
          </ns3:TrackPointExtension>
        </extensions>
      </trkpt>
      <trkpt lat="31.963337324559688568115234375" lon="118.68154026567935943603515625">
        <ele>8.19999980926513671875</ele>
        <time>2026-08-14T11:57:57.000Z</time>
        <extensions>
          <ns3:TrackPointExtension>
            <ns3:hr>160</ns3:hr>
            <ns3:cad>61</ns3:cad>
          </ns3:TrackPointExtension>
        </extensions>
      </trkpt>
      <trkpt lat="31.96334210224449634552001953125" lon="118.68152660317718982696533203125">
        <ele>8.19999980926513671875</ele>
        <time>2026-08-14T11:57:58.000Z</time>
        <extensions>
          <ns3:TrackPointExtension>
            <ns3:hr>159</ns3:hr>
            <ns3:cad>61</ns3:cad>
          </ns3:TrackPointExtension>
        </extensions>
      </trkpt>
      <trkpt lat="31.96334662847220897674560546875" lon="118.6815126053988933563232421875">
        <ele>8.19999980926513671875</ele>
        <time>2026-08-14T11:57:59.000Z</time>
        <extensions>
          <ns3:TrackPointExtension>
            <ns3:hr>158</ns3:hr>
            <ns3:cad>61</ns3:cad>
          </ns3:TrackPointExtension>
        </extensions>
      </trkpt>
      <trkpt lat="31.9633515737950801849365234375" lon="118.6814991943538188934326171875">
        <ele>8.19999980926513671875</ele>
        <time>2026-08-14T11:58:00.000Z</time>
        <extensions>
          <ns3:TrackPointExtension>
            <ns3:hr>156</ns3:hr>
            <ns3:cad>60</ns3:cad>
          </ns3:TrackPointExtension>
        </extensions>
      </trkpt>
      <trkpt lat="31.96335786022245883941650390625" lon="118.68148536421358585357666015625">
        <ele>8.19999980926513671875</ele>
        <time>2026-08-14T11:58:01.000Z</time>
        <extensions>
          <ns3:TrackPointExtension>
            <ns3:hr>155</ns3:hr>
            <ns3:cad>60</ns3:cad>
          </ns3:TrackPointExtension>
        </extensions>
      </trkpt>
      <trkpt lat="31.96336372755467891693115234375" lon="118.68147010914981365203857421875">
        <ele>8.19999980926513671875</ele>
        <time>2026-08-14T11:58:02.000Z</time>
        <extensions>
          <ns3:TrackPointExtension>
            <ns3:hr>155</ns3:hr>
            <ns3:cad>60</ns3:cad>
          </ns3:TrackPointExtension>
        </extensions>
      </trkpt>
      <trkpt lat="31.963369511067867279052734375" lon="118.6814546026289463043212890625">
        <ele>8.19999980926513671875</ele>
        <time>2026-08-14T11:58:03.000Z</time>
        <extensions>
          <ns3:TrackPointExtension>
            <ns3:hr>155</ns3:hr>
            <ns3:cad>60</ns3:cad>
          </ns3:TrackPointExtension>
        </extensions>
      </trkpt>
      <trkpt lat="31.96337512694299221038818359375" lon="118.68143825791776180267333984375">
        <ele>8.19999980926513671875</ele>
        <time>2026-08-14T11:58:04.000Z</time>
        <extensions>
          <ns3:TrackPointExtension>
            <ns3:hr>155</ns3:hr>
            <ns3:cad>60</ns3:cad>
          </ns3:TrackPointExtension>
        </extensions>
      </trkpt>
      <trkpt lat="31.9633824191987514495849609375" lon="118.68142224848270416259765625">
        <ele>8.19999980926513671875</ele>
        <time>2026-08-14T11:58:05.000Z</time>
        <extensions>
          <ns3:TrackPointExtension>
            <ns3:hr>154</ns3:hr>
            <ns3:cad>59</ns3:cad>
          </ns3:TrackPointExtension>
        </extensions>
      </trkpt>
      <trkpt lat="31.9633864425122737884521484375" lon="118.68140489794313907623291015625">
        <ele>8.3999996185302734375</ele>
        <time>2026-08-14T11:58:06.000Z</time>
        <extensions>
          <ns3:TrackPointExtension>
            <ns3:hr>154</ns3:hr>
            <ns3:cad>59</ns3:cad>
          </ns3:TrackPointExtension>
        </extensions>
      </trkpt>
      <trkpt lat="31.963389627635478973388671875" lon="118.6813880503177642822265625">
        <ele>8.3999996185302734375</ele>
        <time>2026-08-14T11:58:07.000Z</time>
        <extensions>
          <ns3:TrackPointExtension>
            <ns3:hr>154</ns3:hr>
            <ns3:cad>59</ns3:cad>
          </ns3:TrackPointExtension>
        </extensions>
      </trkpt>
      <trkpt lat="31.96339666843414306640625" lon="118.6813754774630069732666015625">
        <ele>8.3999996185302734375</ele>
        <time>2026-08-14T11:58:08.000Z</time>
        <extensions>
          <ns3:TrackPointExtension>
            <ns3:hr>153</ns3:hr>
            <ns3:cad>59</ns3:cad>
          </ns3:TrackPointExtension>
        </extensions>
      </trkpt>
      <trkpt lat="31.96340329013764858245849609375" lon="118.681362569332122802734375">
        <ele>8.3999996185302734375</ele>
        <time>2026-08-14T11:58:09.000Z</time>
        <extensions>
          <ns3:TrackPointExtension>
            <ns3:hr>153</ns3:hr>
            <ns3:cad>59</ns3:cad>
          </ns3:TrackPointExtension>
        </extensions>
      </trkpt>
      <trkpt lat="31.96341083385050296783447265625" lon="118.6813499964773654937744140625">
        <ele>8.3999996185302734375</ele>
        <time>2026-08-14T11:58:10.000Z</time>
        <extensions>
          <ns3:TrackPointExtension>
            <ns3:hr>153</ns3:hr>
            <ns3:cad>59</ns3:cad>
          </ns3:TrackPointExtension>
        </extensions>
      </trkpt>
      <trkpt lat="31.96341753937304019927978515625" lon="118.68133968673646450042724609375">
        <ele>8.19999980926513671875</ele>
        <time>2026-08-14T11:58:11.000Z</time>
        <extensions>
          <ns3:TrackPointExtension>
            <ns3:hr>152</ns3:hr>
            <ns3:cad>59</ns3:cad>
          </ns3:TrackPointExtension>
        </extensions>
      </trkpt>
      <trkpt lat="31.96342407725751399993896484375" lon="118.68132837116718292236328125">
        <ele>8.19999980926513671875</ele>
        <time>2026-08-14T11:58:12.000Z</time>
        <extensions>
          <ns3:TrackPointExtension>
            <ns3:hr>152</ns3:hr>
            <ns3:cad>59</ns3:cad>
          </ns3:TrackPointExtension>
        </extensions>
      </trkpt>
      <trkpt lat="31.96343162097036838531494140625" lon="118.68131018243730068206787109375">
        <ele>8.3999996185302734375</ele>
        <time>2026-08-14T11:58:13.000Z</time>
        <extensions>
          <ns3:TrackPointExtension>
            <ns3:hr>151</ns3:hr>
            <ns3:cad>62</ns3:cad>
          </ns3:TrackPointExtension>
        </extensions>
      </trkpt>
      <trkpt lat="31.9634397514164447784423828125" lon="118.68129543028771877288818359375">
        <ele>8.3999996185302734375</ele>
        <time>2026-08-14T11:58:14.000Z</time>
        <extensions>
          <ns3:TrackPointExtension>
            <ns3:hr>150</ns3:hr>
            <ns3:cad>62</ns3:cad>
          </ns3:TrackPointExtension>
        </extensions>
      </trkpt>
      <trkpt lat="31.96344888769090175628662109375" lon="118.68128067813813686370849609375">
        <ele>8.3999996185302734375</ele>
        <time>2026-08-14T11:58:15.000Z</time>
        <extensions>
          <ns3:TrackPointExtension>
            <ns3:hr>149</ns3:hr>
            <ns3:cad>61</ns3:cad>
          </ns3:TrackPointExtension>
        </extensions>
      </trkpt>
      <trkpt lat="31.96345710195600986480712890625" lon="118.68126709945499897003173828125">
        <ele>8.3999996185302734375</ele>
        <time>2026-08-14T11:58:16.000Z</time>
        <extensions>
          <ns3:TrackPointExtension>
            <ns3:hr>149</ns3:hr>
            <ns3:cad>60</ns3:cad>
          </ns3:TrackPointExtension>
        </extensions>
      </trkpt>
      <trkpt lat="31.9634638912975788116455078125" lon="118.6812544427812099456787109375">
        <ele>8.3999996185302734375</ele>
        <time>2026-08-14T11:58:17.000Z</time>
        <extensions>
          <ns3:TrackPointExtension>
            <ns3:hr>148</ns3:hr>
            <ns3:cad>60</ns3:cad>
          </ns3:TrackPointExtension>
        </extensions>
      </trkpt>
      <trkpt lat="31.9634704291820526123046875" lon="118.68123985826969146728515625">
        <ele>8.3999996185302734375</ele>
        <time>2026-08-14T11:58:18.000Z</time>
        <extensions>
          <ns3:TrackPointExtension>
            <ns3:hr>147</ns3:hr>
            <ns3:cad>60</ns3:cad>
          </ns3:TrackPointExtension>
        </extensions>
      </trkpt>
      <trkpt lat="31.9634762965142726898193359375" lon="118.6812256090342998504638671875">
        <ele>8.3999996185302734375</ele>
        <time>2026-08-14T11:58:19.000Z</time>
        <extensions>
          <ns3:TrackPointExtension>
            <ns3:hr>147</ns3:hr>
            <ns3:cad>61</ns3:cad>
          </ns3:TrackPointExtension>
        </extensions>
      </trkpt>
      <trkpt lat="31.96348140947520732879638671875" lon="118.6812118627130985260009765625">
        <ele>8.19999980926513671875</ele>
        <time>2026-08-14T11:58:20.000Z</time>
        <extensions>
          <ns3:TrackPointExtension>
            <ns3:hr>147</ns3:hr>
            <ns3:cad>61</ns3:cad>
          </ns3:TrackPointExtension>
        </extensions>
      </trkpt>
      <trkpt lat="31.96348727680742740631103515625" lon="118.68119954131543636322021484375">
        <ele>8.19999980926513671875</ele>
        <time>2026-08-14T11:58:21.000Z</time>
        <extensions>
          <ns3:TrackPointExtension>
            <ns3:hr>147</ns3:hr>
            <ns3:cad>61</ns3:cad>
          </ns3:TrackPointExtension>
        </extensions>
      </trkpt>
      <trkpt lat="31.96349331177771091461181640625" lon="118.68118629790842533111572265625">
        <ele>8.19999980926513671875</ele>
        <time>2026-08-14T11:58:22.000Z</time>
        <extensions>
          <ns3:TrackPointExtension>
            <ns3:hr>147</ns3:hr>
            <ns3:cad>61</ns3:cad>
          </ns3:TrackPointExtension>
        </extensions>
      </trkpt>
      <trkpt lat="31.96349884383380413055419921875" lon="118.68117255158722400665283203125">
        <ele>8.19999980926513671875</ele>
        <time>2026-08-14T11:58:23.000Z</time>
        <extensions>
          <ns3:TrackPointExtension>
            <ns3:hr>146</ns3:hr>
            <ns3:cad>61</ns3:cad>
          </ns3:TrackPointExtension>
        </extensions>
      </trkpt>
      <trkpt lat="31.96350487880408763885498046875" lon="118.681158386170864105224609375">
        <ele>8.19999980926513671875</ele>
        <time>2026-08-14T11:58:24.000Z</time>
        <extensions>
          <ns3:TrackPointExtension>
            <ns3:hr>146</ns3:hr>
            <ns3:cad>61</ns3:cad>
          </ns3:TrackPointExtension>
        </extensions>
      </trkpt>
      <trkpt lat="31.9635104946792125701904296875" lon="118.681143634021282196044921875">
        <ele>8.3999996185302734375</ele>
        <time>2026-08-14T11:58:25.000Z</time>
        <extensions>
          <ns3:TrackPointExtension>
            <ns3:hr>146</ns3:hr>
            <ns3:cad>61</ns3:cad>
          </ns3:TrackPointExtension>
        </extensions>
      </trkpt>
      <trkpt lat="31.96351694874465465545654296875" lon="118.68112829513847827911376953125">
        <ele>8.3999996185302734375</ele>
        <time>2026-08-14T11:58:26.000Z</time>
        <extensions>
          <ns3:TrackPointExtension>
            <ns3:hr>146</ns3:hr>
            <ns3:cad>60</ns3:cad>
          </ns3:TrackPointExtension>
        </extensions>
      </trkpt>
      <trkpt lat="31.96352415718138217926025390625" lon="118.681114800274372100830078125">
        <ele>8.3999996185302734375</ele>
        <time>2026-08-14T11:58:27.000Z</time>
        <extensions>
          <ns3:TrackPointExtension>
            <ns3:hr>147</ns3:hr>
            <ns3:cad>60</ns3:cad>
          </ns3:TrackPointExtension>
        </extensions>
      </trkpt>
      <trkpt lat="31.96353153325617313385009765625" lon="118.6810985393822193145751953125">
        <ele>8.3999996185302734375</ele>
        <time>2026-08-14T11:58:28.000Z</time>
        <extensions>
          <ns3:TrackPointExtension>
            <ns3:hr>146</ns3:hr>
            <ns3:cad>60</ns3:cad>
          </ns3:TrackPointExtension>
        </extensions>
      </trkpt>
      <trkpt lat="31.963537149131298065185546875" lon="118.68108320049941539764404296875">
        <ele>8.3999996185302734375</ele>
        <time>2026-08-14T11:58:29.000Z</time>
        <extensions>
          <ns3:TrackPointExtension>
            <ns3:hr>146</ns3:hr>
            <ns3:cad>61</ns3:cad>
          </ns3:TrackPointExtension>
        </extensions>
      </trkpt>
      <trkpt lat="31.9635436870157718658447265625" lon="118.68106593377888202667236328125">
        <ele>8.3999996185302734375</ele>
        <time>2026-08-14T11:58:30.000Z</time>
        <extensions>
          <ns3:TrackPointExtension>
            <ns3:hr>145</ns3:hr>
            <ns3:cad>61</ns3:cad>
          </ns3:TrackPointExtension>
        </extensions>
      </trkpt>
      <trkpt lat="31.96354980580508708953857421875" lon="118.6810500919818878173828125">
        <ele>8.3999996185302734375</ele>
        <time>2026-08-14T11:58:31.000Z</time>
        <extensions>
          <ns3:TrackPointExtension>
            <ns3:hr>145</ns3:hr>
            <ns3:cad>61</ns3:cad>
          </ns3:TrackPointExtension>
        </extensions>
      </trkpt>
      <trkpt lat="31.9635560922324657440185546875" lon="118.68103425018489360809326171875">
        <ele>8.3999996185302734375</ele>
        <time>2026-08-14T11:58:32.000Z</time>
        <extensions>
          <ns3:TrackPointExtension>
            <ns3:hr>144</ns3:hr>
            <ns3:cad>61</ns3:cad>
          </ns3:TrackPointExtension>
        </extensions>
      </trkpt>
      <trkpt lat="31.9635616242885589599609375" lon="118.68101614527404308319091796875">
        <ele>8.3999996185302734375</ele>
        <time>2026-08-14T11:58:33.000Z</time>
        <extensions>
          <ns3:TrackPointExtension>
            <ns3:hr>143</ns3:hr>
            <ns3:cad>62</ns3:cad>
          </ns3:TrackPointExtension>
        </extensions>
      </trkpt>
      <trkpt lat="31.96356740780174732208251953125" lon="118.68099971674382686614990234375">
        <ele>8.3999996185302734375</ele>
        <time>2026-08-14T11:58:34.000Z</time>
        <extensions>
          <ns3:TrackPointExtension>
            <ns3:hr>142</ns3:hr>
            <ns3:cad>62</ns3:cad>
          </ns3:TrackPointExtension>
        </extensions>
      </trkpt>
      <trkpt lat="31.96357327513396739959716796875" lon="118.68098261766135692596435546875">
        <ele>8.3999996185302734375</ele>
        <time>2026-08-14T11:58:35.000Z</time>
        <extensions>
          <ns3:TrackPointExtension>
            <ns3:hr>142</ns3:hr>
            <ns3:cad>62</ns3:cad>
          </ns3:TrackPointExtension>
        </extensions>
      </trkpt>
      <trkpt lat="31.96357972919940948486328125" lon="118.68096417747437953948974609375">
        <ele>8.3999996185302734375</ele>
        <time>2026-08-14T11:58:36.000Z</time>
        <extensions>
          <ns3:TrackPointExtension>
            <ns3:hr>142</ns3:hr>
            <ns3:cad>62</ns3:cad>
          </ns3:TrackPointExtension>
        </extensions>
      </trkpt>
      <trkpt lat="31.9635842554271221160888671875" lon="118.6809463240206241607666015625">
        <ele>8.3999996185302734375</ele>
        <time>2026-08-14T11:58:37.000Z</time>
        <extensions>
          <ns3:TrackPointExtension>
            <ns3:hr>141</ns3:hr>
            <ns3:cad>62</ns3:cad>
          </ns3:TrackPointExtension>
        </extensions>
      </trkpt>
      <trkpt lat="31.96359255351126194000244140625" lon="118.6809292249381542205810546875">
        <ele>8.3999996185302734375</ele>
        <time>2026-08-14T11:58:38.000Z</time>
        <extensions>
          <ns3:TrackPointExtension>
            <ns3:hr>141</ns3:hr>
            <ns3:cad>62</ns3:cad>
          </ns3:TrackPointExtension>
        </extensions>
      </trkpt>
      <trkpt lat="31.96359909139573574066162109375" lon="118.68091304786503314971923828125">
        <ele>8.3999996185302734375</ele>
        <time>2026-08-14T11:58:39.000Z</time>
        <extensions>
          <ns3:TrackPointExtension>
            <ns3:hr>141</ns3:hr>
            <ns3:cad>62</ns3:cad>
          </ns3:TrackPointExtension>
        </extensions>
      </trkpt>
      <trkpt lat="31.963604874908924102783203125" lon="118.68089779280126094818115234375">
        <ele>8.3999996185302734375</ele>
        <time>2026-08-14T11:58:40.000Z</time>
        <extensions>
          <ns3:TrackPointExtension>
            <ns3:hr>141</ns3:hr>
            <ns3:cad>61</ns3:cad>
          </ns3:TrackPointExtension>
        </extensions>
      </trkpt>
      <trkpt lat="31.96361049078404903411865234375" lon="118.68088153190910816192626953125">
        <ele>8.3999996185302734375</ele>
        <time>2026-08-14T11:58:41.000Z</time>
        <extensions>
          <ns3:TrackPointExtension>
            <ns3:hr>140</ns3:hr>
            <ns3:cad>61</ns3:cad>
          </ns3:TrackPointExtension>
        </extensions>
      </trkpt>
      <trkpt lat="31.96361602284014225006103515625" lon="118.6808671988546848297119140625">
        <ele>8.3999996185302734375</ele>
        <time>2026-08-14T11:58:42.000Z</time>
        <extensions>
          <ns3:TrackPointExtension>
            <ns3:hr>140</ns3:hr>
            <ns3:cad>62</ns3:cad>
          </ns3:TrackPointExtension>
        </extensions>
      </trkpt>
      <trkpt lat="31.9636221416294574737548828125" lon="118.68085353635251522064208984375">
        <ele>8.3999996185302734375</ele>
        <time>2026-08-14T11:58:43.000Z</time>
        <extensions>
          <ns3:TrackPointExtension>
            <ns3:hr>140</ns3:hr>
            <ns3:cad>62</ns3:cad>
          </ns3:TrackPointExtension>
        </extensions>
      </trkpt>
      <trkpt lat="31.96362960152328014373779296875" lon="118.6808393709361553192138671875">
        <ele>8.3999996185302734375</ele>
        <time>2026-08-14T11:58:44.000Z</time>
        <extensions>
          <ns3:TrackPointExtension>
            <ns3:hr>140</ns3:hr>
            <ns3:cad>62</ns3:cad>
          </ns3:TrackPointExtension>
        </extensions>
      </trkpt>
      <trkpt lat="31.96363714523613452911376953125" lon="118.68082436732947826385498046875">
        <ele>8.3999996185302734375</ele>
        <time>2026-08-14T11:58:45.000Z</time>
        <extensions>
          <ns3:TrackPointExtension>
            <ns3:hr>140</ns3:hr>
            <ns3:cad>61</ns3:cad>
          </ns3:TrackPointExtension>
        </extensions>
      </trkpt>
      <trkpt lat="31.96364670060575008392333984375" lon="118.68081145919859409332275390625">
        <ele>8.3999996185302734375</ele>
        <time>2026-08-14T11:58:46.000Z</time>
        <extensions>
          <ns3:TrackPointExtension>
            <ns3:hr>140</ns3:hr>
            <ns3:cad>61</ns3:cad>
          </ns3:TrackPointExtension>
        </extensions>
      </trkpt>
      <trkpt lat="31.9636570103466510772705078125" lon="118.6808008141815662384033203125">
        <ele>8.6000003814697265625</ele>
        <time>2026-08-14T11:58:47.000Z</time>
        <extensions>
          <ns3:TrackPointExtension>
            <ns3:hr>140</ns3:hr>
            <ns3:cad>61</ns3:cad>
          </ns3:TrackPointExtension>
        </extensions>
      </trkpt>
      <trkpt lat="31.9636650569736957550048828125" lon="118.68078983388841152191162109375">
        <ele>8.6000003814697265625</ele>
        <time>2026-08-14T11:58:48.000Z</time>
        <extensions>
          <ns3:TrackPointExtension>
            <ns3:hr>140</ns3:hr>
            <ns3:cad>61</ns3:cad>
          </ns3:TrackPointExtension>
        </extensions>
      </trkpt>
      <trkpt lat="31.96367100812494754791259765625" lon="118.680775500833988189697265625">
        <ele>8.6000003814697265625</ele>
        <time>2026-08-14T11:58:49.000Z</time>
        <extensions>
          <ns3:TrackPointExtension>
            <ns3:hr>141</ns3:hr>
            <ns3:cad>61</ns3:cad>
          </ns3:TrackPointExtension>
        </extensions>
      </trkpt>
      <trkpt lat="31.96367762982845306396484375" lon="118.68076066486537456512451171875">
        <ele>8.6000003814697265625</ele>
        <time>2026-08-14T11:58:50.000Z</time>
        <extensions>
          <ns3:TrackPointExtension>
            <ns3:hr>141</ns3:hr>
            <ns3:cad>61</ns3:cad>
          </ns3:TrackPointExtension>
        </extensions>
      </trkpt>
      <trkpt lat="31.96368425153195858001708984375" lon="118.68074524216353893280029296875">
        <ele>8.6000003814697265625</ele>
        <time>2026-08-14T11:58:51.000Z</time>
        <extensions>
          <ns3:TrackPointExtension>
            <ns3:hr>140</ns3:hr>
            <ns3:cad>61</ns3:cad>
          </ns3:TrackPointExtension>
        </extensions>
      </trkpt>
      <trkpt lat="31.96369129233062267303466796875" lon="118.6807307414710521697998046875">
        <ele>8.6000003814697265625</ele>
        <time>2026-08-14T11:58:52.000Z</time>
        <extensions>
          <ns3:TrackPointExtension>
            <ns3:hr>140</ns3:hr>
            <ns3:cad>61</ns3:cad>
          </ns3:TrackPointExtension>
        </extensions>
      </trkpt>
      <trkpt lat="31.9636992551386356353759765625" lon="118.680710457265377044677734375">
        <ele>8.80000019073486328125</ele>
        <time>2026-08-14T11:58:53.000Z</time>
        <extensions>
          <ns3:TrackPointExtension>
            <ns3:hr>140</ns3:hr>
            <ns3:cad>61</ns3:cad>
          </ns3:TrackPointExtension>
        </extensions>
      </trkpt>
      <trkpt lat="31.96370168589055538177490234375" lon="118.6807059310376644134521484375">
        <ele>8.80000019073486328125</ele>
        <time>2026-08-14T11:58:54.000Z</time>
        <extensions>
          <ns3:TrackPointExtension>
            <ns3:hr>139</ns3:hr>
            <ns3:cad>61</ns3:cad>
          </ns3:TrackPointExtension>
        </extensions>
      </trkpt>
      <trkpt lat="31.96370520628988742828369140625" lon="118.68070215918123722076416015625">
        <ele>8.80000019073486328125</ele>
        <time>2026-08-14T11:58:55.000Z</time>
        <extensions>
          <ns3:TrackPointExtension>
            <ns3:hr>139</ns3:hr>
            <ns3:cad>61</ns3:cad>
          </ns3:TrackPointExtension>
        </extensions>
      </trkpt>
      <trkpt lat="31.96371107362210750579833984375" lon="118.680691011250019073486328125">
        <ele>9</ele>
        <time>2026-08-14T11:58:56.000Z</time>
        <extensions>
          <ns3:TrackPointExtension>
            <ns3:hr>138</ns3:hr>
            <ns3:cad>61</ns3:cad>
          </ns3:TrackPointExtension>
        </extensions>
      </trkpt>
      <trkpt lat="31.9637126661837100982666015625" lon="118.68069444783031940460205078125">
        <ele>9</ele>
        <time>2026-08-14T11:58:57.000Z</time>
        <extensions>
          <ns3:TrackPointExtension>
            <ns3:hr>138</ns3:hr>
            <ns3:cad>61</ns3:cad>
          </ns3:TrackPointExtension>
        </extensions>
      </trkpt>
      <trkpt lat="31.96371610276401042938232421875" lon="118.6806817911565303802490234375">
        <ele>8.80000019073486328125</ele>
        <time>2026-08-14T11:58:58.000Z</time>
        <extensions>
          <ns3:TrackPointExtension>
            <ns3:hr>138</ns3:hr>
            <ns3:cad>61</ns3:cad>
          </ns3:TrackPointExtension>
        </extensions>
      </trkpt>
      <trkpt lat="31.9637213833630084991455078125" lon="118.68066712282598018646240234375">
        <ele>8.80000019073486328125</ele>
        <time>2026-08-14T11:58:59.000Z</time>
        <extensions>
          <ns3:TrackPointExtension>
            <ns3:hr>138</ns3:hr>
            <ns3:cad>62</ns3:cad>
          </ns3:TrackPointExtension>
        </extensions>
      </trkpt>
      <trkpt lat="31.96372817270457744598388671875" lon="118.68065086193382740020751953125">
        <ele>8.80000019073486328125</ele>
        <time>2026-08-14T11:59:00.000Z</time>
        <extensions>
          <ns3:TrackPointExtension>
            <ns3:hr>138</ns3:hr>
            <ns3:cad>62</ns3:cad>
          </ns3:TrackPointExtension>
        </extensions>
      </trkpt>
      <trkpt lat="31.96373353712260723114013671875" lon="118.6806358583271503448486328125">
        <ele>8.80000019073486328125</ele>
        <time>2026-08-14T11:59:01.000Z</time>
        <extensions>
          <ns3:TrackPointExtension>
            <ns3:hr>138</ns3:hr>
            <ns3:cad>62</ns3:cad>
          </ns3:TrackPointExtension>
        </extensions>
      </trkpt>
      <trkpt lat="31.96373923681676387786865234375" lon="118.68061951361596584320068359375">
        <ele>8.6000003814697265625</ele>
        <time>2026-08-14T11:59:02.000Z</time>
        <extensions>
          <ns3:TrackPointExtension>
            <ns3:hr>137</ns3:hr>
            <ns3:cad>62</ns3:cad>
          </ns3:TrackPointExtension>
        </extensions>
      </trkpt>
      <trkpt lat="31.96374862454831600189208984375" lon="118.6806023307144641876220703125">
        <ele>8.6000003814697265625</ele>
        <time>2026-08-14T11:59:03.000Z</time>
        <extensions>
          <ns3:TrackPointExtension>
            <ns3:hr>137</ns3:hr>
            <ns3:cad>62</ns3:cad>
          </ns3:TrackPointExtension>
        </extensions>
      </trkpt>
      <trkpt lat="31.963756084442138671875" lon="118.6805869080126285552978515625">
        <ele>8.6000003814697265625</ele>
        <time>2026-08-14T11:59:04.000Z</time>
        <extensions>
          <ns3:TrackPointExtension>
            <ns3:hr>137</ns3:hr>
            <ns3:cad>62</ns3:cad>
          </ns3:TrackPointExtension>
        </extensions>
      </trkpt>
      <trkpt lat="31.96376522071659564971923828125" lon="118.68056620471179485321044921875">
        <ele>8.6000003814697265625</ele>
        <time>2026-08-14T11:59:05.000Z</time>
        <extensions>
          <ns3:TrackPointExtension>
            <ns3:hr>137</ns3:hr>
            <ns3:cad>62</ns3:cad>
          </ns3:TrackPointExtension>
        </extensions>
      </trkpt>
      <trkpt lat="31.9637720100581645965576171875" lon="118.6805470101535320281982421875">
        <ele>8.6000003814697265625</ele>
        <time>2026-08-14T11:59:06.000Z</time>
        <extensions>
          <ns3:TrackPointExtension>
            <ns3:hr>137</ns3:hr>
            <ns3:cad>62</ns3:cad>
          </ns3:TrackPointExtension>
        </extensions>
      </trkpt>
      <trkpt lat="31.96378064341843128204345703125" lon="118.68052882142364978790283203125">
        <ele>8.6000003814697265625</ele>
        <time>2026-08-14T11:59:07.000Z</time>
        <extensions>
          <ns3:TrackPointExtension>
            <ns3:hr>137</ns3:hr>
            <ns3:cad>62</ns3:cad>
          </ns3:TrackPointExtension>
        </extensions>
      </trkpt>
      <trkpt lat="31.96378818713128566741943359375" lon="118.6805151589214801788330078125">
        <ele>8.6000003814697265625</ele>
        <time>2026-08-14T11:59:08.000Z</time>
        <extensions>
          <ns3:TrackPointExtension>
            <ns3:hr>137</ns3:hr>
            <ns3:cad>62</ns3:cad>
          </ns3:TrackPointExtension>
        </extensions>
      </trkpt>
      <trkpt lat="31.963796317577362060546875" lon="118.68049160577356815338134765625">
        <ele>8.6000003814697265625</ele>
        <time>2026-08-14T11:59:09.000Z</time>
        <extensions>
          <ns3:TrackPointExtension>
            <ns3:hr>137</ns3:hr>
            <ns3:cad>62</ns3:cad>
          </ns3:TrackPointExtension>
        </extensions>
      </trkpt>
      <trkpt lat="31.96380394510924816131591796875" lon="118.68047031573951244354248046875">
        <ele>8.6000003814697265625</ele>
        <time>2026-08-14T11:59:10.000Z</time>
        <extensions>
          <ns3:TrackPointExtension>
            <ns3:hr>137</ns3:hr>
            <ns3:cad>62</ns3:cad>
          </ns3:TrackPointExtension>
        </extensions>
      </trkpt>
      <trkpt lat="31.96381065063178539276123046875" lon="118.6804501153528690338134765625">
        <ele>8.6000003814697265625</ele>
        <time>2026-08-14T11:59:11.000Z</time>
        <extensions>
          <ns3:TrackPointExtension>
            <ns3:hr>138</ns3:hr>
            <ns3:cad>62</ns3:cad>
          </ns3:TrackPointExtension>
        </extensions>
      </trkpt>
      <trkpt lat="31.96381685324013233184814453125" lon="118.6804316751658916473388671875">
        <ele>8.6000003814697265625</ele>
        <time>2026-08-14T11:59:12.000Z</time>
        <extensions>
          <ns3:TrackPointExtension>
            <ns3:hr>138</ns3:hr>
            <ns3:cad>63</ns3:cad>
          </ns3:TrackPointExtension>
        </extensions>
      </trkpt>
      <trkpt lat="31.9638216309249401092529296875" lon="118.68041147477924823760986328125">
        <ele>8.6000003814697265625</ele>
        <time>2026-08-14T11:59:13.000Z</time>
        <extensions>
          <ns3:TrackPointExtension>
            <ns3:hr>138</ns3:hr>
            <ns3:cad>63</ns3:cad>
          </ns3:TrackPointExtension>
        </extensions>
      </trkpt>
      <trkpt lat="31.96382783353328704833984375" lon="118.6803931184113025665283203125">
        <ele>8.6000003814697265625</ele>
        <time>2026-08-14T11:59:14.000Z</time>
        <extensions>
          <ns3:TrackPointExtension>
            <ns3:hr>138</ns3:hr>
            <ns3:cad>63</ns3:cad>
          </ns3:TrackPointExtension>
        </extensions>
      </trkpt>
      <trkpt lat="31.96383277885615825653076171875" lon="118.6803766898810863494873046875">
        <ele>8.6000003814697265625</ele>
        <time>2026-08-14T11:59:15.000Z</time>
        <extensions>
          <ns3:TrackPointExtension>
            <ns3:hr>139</ns3:hr>
            <ns3:cad>62</ns3:cad>
          </ns3:TrackPointExtension>
        </extensions>
      </trkpt>
      <trkpt lat="31.96383696980774402618408203125" lon="118.6803609319031238555908203125">
        <ele>8.6000003814697265625</ele>
        <time>2026-08-14T11:59:16.000Z</time>
        <extensions>
          <ns3:TrackPointExtension>
            <ns3:hr>138</ns3:hr>
            <ns3:cad>62</ns3:cad>
          </ns3:TrackPointExtension>
        </extensions>
      </trkpt>
      <trkpt lat="31.963838897645473480224609375" lon="118.68034291081130504608154296875">
        <ele>8.6000003814697265625</ele>
        <time>2026-08-14T11:59:17.000Z</time>
        <extensions>
          <ns3:TrackPointExtension>
            <ns3:hr>138</ns3:hr>
            <ns3:cad>62</ns3:cad>
          </ns3:TrackPointExtension>
        </extensions>
      </trkpt>
      <trkpt lat="31.96384258568286895751953125" lon="118.68032597936689853668212890625">
        <ele>8.6000003814697265625</ele>
        <time>2026-08-14T11:59:18.000Z</time>
        <extensions>
          <ns3:TrackPointExtension>
            <ns3:hr>138</ns3:hr>
            <ns3:cad>62</ns3:cad>
          </ns3:TrackPointExtension>
        </extensions>
      </trkpt>
      <trkpt lat="31.9638464413583278656005859375" lon="118.680309467017650604248046875">
        <ele>8.6000003814697265625</ele>
        <time>2026-08-14T11:59:19.000Z</time>
        <extensions>
          <ns3:TrackPointExtension>
            <ns3:hr>138</ns3:hr>
            <ns3:cad>62</ns3:cad>
          </ns3:TrackPointExtension>
        </extensions>
      </trkpt>
      <trkpt lat="31.96384836919605731964111328125" lon="118.6802963912487030029296875">
        <ele>8.6000003814697265625</ele>
        <time>2026-08-14T11:59:20.000Z</time>
        <extensions>
          <ns3:TrackPointExtension>
            <ns3:hr>138</ns3:hr>
            <ns3:cad>62</ns3:cad>
          </ns3:TrackPointExtension>
        </extensions>
      </trkpt>
      <trkpt lat="31.9638491235673427581787109375" lon="118.6802824772894382476806640625">
        <ele>8.6000003814697265625</ele>
        <time>2026-08-14T11:59:21.000Z</time>
        <extensions>
          <ns3:TrackPointExtension>
            <ns3:hr>138</ns3:hr>
            <ns3:cad>62</ns3:cad>
          </ns3:TrackPointExtension>
        </extensions>
      </trkpt>
      <trkpt lat="31.96385188959538936614990234375" lon="118.6802697367966175079345703125">
        <ele>8.6000003814697265625</ele>
        <time>2026-08-14T11:59:22.000Z</time>
        <extensions>
          <ns3:TrackPointExtension>
            <ns3:hr>137</ns3:hr>
            <ns3:cad>62</ns3:cad>
          </ns3:TrackPointExtension>
        </extensions>
      </trkpt>
      <trkpt lat="31.963854320347309112548828125" lon="118.68025490082800388336181640625">
        <ele>8.6000003814697265625</ele>
        <time>2026-08-14T11:59:23.000Z</time>
        <extensions>
          <ns3:TrackPointExtension>
            <ns3:hr>138</ns3:hr>
            <ns3:cad>62</ns3:cad>
          </ns3:TrackPointExtension>
        </extensions>
      </trkpt>
      <trkpt lat="31.963859684765338897705078125" lon="118.68023805320262908935546875">
        <ele>8.6000003814697265625</ele>
        <time>2026-08-14T11:59:24.000Z</time>
        <extensions>
          <ns3:TrackPointExtension>
            <ns3:hr>138</ns3:hr>
            <ns3:cad>62</ns3:cad>
          </ns3:TrackPointExtension>
        </extensions>
      </trkpt>
      <trkpt lat="31.9638662226498126983642578125" lon="118.68022330105304718017578125">
        <ele>8.80000019073486328125</ele>
        <time>2026-08-14T11:59:25.000Z</time>
        <extensions>
          <ns3:TrackPointExtension>
            <ns3:hr>138</ns3:hr>
            <ns3:cad>62</ns3:cad>
          </ns3:TrackPointExtension>
        </extensions>
      </trkpt>
      <trkpt lat="31.9638727605342864990234375" lon="118.680209554731845855712890625">
        <ele>8.80000019073486328125</ele>
        <time>2026-08-14T11:59:26.000Z</time>
        <extensions>
          <ns3:TrackPointExtension>
            <ns3:hr>137</ns3:hr>
            <ns3:cad>62</ns3:cad>
          </ns3:TrackPointExtension>
        </extensions>
      </trkpt>
      <trkpt lat="31.9638796336948871612548828125" lon="118.6801936291158199310302734375">
        <ele>8.80000019073486328125</ele>
        <time>2026-08-14T11:59:27.000Z</time>
        <extensions>
          <ns3:TrackPointExtension>
            <ns3:hr>138</ns3:hr>
            <ns3:cad>62</ns3:cad>
          </ns3:TrackPointExtension>
        </extensions>
      </trkpt>
      <trkpt lat="31.96388726122677326202392578125" lon="118.68017829023301601409912109375">
        <ele>8.80000019073486328125</ele>
        <time>2026-08-14T11:59:28.000Z</time>
        <extensions>
          <ns3:TrackPointExtension>
            <ns3:hr>138</ns3:hr>
            <ns3:cad>62</ns3:cad>
          </ns3:TrackPointExtension>
        </extensions>
      </trkpt>
      <trkpt lat="31.963891200721263885498046875" lon="118.68016487918794155120849609375">
        <ele>8.80000019073486328125</ele>
        <time>2026-08-14T11:59:29.000Z</time>
        <extensions>
          <ns3:TrackPointExtension>
            <ns3:hr>137</ns3:hr>
            <ns3:cad>62</ns3:cad>
          </ns3:TrackPointExtension>
        </extensions>
      </trkpt>
      <trkpt lat="31.9638967327773571014404296875" lon="118.6801500432193279266357421875">
        <ele>8.80000019073486328125</ele>
        <time>2026-08-14T11:59:30.000Z</time>
        <extensions>
          <ns3:TrackPointExtension>
            <ns3:hr>138</ns3:hr>
            <ns3:cad>62</ns3:cad>
          </ns3:TrackPointExtension>
        </extensions>
      </trkpt>
      <trkpt lat="31.96390335448086261749267578125" lon="118.6801339499652385711669921875">
        <ele>8.80000019073486328125</ele>
        <time>2026-08-14T11:59:31.000Z</time>
        <extensions>
          <ns3:TrackPointExtension>
            <ns3:hr>138</ns3:hr>
            <ns3:cad>62</ns3:cad>
          </ns3:TrackPointExtension>
        </extensions>
      </trkpt>
      <trkpt lat="31.96390804834663867950439453125" lon="118.680117018520832061767578125">
        <ele>8.80000019073486328125</ele>
        <time>2026-08-14T11:59:32.000Z</time>
        <extensions>
          <ns3:TrackPointExtension>
            <ns3:hr>137</ns3:hr>
            <ns3:cad>63</ns3:cad>
          </ns3:TrackPointExtension>
        </extensions>
      </trkpt>
      <trkpt lat="31.963912658393383026123046875" lon="118.6801014281809329986572265625">
        <ele>8.80000019073486328125</ele>
        <time>2026-08-14T11:59:33.000Z</time>
        <extensions>
          <ns3:TrackPointExtension>
            <ns3:hr>138</ns3:hr>
            <ns3:cad>62</ns3:cad>
          </ns3:TrackPointExtension>
        </extensions>
      </trkpt>
      <trkpt lat="31.963916681706905364990234375" lon="118.68008692748844623565673828125">
        <ele>8.80000019073486328125</ele>
        <time>2026-08-14T11:59:34.000Z</time>
        <extensions>
          <ns3:TrackPointExtension>
            <ns3:hr>138</ns3:hr>
            <ns3:cad>62</ns3:cad>
          </ns3:TrackPointExtension>
        </extensions>
      </trkpt>
      <trkpt lat="31.96392112411558628082275390625" lon="118.68007234297692775726318359375">
        <ele>8.80000019073486328125</ele>
        <time>2026-08-14T11:59:35.000Z</time>
        <extensions>
          <ns3:TrackPointExtension>
            <ns3:hr>138</ns3:hr>
            <ns3:cad>64</ns3:cad>
          </ns3:TrackPointExtension>
        </extensions>
      </trkpt>
      <trkpt lat="31.96392632089555263519287109375" lon="118.68005792610347270965576171875">
        <ele>8.80000019073486328125</ele>
        <time>2026-08-14T11:59:36.000Z</time>
        <extensions>
          <ns3:TrackPointExtension>
            <ns3:hr>138</ns3:hr>
            <ns3:cad>64</ns3:cad>
          </ns3:TrackPointExtension>
        </extensions>
      </trkpt>
      <trkpt lat="31.96393109858036041259765625" lon="118.68004200048744678497314453125">
        <ele>8.80000019073486328125</ele>
        <time>2026-08-14T11:59:37.000Z</time>
        <extensions>
          <ns3:TrackPointExtension>
            <ns3:hr>137</ns3:hr>
            <ns3:cad>62</ns3:cad>
          </ns3:TrackPointExtension>
        </extensions>
      </trkpt>
      <trkpt lat="31.96393738500773906707763671875" lon="118.6800254881381988525390625">
        <ele>8.80000019073486328125</ele>
        <time>2026-08-14T11:59:38.000Z</time>
        <extensions>
          <ns3:TrackPointExtension>
            <ns3:hr>137</ns3:hr>
            <ns3:cad>62</ns3:cad>
          </ns3:TrackPointExtension>
        </extensions>
      </trkpt>
      <trkpt lat="31.96394140832126140594482421875" lon="118.68000805377960205078125">
        <ele>8.80000019073486328125</ele>
        <time>2026-08-14T11:59:39.000Z</time>
        <extensions>
          <ns3:TrackPointExtension>
            <ns3:hr>136</ns3:hr>
            <ns3:cad>62</ns3:cad>
          </ns3:TrackPointExtension>
        </extensions>
      </trkpt>
      <trkpt lat="31.9639443419873714447021484375" lon="118.67999439127743244171142578125">
        <ele>9</ele>
        <time>2026-08-14T11:59:40.000Z</time>
        <extensions>
          <ns3:TrackPointExtension>
            <ns3:hr>137</ns3:hr>
            <ns3:cad>64</ns3:cad>
          </ns3:TrackPointExtension>
        </extensions>
      </trkpt>
      <trkpt lat="31.96394710801541805267333984375" lon="118.6799793876707553863525390625">
        <ele>9</ele>
        <time>2026-08-14T11:59:41.000Z</time>
        <extensions>
          <ns3:TrackPointExtension>
            <ns3:hr>136</ns3:hr>
            <ns3:cad>64</ns3:cad>
          </ns3:TrackPointExtension>
        </extensions>
      </trkpt>
      <trkpt lat="31.9639523886144161224365234375" lon="118.6799616180360317230224609375">
        <ele>9</ele>
        <time>2026-08-14T11:59:42.000Z</time>
        <extensions>
          <ns3:TrackPointExtension>
            <ns3:hr>136</ns3:hr>
            <ns3:cad>62</ns3:cad>
          </ns3:TrackPointExtension>
        </extensions>
      </trkpt>
      <trkpt lat="31.96395926177501678466796875" lon="118.679944686591625213623046875">
        <ele>9</ele>
        <time>2026-08-14T11:59:43.000Z</time>
        <extensions>
          <ns3:TrackPointExtension>
            <ns3:hr>136</ns3:hr>
            <ns3:cad>62</ns3:cad>
          </ns3:TrackPointExtension>
        </extensions>
      </trkpt>
      <trkpt lat="31.96396588347852230072021484375" lon="118.6799257434904575347900390625">
        <ele>9</ele>
        <time>2026-08-14T11:59:44.000Z</time>
        <extensions>
          <ns3:TrackPointExtension>
            <ns3:hr>136</ns3:hr>
            <ns3:cad>62</ns3:cad>
          </ns3:TrackPointExtension>
        </extensions>
      </trkpt>
      <trkpt lat="31.96397141553461551666259765625" lon="118.6799083091318607330322265625">
        <ele>9</ele>
        <time>2026-08-14T11:59:45.000Z</time>
        <extensions>
          <ns3:TrackPointExtension>
            <ns3:hr>136</ns3:hr>
            <ns3:cad>62</ns3:cad>
          </ns3:TrackPointExtension>
        </extensions>
      </trkpt>
      <trkpt lat="31.96397745050489902496337890625" lon="118.6798905394971370697021484375">
        <ele>9</ele>
        <time>2026-08-14T11:59:46.000Z</time>
        <extensions>
          <ns3:TrackPointExtension>
            <ns3:hr>136</ns3:hr>
            <ns3:cad>62</ns3:cad>
          </ns3:TrackPointExtension>
        </extensions>
      </trkpt>
      <trkpt lat="31.96398532949388027191162109375" lon="118.6798731051385402679443359375">
        <ele>9</ele>
        <time>2026-08-14T11:59:47.000Z</time>
        <extensions>
          <ns3:TrackPointExtension>
            <ns3:hr>135</ns3:hr>
            <ns3:cad>62</ns3:cad>
          </ns3:TrackPointExtension>
        </extensions>
      </trkpt>
      <trkpt lat="31.9639929570257663726806640625" lon="118.6798560060560703277587890625">
        <ele>9</ele>
        <time>2026-08-14T11:59:48.000Z</time>
        <extensions>
          <ns3:TrackPointExtension>
            <ns3:hr>135</ns3:hr>
            <ns3:cad>62</ns3:cad>
          </ns3:TrackPointExtension>
        </extensions>
      </trkpt>
      <trkpt lat="31.9640028476715087890625" lon="118.6798452772200107574462890625">
        <ele>9</ele>
        <time>2026-08-14T11:59:49.000Z</time>
        <extensions>
          <ns3:TrackPointExtension>
            <ns3:hr>135</ns3:hr>
            <ns3:cad>62</ns3:cad>
          </ns3:TrackPointExtension>
        </extensions>
      </trkpt>
      <trkpt lat="31.964012570679187774658203125" lon="118.6798323690891265869140625">
        <ele>9</ele>
        <time>2026-08-14T11:59:50.000Z</time>
        <extensions>
          <ns3:TrackPointExtension>
            <ns3:hr>134</ns3:hr>
            <ns3:cad>62</ns3:cad>
          </ns3:TrackPointExtension>
        </extensions>
      </trkpt>
      <trkpt lat="31.964023970067501068115234375" lon="118.67981686256825923919677734375">
        <ele>9</ele>
        <time>2026-08-14T11:59:51.000Z</time>
        <extensions>
          <ns3:TrackPointExtension>
            <ns3:hr>134</ns3:hr>
            <ns3:cad>62</ns3:cad>
          </ns3:TrackPointExtension>
        </extensions>
      </trkpt>
      <trkpt lat="31.964027993381023406982421875" lon="118.6798026971518993377685546875">
        <ele>9.19999980926513671875</ele>
        <time>2026-08-14T11:59:52.000Z</time>
        <extensions>
          <ns3:TrackPointExtension>
            <ns3:hr>134</ns3:hr>
            <ns3:cad>62</ns3:cad>
          </ns3:TrackPointExtension>
        </extensions>
      </trkpt>
      <trkpt lat="31.96403436362743377685546875" lon="118.67978685535490512847900390625">
        <ele>9.19999980926513671875</ele>
        <time>2026-08-14T11:59:53.000Z</time>
        <extensions>
          <ns3:TrackPointExtension>
            <ns3:hr>134</ns3:hr>
            <ns3:cad>62</ns3:cad>
          </ns3:TrackPointExtension>
        </extensions>
      </trkpt>
      <trkpt lat="31.9640415720641613006591796875" lon="118.67977394722402095794677734375">
        <ele>9.19999980926513671875</ele>
        <time>2026-08-14T11:59:54.000Z</time>
        <extensions>
          <ns3:TrackPointExtension>
            <ns3:hr>133</ns3:hr>
            <ns3:cad>62</ns3:cad>
          </ns3:TrackPointExtension>
        </extensions>
      </trkpt>
      <trkpt lat="31.96404852904379367828369140625" lon="118.67976070381700992584228515625">
        <ele>9.19999980926513671875</ele>
        <time>2026-08-14T11:59:55.000Z</time>
        <extensions>
          <ns3:TrackPointExtension>
            <ns3:hr>133</ns3:hr>
            <ns3:cad>62</ns3:cad>
          </ns3:TrackPointExtension>
        </extensions>
      </trkpt>
      <trkpt lat="31.96405582129955291748046875" lon="118.6797463707625865936279296875">
        <ele>9.19999980926513671875</ele>
        <time>2026-08-14T11:59:56.000Z</time>
        <extensions>
          <ns3:TrackPointExtension>
            <ns3:hr>133</ns3:hr>
            <ns3:cad>61</ns3:cad>
          </ns3:TrackPointExtension>
        </extensions>
      </trkpt>
      <trkpt lat="31.96406227536499500274658203125" lon="118.67973404936492443084716796875">
        <ele>9</ele>
        <time>2026-08-14T11:59:57.000Z</time>
        <extensions>
          <ns3:TrackPointExtension>
            <ns3:hr>133</ns3:hr>
            <ns3:cad>61</ns3:cad>
          </ns3:TrackPointExtension>
        </extensions>
      </trkpt>
      <trkpt lat="31.9640683941543102264404296875" lon="118.67972063831984996795654296875">
        <ele>9</ele>
        <time>2026-08-14T11:59:58.000Z</time>
        <extensions>
          <ns3:TrackPointExtension>
            <ns3:hr>132</ns3:hr>
            <ns3:cad>61</ns3:cad>
          </ns3:TrackPointExtension>
        </extensions>
      </trkpt>
      <trkpt lat="31.96407535113394260406494140625" lon="118.6797061376273632049560546875">
        <ele>9</ele>
        <time>2026-08-14T11:59:59.000Z</time>
        <extensions>
          <ns3:TrackPointExtension>
            <ns3:hr>132</ns3:hr>
            <ns3:cad>61</ns3:cad>
          </ns3:TrackPointExtension>
        </extensions>
      </trkpt>
      <trkpt lat="31.96408138610422611236572265625" lon="118.67969348095357418060302734375">
        <ele>9.19999980926513671875</ele>
        <time>2026-08-14T12:00:00.000Z</time>
        <extensions>
          <ns3:TrackPointExtension>
            <ns3:hr>132</ns3:hr>
            <ns3:cad>61</ns3:cad>
          </ns3:TrackPointExtension>
        </extensions>
      </trkpt>
      <trkpt lat="31.96408658288419246673583984375" lon="118.67967537604272365570068359375">
        <ele>9.19999980926513671875</ele>
        <time>2026-08-14T12:00:01.000Z</time>
        <extensions>
          <ns3:TrackPointExtension>
            <ns3:hr>132</ns3:hr>
            <ns3:cad>61</ns3:cad>
          </ns3:TrackPointExtension>
        </extensions>
      </trkpt>
      <trkpt lat="31.9640932045876979827880859375" lon="118.679658360779285430908203125">
        <ele>9.19999980926513671875</ele>
        <time>2026-08-14T12:00:02.000Z</time>
        <extensions>
          <ns3:TrackPointExtension>
            <ns3:hr>132</ns3:hr>
            <ns3:cad>63</ns3:cad>
          </ns3:TrackPointExtension>
        </extensions>
      </trkpt>
      <trkpt lat="31.96409831754863262176513671875" lon="118.679642267525196075439453125">
        <ele>9.19999980926513671875</ele>
        <time>2026-08-14T12:00:03.000Z</time>
        <extensions>
          <ns3:TrackPointExtension>
            <ns3:hr>132</ns3:hr>
            <ns3:cad>63</ns3:cad>
          </ns3:TrackPointExtension>
        </extensions>
      </trkpt>
      <trkpt lat="31.9641034305095672607421875" lon="118.67962491698563098907470703125">
        <ele>9.19999980926513671875</ele>
        <time>2026-08-14T12:00:04.000Z</time>
        <extensions>
          <ns3:TrackPointExtension>
            <ns3:hr>131</ns3:hr>
            <ns3:cad>63</ns3:cad>
          </ns3:TrackPointExtension>
        </extensions>
      </trkpt>
      <trkpt lat="31.96410812437534332275390625" lon="118.67960899136960506439208984375">
        <ele>9.19999980926513671875</ele>
        <time>2026-08-14T12:00:05.000Z</time>
        <extensions>
          <ns3:TrackPointExtension>
            <ns3:hr>131</ns3:hr>
            <ns3:cad>63</ns3:cad>
          </ns3:TrackPointExtension>
        </extensions>
      </trkpt>
      <trkpt lat="31.96411306969821453094482421875" lon="118.67959641851484775543212890625">
        <ele>9.19999980926513671875</ele>
        <time>2026-08-14T12:00:06.000Z</time>
        <extensions>
          <ns3:TrackPointExtension>
            <ns3:hr>131</ns3:hr>
            <ns3:cad>62</ns3:cad>
          </ns3:TrackPointExtension>
        </extensions>
      </trkpt>
      <trkpt lat="31.9641186855733394622802734375" lon="118.67958334274590015411376953125">
        <ele>9.19999980926513671875</ele>
        <time>2026-08-14T12:00:07.000Z</time>
        <extensions>
          <ns3:TrackPointExtension>
            <ns3:hr>131</ns3:hr>
            <ns3:cad>62</ns3:cad>
          </ns3:TrackPointExtension>
        </extensions>
      </trkpt>
      <trkpt lat="31.96412430144846439361572265625" lon="118.6795730330049991607666015625">
        <ele>9.3999996185302734375</ele>
        <time>2026-08-14T12:00:08.000Z</time>
        <extensions>
          <ns3:TrackPointExtension>
            <ns3:hr>131</ns3:hr>
            <ns3:cad>62</ns3:cad>
          </ns3:TrackPointExtension>
        </extensions>
      </trkpt>
      <trkpt lat="31.96413033641874790191650390625" lon="118.679559119045734405517578125">
        <ele>9.3999996185302734375</ele>
        <time>2026-08-14T12:00:09.000Z</time>
        <extensions>
          <ns3:TrackPointExtension>
            <ns3:hr>131</ns3:hr>
            <ns3:cad>62</ns3:cad>
          </ns3:TrackPointExtension>
        </extensions>
      </trkpt>
      <trkpt lat="31.9641371257603168487548828125" lon="118.679544031620025634765625">
        <ele>9.3999996185302734375</ele>
        <time>2026-08-14T12:00:10.000Z</time>
        <extensions>
          <ns3:TrackPointExtension>
            <ns3:hr>131</ns3:hr>
            <ns3:cad>61</ns3:cad>
          </ns3:TrackPointExtension>
        </extensions>
      </trkpt>
      <trkpt lat="31.964143998920917510986328125" lon="118.67953120730817317962646484375">
        <ele>9.3999996185302734375</ele>
        <time>2026-08-14T12:00:11.000Z</time>
        <extensions>
          <ns3:TrackPointExtension>
            <ns3:hr>130</ns3:hr>
            <ns3:cad>61</ns3:cad>
          </ns3:TrackPointExtension>
        </extensions>
      </trkpt>
      <trkpt lat="31.964150033891201019287109375" lon="118.6795160360634326934814453125">
        <ele>9.6000003814697265625</ele>
        <time>2026-08-14T12:00:12.000Z</time>
        <extensions>
          <ns3:TrackPointExtension>
            <ns3:hr>130</ns3:hr>
            <ns3:cad>61</ns3:cad>
          </ns3:TrackPointExtension>
        </extensions>
      </trkpt>
      <trkpt lat="31.96415548212826251983642578125" lon="118.67950304411351680755615234375">
        <ele>9.3999996185302734375</ele>
        <time>2026-08-14T12:00:13.000Z</time>
        <extensions>
          <ns3:TrackPointExtension>
            <ns3:hr>130</ns3:hr>
            <ns3:cad>61</ns3:cad>
          </ns3:TrackPointExtension>
        </extensions>
      </trkpt>
      <trkpt lat="31.9641626067459583282470703125" lon="118.6794882081449031829833984375">
        <ele>9.3999996185302734375</ele>
        <time>2026-08-14T12:00:14.000Z</time>
        <extensions>
          <ns3:TrackPointExtension>
            <ns3:hr>130</ns3:hr>
            <ns3:cad>61</ns3:cad>
          </ns3:TrackPointExtension>
        </extensions>
      </trkpt>
      <trkpt lat="31.96416973136365413665771484375" lon="118.6794731207191944122314453125">
        <ele>9.3999996185302734375</ele>
        <time>2026-08-14T12:00:15.000Z</time>
        <extensions>
          <ns3:TrackPointExtension>
            <ns3:hr>131</ns3:hr>
            <ns3:cad>62</ns3:cad>
          </ns3:TrackPointExtension>
        </extensions>
      </trkpt>
      <trkpt lat="31.96417945437133312225341796875" lon="118.67945644073188304901123046875">
        <ele>9.6000003814697265625</ele>
        <time>2026-08-14T12:00:16.000Z</time>
        <extensions>
          <ns3:TrackPointExtension>
            <ns3:hr>130</ns3:hr>
            <ns3:cad>62</ns3:cad>
          </ns3:TrackPointExtension>
        </extensions>
      </trkpt>
      <trkpt lat="31.96418582461774349212646484375" lon="118.6794409342110157012939453125">
        <ele>9.6000003814697265625</ele>
        <time>2026-08-14T12:00:17.000Z</time>
        <extensions>
          <ns3:TrackPointExtension>
            <ns3:hr>130</ns3:hr>
            <ns3:cad>62</ns3:cad>
          </ns3:TrackPointExtension>
        </extensions>
      </trkpt>
      <trkpt lat="31.96419236250221729278564453125" lon="118.67942626588046550750732421875">
        <ele>9.6000003814697265625</ele>
        <time>2026-08-14T12:00:18.000Z</time>
        <extensions>
          <ns3:TrackPointExtension>
            <ns3:hr>130</ns3:hr>
            <ns3:cad>62</ns3:cad>
          </ns3:TrackPointExtension>
        </extensions>
      </trkpt>
      <trkpt lat="31.96419873274862766265869140625" lon="118.6794114299118518829345703125">
        <ele>9.6000003814697265625</ele>
        <time>2026-08-14T12:00:19.000Z</time>
        <extensions>
          <ns3:TrackPointExtension>
            <ns3:hr>130</ns3:hr>
            <ns3:cad>62</ns3:cad>
          </ns3:TrackPointExtension>
        </extensions>
      </trkpt>
      <trkpt lat="31.964204013347625732421875" lon="118.679396174848079681396484375">
        <ele>9.6000003814697265625</ele>
        <time>2026-08-14T12:00:20.000Z</time>
        <extensions>
          <ns3:TrackPointExtension>
            <ns3:hr>130</ns3:hr>
            <ns3:cad>60</ns3:cad>
          </ns3:TrackPointExtension>
        </extensions>
      </trkpt>
      <trkpt lat="31.9642102159559726715087890625" lon="118.67938150651752948760986328125">
        <ele>9.6000003814697265625</ele>
        <time>2026-08-14T12:00:21.000Z</time>
        <extensions>
          <ns3:TrackPointExtension>
            <ns3:hr>130</ns3:hr>
            <ns3:cad>60</ns3:cad>
          </ns3:TrackPointExtension>
        </extensions>
      </trkpt>
      <trkpt lat="31.96421667002141475677490234375" lon="118.67936558090150356292724609375">
        <ele>9.6000003814697265625</ele>
        <time>2026-08-14T12:00:22.000Z</time>
        <extensions>
          <ns3:TrackPointExtension>
            <ns3:hr>130</ns3:hr>
            <ns3:cad>59</ns3:cad>
          </ns3:TrackPointExtension>
        </extensions>
      </trkpt>
      <trkpt lat="31.96422345936298370361328125" lon="118.679349906742572784423828125">
        <ele>9.6000003814697265625</ele>
        <time>2026-08-14T12:00:23.000Z</time>
        <extensions>
          <ns3:TrackPointExtension>
            <ns3:hr>130</ns3:hr>
            <ns3:cad>59</ns3:cad>
          </ns3:TrackPointExtension>
        </extensions>
      </trkpt>
      <trkpt lat="31.96423041634261608123779296875" lon="118.679335154592990875244140625">
        <ele>9.6000003814697265625</ele>
        <time>2026-08-14T12:00:24.000Z</time>
        <extensions>
          <ns3:TrackPointExtension>
            <ns3:hr>129</ns3:hr>
            <ns3:cad>59</ns3:cad>
          </ns3:TrackPointExtension>
        </extensions>
      </trkpt>
      <trkpt lat="31.96423779241740703582763671875" lon="118.67932048626244068145751953125">
        <ele>9.6000003814697265625</ele>
        <time>2026-08-14T12:00:25.000Z</time>
        <extensions>
          <ns3:TrackPointExtension>
            <ns3:hr>129</ns3:hr>
            <ns3:cad>59</ns3:cad>
          </ns3:TrackPointExtension>
        </extensions>
      </trkpt>
      <trkpt lat="31.964246593415737152099609375" lon="118.67930489592254161834716796875">
        <ele>9.6000003814697265625</ele>
        <time>2026-08-14T12:00:26.000Z</time>
        <extensions>
          <ns3:TrackPointExtension>
            <ns3:hr>129</ns3:hr>
            <ns3:cad>59</ns3:cad>
          </ns3:TrackPointExtension>
        </extensions>
      </trkpt>
      <trkpt lat="31.96425304748117923736572265625" lon="118.67929014377295970916748046875">
        <ele>9.6000003814697265625</ele>
        <time>2026-08-14T12:00:27.000Z</time>
        <extensions>
          <ns3:TrackPointExtension>
            <ns3:hr>129</ns3:hr>
            <ns3:cad>59</ns3:cad>
          </ns3:TrackPointExtension>
        </extensions>
      </trkpt>
      <trkpt lat="31.96425707079470157623291015625" lon="118.67927622981369495391845703125">
        <ele>9.6000003814697265625</ele>
        <time>2026-08-14T12:00:28.000Z</time>
        <extensions>
          <ns3:TrackPointExtension>
            <ns3:hr>129</ns3:hr>
            <ns3:cad>59</ns3:cad>
          </ns3:TrackPointExtension>
        </extensions>
      </trkpt>
      <trkpt lat="31.9642635248601436614990234375" lon="118.67926298640668392181396484375">
        <ele>9.6000003814697265625</ele>
        <time>2026-08-14T12:00:29.000Z</time>
        <extensions>
          <ns3:TrackPointExtension>
            <ns3:hr>128</ns3:hr>
            <ns3:cad>59</ns3:cad>
          </ns3:TrackPointExtension>
        </extensions>
      </trkpt>
      <trkpt lat="31.964269392192363739013671875" lon="118.67924991063773632049560546875">
        <ele>9.6000003814697265625</ele>
        <time>2026-08-14T12:00:30.000Z</time>
        <extensions>
          <ns3:TrackPointExtension>
            <ns3:hr>127</ns3:hr>
            <ns3:cad>62</ns3:cad>
          </ns3:TrackPointExtension>
        </extensions>
      </trkpt>
      <trkpt lat="31.96427643299102783203125" lon="118.67923532612621784210205078125">
        <ele>9.3999996185302734375</ele>
        <time>2026-08-14T12:00:31.000Z</time>
        <extensions>
          <ns3:TrackPointExtension>
            <ns3:hr>127</ns3:hr>
            <ns3:cad>62</ns3:cad>
          </ns3:TrackPointExtension>
        </extensions>
      </trkpt>
      <trkpt lat="31.9642826355993747711181640625" lon="118.67922174744307994842529296875">
        <ele>9.6000003814697265625</ele>
        <time>2026-08-14T12:00:32.000Z</time>
        <extensions>
          <ns3:TrackPointExtension>
            <ns3:hr>127</ns3:hr>
            <ns3:cad>62</ns3:cad>
          </ns3:TrackPointExtension>
        </extensions>
      </trkpt>
      <trkpt lat="31.96428976021707057952880859375" lon="118.67920582182705402374267578125">
        <ele>9.3999996185302734375</ele>
        <time>2026-08-14T12:00:33.000Z</time>
        <extensions>
          <ns3:TrackPointExtension>
            <ns3:hr>127</ns3:hr>
            <ns3:cad>62</ns3:cad>
          </ns3:TrackPointExtension>
        </extensions>
      </trkpt>
      <trkpt lat="31.96429529227316379547119140625" lon="118.6791911534965038299560546875">
        <ele>9.3999996185302734375</ele>
        <time>2026-08-14T12:00:34.000Z</time>
        <extensions>
          <ns3:TrackPointExtension>
            <ns3:hr>126</ns3:hr>
            <ns3:cad>62</ns3:cad>
          </ns3:TrackPointExtension>
        </extensions>
      </trkpt>
      <trkpt lat="31.9642997346818447113037109375" lon="118.6791765689849853515625">
        <ele>9.3999996185302734375</ele>
        <time>2026-08-14T12:00:35.000Z</time>
        <extensions>
          <ns3:TrackPointExtension>
            <ns3:hr>126</ns3:hr>
            <ns3:cad>62</ns3:cad>
          </ns3:TrackPointExtension>
        </extensions>
      </trkpt>
      <trkpt lat="31.9643044285476207733154296875" lon="118.67916039191186428070068359375">
        <ele>9.3999996185302734375</ele>
        <time>2026-08-14T12:00:36.000Z</time>
        <extensions>
          <ns3:TrackPointExtension>
            <ns3:hr>126</ns3:hr>
            <ns3:cad>63</ns3:cad>
          </ns3:TrackPointExtension>
        </extensions>
      </trkpt>
      <trkpt lat="31.9643104635179042816162109375" lon="118.67914563976228237152099609375">
        <ele>9.3999996185302734375</ele>
        <time>2026-08-14T12:00:37.000Z</time>
        <extensions>
          <ns3:TrackPointExtension>
            <ns3:hr>126</ns3:hr>
            <ns3:cad>63</ns3:cad>
          </ns3:TrackPointExtension>
        </extensions>
      </trkpt>
      <trkpt lat="31.9643168337643146514892578125" lon="118.6791311390697956085205078125">
        <ele>9.3999996185302734375</ele>
        <time>2026-08-14T12:00:38.000Z</time>
        <extensions>
          <ns3:TrackPointExtension>
            <ns3:hr>126</ns3:hr>
            <ns3:cad>63</ns3:cad>
          </ns3:TrackPointExtension>
        </extensions>
      </trkpt>
      <trkpt lat="31.96432328782975673675537109375" lon="118.67911714129149913787841796875">
        <ele>9.3999996185302734375</ele>
        <time>2026-08-14T12:00:39.000Z</time>
        <extensions>
          <ns3:TrackPointExtension>
            <ns3:hr>126</ns3:hr>
            <ns3:cad>63</ns3:cad>
          </ns3:TrackPointExtension>
        </extensions>
      </trkpt>
      <trkpt lat="31.96432932280004024505615234375" lon="118.67910406552255153656005859375">
        <ele>9.3999996185302734375</ele>
        <time>2026-08-14T12:00:40.000Z</time>
        <extensions>
          <ns3:TrackPointExtension>
            <ns3:hr>126</ns3:hr>
            <ns3:cad>63</ns3:cad>
          </ns3:TrackPointExtension>
        </extensions>
      </trkpt>
      <trkpt lat="31.96433611214160919189453125" lon="118.6790905706584453582763671875">
        <ele>9.3999996185302734375</ele>
        <time>2026-08-14T12:00:41.000Z</time>
        <extensions>
          <ns3:TrackPointExtension>
            <ns3:hr>126</ns3:hr>
            <ns3:cad>62</ns3:cad>
          </ns3:TrackPointExtension>
        </extensions>
      </trkpt>
      <trkpt lat="31.96434558369219303131103515625" lon="118.6790741421282291412353515625">
        <ele>9.3999996185302734375</ele>
        <time>2026-08-14T12:00:42.000Z</time>
        <extensions>
          <ns3:TrackPointExtension>
            <ns3:hr>126</ns3:hr>
            <ns3:cad>62</ns3:cad>
          </ns3:TrackPointExtension>
        </extensions>
      </trkpt>
      <trkpt lat="31.96435111574828624725341796875" lon="118.6790583841502666473388671875">
        <ele>9.6000003814697265625</ele>
        <time>2026-08-14T12:00:43.000Z</time>
        <extensions>
          <ns3:TrackPointExtension>
            <ns3:hr>125</ns3:hr>
            <ns3:cad>62</ns3:cad>
          </ns3:TrackPointExtension>
        </extensions>
      </trkpt>
      <trkpt lat="31.9643567316234111785888671875" lon="118.67903952486813068389892578125">
        <ele>9.6000003814697265625</ele>
        <time>2026-08-14T12:00:44.000Z</time>
        <extensions>
          <ns3:TrackPointExtension>
            <ns3:hr>125</ns3:hr>
            <ns3:cad>62</ns3:cad>
          </ns3:TrackPointExtension>
        </extensions>
      </trkpt>
      <trkpt lat="31.96436620317399501800537109375" lon="118.67901764810085296630859375">
        <ele>9.6000003814697265625</ele>
        <time>2026-08-14T12:00:45.000Z</time>
        <extensions>
          <ns3:TrackPointExtension>
            <ns3:hr>125</ns3:hr>
            <ns3:cad>62</ns3:cad>
          </ns3:TrackPointExtension>
        </extensions>
      </trkpt>
      <trkpt lat="31.96437441743910312652587890625" lon="118.6789976991713047027587890625">
        <ele>9.6000003814697265625</ele>
        <time>2026-08-14T12:00:46.000Z</time>
        <extensions>
          <ns3:TrackPointExtension>
            <ns3:hr>125</ns3:hr>
            <ns3:cad>61</ns3:cad>
          </ns3:TrackPointExtension>
        </extensions>
      </trkpt>
      <trkpt lat="31.96438372135162353515625" lon="118.67897548712790012359619140625">
        <ele>9.80000019073486328125</ele>
        <time>2026-08-14T12:00:47.000Z</time>
        <extensions>
          <ns3:TrackPointExtension>
            <ns3:hr>125</ns3:hr>
            <ns3:cad>61</ns3:cad>
          </ns3:TrackPointExtension>
        </extensions>
      </trkpt>
      <trkpt lat="31.96439151652157306671142578125" lon="118.67895386181771755218505859375">
        <ele>9.6000003814697265625</ele>
        <time>2026-08-14T12:00:48.000Z</time>
        <extensions>
          <ns3:TrackPointExtension>
            <ns3:hr>125</ns3:hr>
            <ns3:cad>61</ns3:cad>
          </ns3:TrackPointExtension>
        </extensions>
      </trkpt>
      <trkpt lat="31.96440090425312519073486328125" lon="118.67893089540302753448486328125">
        <ele>9.6000003814697265625</ele>
        <time>2026-08-14T12:00:49.000Z</time>
        <extensions>
          <ns3:TrackPointExtension>
            <ns3:hr>125</ns3:hr>
            <ns3:cad>61</ns3:cad>
          </ns3:TrackPointExtension>
        </extensions>
      </trkpt>
      <trkpt lat="31.96441045962274074554443359375" lon="118.67890943773090839385986328125">
        <ele>9.6000003814697265625</ele>
        <time>2026-08-14T12:00:50.000Z</time>
        <extensions>
          <ns3:TrackPointExtension>
            <ns3:hr>125</ns3:hr>
            <ns3:cad>91</ns3:cad>
          </ns3:TrackPointExtension>
        </extensions>
      </trkpt>
      <trkpt lat="31.9644221104681491851806640625" lon="118.67888613604009151458740234375">
        <ele>9.6000003814697265625</ele>
        <time>2026-08-14T12:00:51.000Z</time>
        <extensions>
          <ns3:TrackPointExtension>
            <ns3:hr>125</ns3:hr>
            <ns3:cad>91</ns3:cad>
          </ns3:TrackPointExtension>
        </extensions>
      </trkpt>
      <trkpt lat="31.964422278106212615966796875" lon="118.6788619123399257659912109375">
        <ele>9.6000003814697265625</ele>
        <time>2026-08-14T12:00:52.000Z</time>
        <extensions>
          <ns3:TrackPointExtension>
            <ns3:hr>125</ns3:hr>
            <ns3:cad>91</ns3:cad>
          </ns3:TrackPointExtension>
        </extensions>
      </trkpt>
      <trkpt lat="31.9644345156848430633544921875" lon="118.6788387782871723175048828125">
        <ele>9.6000003814697265625</ele>
        <time>2026-08-14T12:00:53.000Z</time>
        <extensions>
          <ns3:TrackPointExtension>
            <ns3:hr>126</ns3:hr>
            <ns3:cad>91</ns3:cad>
          </ns3:TrackPointExtension>
        </extensions>
      </trkpt>
      <trkpt lat="31.964441053569316864013671875" lon="118.67881757207214832305908203125">
        <ele>9.6000003814697265625</ele>
        <time>2026-08-14T12:00:54.000Z</time>
        <extensions>
          <ns3:TrackPointExtension>
            <ns3:hr>126</ns3:hr>
            <ns3:cad>91</ns3:cad>
          </ns3:TrackPointExtension>
        </extensions>
      </trkpt>
      <trkpt lat="31.964453794062137603759765625" lon="118.6787943542003631591796875">
        <ele>9.6000003814697265625</ele>
        <time>2026-08-14T12:00:55.000Z</time>
        <extensions>
          <ns3:TrackPointExtension>
            <ns3:hr>126</ns3:hr>
            <ns3:cad>91</ns3:cad>
          </ns3:TrackPointExtension>
        </extensions>
      </trkpt>
      <trkpt lat="31.9644586555659770965576171875" lon="118.67877264507114887237548828125">
        <ele>9.80000019073486328125</ele>
        <time>2026-08-14T12:00:56.000Z</time>
        <extensions>
          <ns3:TrackPointExtension>
            <ns3:hr>127</ns3:hr>
            <ns3:cad>91</ns3:cad>
          </ns3:TrackPointExtension>
        </extensions>
      </trkpt>
      <trkpt lat="31.96446754038333892822265625" lon="118.67874716408550739288330078125">
        <ele>9.80000019073486328125</ele>
        <time>2026-08-14T12:00:57.000Z</time>
        <extensions>
          <ns3:TrackPointExtension>
            <ns3:hr>127</ns3:hr>
            <ns3:cad>91</ns3:cad>
          </ns3:TrackPointExtension>
        </extensions>
      </trkpt>
      <trkpt lat="31.96447248570621013641357421875" lon="118.67872268892824649810791015625">
        <ele>9.80000019073486328125</ele>
        <time>2026-08-14T12:00:58.000Z</time>
        <extensions>
          <ns3:TrackPointExtension>
            <ns3:hr>128</ns3:hr>
            <ns3:cad>91</ns3:cad>
          </ns3:TrackPointExtension>
        </extensions>
      </trkpt>
      <trkpt lat="31.964481286704540252685546875" lon="118.67869913578033447265625">
        <ele>9.80000019073486328125</ele>
        <time>2026-08-14T12:00:59.000Z</time>
        <extensions>
          <ns3:TrackPointExtension>
            <ns3:hr>129</ns3:hr>
            <ns3:cad>91</ns3:cad>
          </ns3:TrackPointExtension>
        </extensions>
      </trkpt>
      <trkpt lat="31.9644858129322528839111328125" lon="118.6786763370037078857421875">
        <ele>9.80000019073486328125</ele>
        <time>2026-08-14T12:01:00.000Z</time>
        <extensions>
          <ns3:TrackPointExtension>
            <ns3:hr>129</ns3:hr>
            <ns3:cad>92</ns3:cad>
          </ns3:TrackPointExtension>
        </extensions>
      </trkpt>
      <trkpt lat="31.96449159644544124603271484375" lon="118.67865328676998615264892578125">
        <ele>9.80000019073486328125</ele>
        <time>2026-08-14T12:01:01.000Z</time>
        <extensions>
          <ns3:TrackPointExtension>
            <ns3:hr>130</ns3:hr>
            <ns3:cad>92</ns3:cad>
          </ns3:TrackPointExtension>
        </extensions>
      </trkpt>
      <trkpt lat="31.96449746377766132354736328125" lon="118.6786299012601375579833984375">
        <ele>10</ele>
        <time>2026-08-14T12:01:02.000Z</time>
        <extensions>
          <ns3:TrackPointExtension>
            <ns3:hr>130</ns3:hr>
            <ns3:cad>92</ns3:cad>
          </ns3:TrackPointExtension>
        </extensions>
      </trkpt>
      <trkpt lat="31.9645042531192302703857421875" lon="118.67860785685479640960693359375">
        <ele>10</ele>
        <time>2026-08-14T12:01:03.000Z</time>
        <extensions>
          <ns3:TrackPointExtension>
            <ns3:hr>130</ns3:hr>
            <ns3:cad>92</ns3:cad>
          </ns3:TrackPointExtension>
        </extensions>
      </trkpt>
      <trkpt lat="31.9645089469850063323974609375" lon="118.67858489044010639190673828125">
        <ele>10</ele>
        <time>2026-08-14T12:01:04.000Z</time>
        <extensions>
          <ns3:TrackPointExtension>
            <ns3:hr>130</ns3:hr>
            <ns3:cad>92</ns3:cad>
          </ns3:TrackPointExtension>
        </extensions>
      </trkpt>
      <trkpt lat="31.9645179994404315948486328125" lon="118.678561337292194366455078125">
        <ele>10</ele>
        <time>2026-08-14T12:01:05.000Z</time>
        <extensions>
          <ns3:TrackPointExtension>
            <ns3:hr>131</ns3:hr>
            <ns3:cad>91</ns3:cad>
          </ns3:TrackPointExtension>
        </extensions>
      </trkpt>
      <trkpt lat="31.9645236991345882415771484375" lon="118.678538538515567779541015625">
        <ele>10.19999980926513671875</ele>
        <time>2026-08-14T12:01:06.000Z</time>
        <extensions>
          <ns3:TrackPointExtension>
            <ns3:hr>131</ns3:hr>
            <ns3:cad>90</ns3:cad>
          </ns3:TrackPointExtension>
        </extensions>
      </trkpt>
      <trkpt lat="31.9645317457616329193115234375" lon="118.6785175837576389312744140625">
        <ele>10.19999980926513671875</ele>
        <time>2026-08-14T12:01:07.000Z</time>
        <extensions>
          <ns3:TrackPointExtension>
            <ns3:hr>131</ns3:hr>
            <ns3:cad>90</ns3:cad>
          </ns3:TrackPointExtension>
        </extensions>
      </trkpt>
      <trkpt lat="31.9645411334931850433349609375" lon="118.678497634828090667724609375">
        <ele>10.19999980926513671875</ele>
        <time>2026-08-14T12:01:08.000Z</time>
        <extensions>
          <ns3:TrackPointExtension>
            <ns3:hr>132</ns3:hr>
            <ns3:cad>90</ns3:cad>
          </ns3:TrackPointExtension>
        </extensions>
      </trkpt>
      <trkpt lat="31.964551694691181182861328125" lon="118.6784783564507961273193359375">
        <ele>10.3999996185302734375</ele>
        <time>2026-08-14T12:01:09.000Z</time>
        <extensions>
          <ns3:TrackPointExtension>
            <ns3:hr>132</ns3:hr>
            <ns3:cad>90</ns3:cad>
          </ns3:TrackPointExtension>
        </extensions>
      </trkpt>
      <trkpt lat="31.96456133387982845306396484375" lon="118.67845882661640644073486328125">
        <ele>10.3999996185302734375</ele>
        <time>2026-08-14T12:01:10.000Z</time>
        <extensions>
          <ns3:TrackPointExtension>
            <ns3:hr>133</ns3:hr>
            <ns3:cad>89</ns3:cad>
          </ns3:TrackPointExtension>
        </extensions>
      </trkpt>
      <trkpt lat="31.96457206271588802337646484375" lon="118.67844139225780963897705078125">
        <ele>10.6000003814697265625</ele>
        <time>2026-08-14T12:01:11.000Z</time>
        <extensions>
          <ns3:TrackPointExtension>
            <ns3:hr>133</ns3:hr>
            <ns3:cad>89</ns3:cad>
          </ns3:TrackPointExtension>
        </extensions>
      </trkpt>
      <trkpt lat="31.9645786844193935394287109375" lon="118.67842161096632480621337890625">
        <ele>10.6000003814697265625</ele>
        <time>2026-08-14T12:01:12.000Z</time>
        <extensions>
          <ns3:TrackPointExtension>
            <ns3:hr>134</ns3:hr>
            <ns3:cad>89</ns3:cad>
          </ns3:TrackPointExtension>
        </extensions>
      </trkpt>
      <trkpt lat="31.96459150873124599456787109375" lon="118.678399063646793365478515625">
        <ele>10.6000003814697265625</ele>
        <time>2026-08-14T12:01:13.000Z</time>
        <extensions>
          <ns3:TrackPointExtension>
            <ns3:hr>135</ns3:hr>
            <ns3:cad>89</ns3:cad>
          </ns3:TrackPointExtension>
        </extensions>
      </trkpt>
      <trkpt lat="31.9645981304347515106201171875" lon="118.6783767677843570709228515625">
        <ele>10.6000003814697265625</ele>
        <time>2026-08-14T12:01:14.000Z</time>
        <extensions>
          <ns3:TrackPointExtension>
            <ns3:hr>136</ns3:hr>
            <ns3:cad>89</ns3:cad>
          </ns3:TrackPointExtension>
        </extensions>
      </trkpt>
      <trkpt lat="31.964610032737255096435546875" lon="118.678350113332271575927734375">
        <ele>10.6000003814697265625</ele>
        <time>2026-08-14T12:01:15.000Z</time>
        <extensions>
          <ns3:TrackPointExtension>
            <ns3:hr>137</ns3:hr>
            <ns3:cad>89</ns3:cad>
          </ns3:TrackPointExtension>
        </extensions>
      </trkpt>
      <trkpt lat="31.96461640298366546630859375" lon="118.67832873947918415069580078125">
        <ele>10.3999996185302734375</ele>
        <time>2026-08-14T12:01:16.000Z</time>
        <extensions>
          <ns3:TrackPointExtension>
            <ns3:hr>138</ns3:hr>
            <ns3:cad>89</ns3:cad>
          </ns3:TrackPointExtension>
        </extensions>
      </trkpt>
      <trkpt lat="31.96462805382907390594482421875" lon="118.678307868540287017822265625">
        <ele>10.3999996185302734375</ele>
        <time>2026-08-14T12:01:17.000Z</time>
        <extensions>
          <ns3:TrackPointExtension>
            <ns3:hr>139</ns3:hr>
            <ns3:cad>90</ns3:cad>
          </ns3:TrackPointExtension>
        </extensions>
      </trkpt>
      <trkpt lat="31.96463459171354770660400390625" lon="118.678287081420421600341796875">
        <ele>10.3999996185302734375</ele>
        <time>2026-08-14T12:01:18.000Z</time>
        <extensions>
          <ns3:TrackPointExtension>
            <ns3:hr>140</ns3:hr>
            <ns3:cad>90</ns3:cad>
          </ns3:TrackPointExtension>
        </extensions>
      </trkpt>
      <trkpt lat="31.9646430574357509613037109375" lon="118.678268305957317352294921875">
        <ele>10.3999996185302734375</ele>
        <time>2026-08-14T12:01:19.000Z</time>
        <extensions>
          <ns3:TrackPointExtension>
            <ns3:hr>140</ns3:hr>
            <ns3:cad>90</ns3:cad>
          </ns3:TrackPointExtension>
        </extensions>
      </trkpt>
      <trkpt lat="31.96464867331087589263916015625" lon="118.678248859941959381103515625">
        <ele>10.19999980926513671875</ele>
        <time>2026-08-14T12:01:20.000Z</time>
        <extensions>
          <ns3:TrackPointExtension>
            <ns3:hr>141</ns3:hr>
            <ns3:cad>90</ns3:cad>
          </ns3:TrackPointExtension>
        </extensions>
      </trkpt>
      <trkpt lat="31.964659988880157470703125" lon="118.678227402269840240478515625">
        <ele>10.19999980926513671875</ele>
        <time>2026-08-14T12:01:21.000Z</time>
        <extensions>
          <ns3:TrackPointExtension>
            <ns3:hr>142</ns3:hr>
            <ns3:cad>90</ns3:cad>
          </ns3:TrackPointExtension>
        </extensions>
      </trkpt>
      <trkpt lat="31.964666359126567840576171875" lon="118.67820669896900653839111328125">
        <ele>10.19999980926513671875</ele>
        <time>2026-08-14T12:01:22.000Z</time>
        <extensions>
          <ns3:TrackPointExtension>
            <ns3:hr>142</ns3:hr>
            <ns3:cad>90</ns3:cad>
          </ns3:TrackPointExtension>
        </extensions>
      </trkpt>
      <trkpt lat="31.9646775908768177032470703125" lon="118.6781853251159191131591796875">
        <ele>10.19999980926513671875</ele>
        <time>2026-08-14T12:01:23.000Z</time>
        <extensions>
          <ns3:TrackPointExtension>
            <ns3:hr>143</ns3:hr>
            <ns3:cad>89</ns3:cad>
          </ns3:TrackPointExtension>
        </extensions>
      </trkpt>
      <trkpt lat="31.96468253619968891143798828125" lon="118.6781662143766880035400390625">
        <ele>10.19999980926513671875</ele>
        <time>2026-08-14T12:01:24.000Z</time>
        <extensions>
          <ns3:TrackPointExtension>
            <ns3:hr>143</ns3:hr>
            <ns3:cad>90</ns3:cad>
          </ns3:TrackPointExtension>
        </extensions>
      </trkpt>
      <trkpt lat="31.96469577960669994354248046875" lon="118.6781460978090763092041015625">
        <ele>10.19999980926513671875</ele>
        <time>2026-08-14T12:01:25.000Z</time>
        <extensions>
          <ns3:TrackPointExtension>
            <ns3:hr>144</ns3:hr>
            <ns3:cad>89</ns3:cad>
          </ns3:TrackPointExtension>
        </extensions>
      </trkpt>
      <trkpt lat="31.9647017307579517364501953125" lon="118.678125478327274322509765625">
        <ele>10.19999980926513671875</ele>
        <time>2026-08-14T12:01:26.000Z</time>
        <extensions>
          <ns3:TrackPointExtension>
            <ns3:hr>144</ns3:hr>
            <ns3:cad>89</ns3:cad>
          </ns3:TrackPointExtension>
        </extensions>
      </trkpt>
      <trkpt lat="31.964711956679821014404296875" lon="118.67810511030256748199462890625">
        <ele>10.19999980926513671875</ele>
        <time>2026-08-14T12:01:27.000Z</time>
        <extensions>
          <ns3:TrackPointExtension>
            <ns3:hr>145</ns3:hr>
            <ns3:cad>89</ns3:cad>
          </ns3:TrackPointExtension>
        </extensions>
      </trkpt>
      <trkpt lat="31.964716650545597076416015625" lon="118.67808516137301921844482421875">
        <ele>10.19999980926513671875</ele>
        <time>2026-08-14T12:01:28.000Z</time>
        <extensions>
          <ns3:TrackPointExtension>
            <ns3:hr>145</ns3:hr>
            <ns3:cad>89</ns3:cad>
          </ns3:TrackPointExtension>
        </extensions>
      </trkpt>
      <trkpt lat="31.96472763083875179290771484375" lon="118.67806286551058292388916015625">
        <ele>10.19999980926513671875</ele>
        <time>2026-08-14T12:01:29.000Z</time>
        <extensions>
          <ns3:TrackPointExtension>
            <ns3:hr>146</ns3:hr>
            <ns3:cad>89</ns3:cad>
          </ns3:TrackPointExtension>
        </extensions>
      </trkpt>
      <trkpt lat="31.96473442018032073974609375" lon="118.6780418269336223602294921875">
        <ele>10.19999980926513671875</ele>
        <time>2026-08-14T12:01:30.000Z</time>
        <extensions>
          <ns3:TrackPointExtension>
            <ns3:hr>146</ns3:hr>
            <ns3:cad>89</ns3:cad>
          </ns3:TrackPointExtension>
        </extensions>
      </trkpt>
      <trkpt lat="31.96474783122539520263671875" lon="118.67801860906183719635009765625">
        <ele>10.19999980926513671875</ele>
        <time>2026-08-14T12:01:31.000Z</time>
        <extensions>
          <ns3:TrackPointExtension>
            <ns3:hr>146</ns3:hr>
            <ns3:cad>90</ns3:cad>
          </ns3:TrackPointExtension>
        </extensions>
      </trkpt>
      <trkpt lat="31.96475327946245670318603515625" lon="118.678000755608081817626953125">
        <ele>10.19999980926513671875</ele>
        <time>2026-08-14T12:01:32.000Z</time>
        <extensions>
          <ns3:TrackPointExtension>
            <ns3:hr>147</ns3:hr>
            <ns3:cad>89</ns3:cad>
          </ns3:TrackPointExtension>
        </extensions>
      </trkpt>
      <trkpt lat="31.964762248098850250244140625" lon="118.67797720246016979217529296875">
        <ele>10.3999996185302734375</ele>
        <time>2026-08-14T12:01:33.000Z</time>
        <extensions>
          <ns3:TrackPointExtension>
            <ns3:hr>147</ns3:hr>
            <ns3:cad>89</ns3:cad>
          </ns3:TrackPointExtension>
        </extensions>
      </trkpt>
      <trkpt lat="31.9647664390504360198974609375" lon="118.677956499159336090087890625">
        <ele>10.3999996185302734375</ele>
        <time>2026-08-14T12:01:34.000Z</time>
        <extensions>
          <ns3:TrackPointExtension>
            <ns3:hr>147</ns3:hr>
            <ns3:cad>89</ns3:cad>
          </ns3:TrackPointExtension>
        </extensions>
      </trkpt>
      <trkpt lat="31.96477591060101985931396484375" lon="118.677933029830455780029296875">
        <ele>10.3999996185302734375</ele>
        <time>2026-08-14T12:01:35.000Z</time>
        <extensions>
          <ns3:TrackPointExtension>
            <ns3:hr>147</ns3:hr>
            <ns3:cad>89</ns3:cad>
          </ns3:TrackPointExtension>
        </extensions>
      </trkpt>
      <trkpt lat="31.96478001773357391357421875" lon="118.67791417054831981658935546875">
        <ele>10.19999980926513671875</ele>
        <time>2026-08-14T12:01:36.000Z</time>
        <extensions>
          <ns3:TrackPointExtension>
            <ns3:hr>147</ns3:hr>
            <ns3:cad>89</ns3:cad>
          </ns3:TrackPointExtension>
        </extensions>
      </trkpt>
      <trkpt lat="31.9647902436554431915283203125" lon="118.677891455590724945068359375">
        <ele>10.19999980926513671875</ele>
        <time>2026-08-14T12:01:37.000Z</time>
        <extensions>
          <ns3:TrackPointExtension>
            <ns3:hr>148</ns3:hr>
            <ns3:cad>89</ns3:cad>
          </ns3:TrackPointExtension>
        </extensions>
      </trkpt>
      <trkpt lat="31.9647952727973461151123046875" lon="118.677872009575366973876953125">
        <ele>10.19999980926513671875</ele>
        <time>2026-08-14T12:01:38.000Z</time>
        <extensions>
          <ns3:TrackPointExtension>
            <ns3:hr>148</ns3:hr>
            <ns3:cad>90</ns3:cad>
          </ns3:TrackPointExtension>
        </extensions>
      </trkpt>
      <trkpt lat="31.96480625309050083160400390625" lon="118.67784845642745494842529296875">
        <ele>10.19999980926513671875</ele>
        <time>2026-08-14T12:01:39.000Z</time>
        <extensions>
          <ns3:TrackPointExtension>
            <ns3:hr>148</ns3:hr>
            <ns3:cad>90</ns3:cad>
          </ns3:TrackPointExtension>
        </extensions>
      </trkpt>
      <trkpt lat="31.9648113660514354705810546875" lon="118.6778259091079235076904296875">
        <ele>10.19999980926513671875</ele>
        <time>2026-08-14T12:01:40.000Z</time>
        <extensions>
          <ns3:TrackPointExtension>
            <ns3:hr>149</ns3:hr>
            <ns3:cad>90</ns3:cad>
          </ns3:TrackPointExtension>
        </extensions>
      </trkpt>
      <trkpt lat="31.96482351981103420257568359375" lon="118.677800931036472320556640625">
        <ele>10.19999980926513671875</ele>
        <time>2026-08-14T12:01:41.000Z</time>
        <extensions>
          <ns3:TrackPointExtension>
            <ns3:hr>149</ns3:hr>
            <ns3:cad>89</ns3:cad>
          </ns3:TrackPointExtension>
        </extensions>
      </trkpt>
      <trkpt lat="31.96482888422906398773193359375" lon="118.677782826125621795654296875">
        <ele>10.19999980926513671875</ele>
        <time>2026-08-14T12:01:42.000Z</time>
        <extensions>
          <ns3:TrackPointExtension>
            <ns3:hr>150</ns3:hr>
            <ns3:cad>89</ns3:cad>
          </ns3:TrackPointExtension>
        </extensions>
      </trkpt>
      <trkpt lat="31.96484313346445560455322265625" lon="118.6777635477483272552490234375">
        <ele>10.19999980926513671875</ele>
        <time>2026-08-14T12:01:43.000Z</time>
        <extensions>
          <ns3:TrackPointExtension>
            <ns3:hr>150</ns3:hr>
            <ns3:cad>89</ns3:cad>
          </ns3:TrackPointExtension>
        </extensions>
      </trkpt>
      <trkpt lat="31.96484933607280254364013671875" lon="118.67774703539907932281494140625">
        <ele>10.19999980926513671875</ele>
        <time>2026-08-14T12:01:44.000Z</time>
        <extensions>
          <ns3:TrackPointExtension>
            <ns3:hr>150</ns3:hr>
            <ns3:cad>89</ns3:cad>
          </ns3:TrackPointExtension>
        </extensions>
      </trkpt>
      <trkpt lat="31.96486140601336956024169921875" lon="118.67772708646953105926513671875">
        <ele>10.19999980926513671875</ele>
        <time>2026-08-14T12:01:45.000Z</time>
        <extensions>
          <ns3:TrackPointExtension>
            <ns3:hr>150</ns3:hr>
            <ns3:cad>89</ns3:cad>
          </ns3:TrackPointExtension>
        </extensions>
      </trkpt>
      <trkpt lat="31.96486777625977993011474609375" lon="118.6777102388441562652587890625">
        <ele>10.3999996185302734375</ele>
        <time>2026-08-14T12:01:46.000Z</time>
        <extensions>
          <ns3:TrackPointExtension>
            <ns3:hr>150</ns3:hr>
            <ns3:cad>90</ns3:cad>
          </ns3:TrackPointExtension>
        </extensions>
      </trkpt>
      <trkpt lat="31.96488185785710811614990234375" lon="118.67768735624849796295166015625">
        <ele>10.3999996185302734375</ele>
        <time>2026-08-14T12:01:47.000Z</time>
        <extensions>
          <ns3:TrackPointExtension>
            <ns3:hr>150</ns3:hr>
            <ns3:cad>89</ns3:cad>
          </ns3:TrackPointExtension>
        </extensions>
      </trkpt>
      <trkpt lat="31.96488839574158191680908203125" lon="118.67766841314733028411865234375">
        <ele>10.3999996185302734375</ele>
        <time>2026-08-14T12:01:48.000Z</time>
        <extensions>
          <ns3:TrackPointExtension>
            <ns3:hr>151</ns3:hr>
            <ns3:cad>90</ns3:cad>
          </ns3:TrackPointExtension>
        </extensions>
      </trkpt>
      <trkpt lat="31.9649022258818149566650390625" lon="118.67764301598072052001953125">
        <ele>10.3999996185302734375</ele>
        <time>2026-08-14T12:01:49.000Z</time>
        <extensions>
          <ns3:TrackPointExtension>
            <ns3:hr>151</ns3:hr>
            <ns3:cad>89</ns3:cad>
          </ns3:TrackPointExtension>
        </extensions>
      </trkpt>
      <trkpt lat="31.96490784175693988800048828125" lon="118.67762449197471141815185546875">
        <ele>10.3999996185302734375</ele>
        <time>2026-08-14T12:01:50.000Z</time>
        <extensions>
          <ns3:TrackPointExtension>
            <ns3:hr>151</ns3:hr>
            <ns3:cad>89</ns3:cad>
          </ns3:TrackPointExtension>
        </extensions>
      </trkpt>
      <trkpt lat="31.9649223424494266510009765625" lon="118.67760169319808483123779296875">
        <ele>10.3999996185302734375</ele>
        <time>2026-08-14T12:01:51.000Z</time>
        <extensions>
          <ns3:TrackPointExtension>
            <ns3:hr>151</ns3:hr>
            <ns3:cad>89</ns3:cad>
          </ns3:TrackPointExtension>
        </extensions>
      </trkpt>
      <trkpt lat="31.964927203953266143798828125" lon="118.67758459411561489105224609375">
        <ele>10.3999996185302734375</ele>
        <time>2026-08-14T12:01:52.000Z</time>
        <extensions>
          <ns3:TrackPointExtension>
            <ns3:hr>151</ns3:hr>
            <ns3:cad>89</ns3:cad>
          </ns3:TrackPointExtension>
        </extensions>
      </trkpt>
      <trkpt lat="31.9649384357035160064697265625" lon="118.67755810730159282684326171875">
        <ele>10.3999996185302734375</ele>
        <time>2026-08-14T12:01:53.000Z</time>
        <extensions>
          <ns3:TrackPointExtension>
            <ns3:hr>152</ns3:hr>
            <ns3:cad>89</ns3:cad>
          </ns3:TrackPointExtension>
        </extensions>
      </trkpt>
      <trkpt lat="31.9649431295692920684814453125" lon="118.67754167877137660980224609375">
        <ele>10.3999996185302734375</ele>
        <time>2026-08-14T12:01:54.000Z</time>
        <extensions>
          <ns3:TrackPointExtension>
            <ns3:hr>152</ns3:hr>
            <ns3:cad>89</ns3:cad>
          </ns3:TrackPointExtension>
        </extensions>
      </trkpt>
      <trkpt lat="31.96495628915727138519287109375" lon="118.67751829326152801513671875">
        <ele>10.3999996185302734375</ele>
        <time>2026-08-14T12:01:55.000Z</time>
        <extensions>
          <ns3:TrackPointExtension>
            <ns3:hr>152</ns3:hr>
            <ns3:cad>90</ns3:cad>
          </ns3:TrackPointExtension>
        </extensions>
      </trkpt>
      <trkpt lat="31.9649578817188739776611328125" lon="118.67749993689358234405517578125">
        <ele>10.3999996185302734375</ele>
        <time>2026-08-14T12:01:56.000Z</time>
        <extensions>
          <ns3:TrackPointExtension>
            <ns3:hr>153</ns3:hr>
            <ns3:cad>89</ns3:cad>
          </ns3:TrackPointExtension>
        </extensions>
      </trkpt>
      <trkpt lat="31.964968107640743255615234375" lon="118.67747479118406772613525390625">
        <ele>10.3999996185302734375</ele>
        <time>2026-08-14T12:01:57.000Z</time>
        <extensions>
          <ns3:TrackPointExtension>
            <ns3:hr>153</ns3:hr>
            <ns3:cad>90</ns3:cad>
          </ns3:TrackPointExtension>
        </extensions>
      </trkpt>
      <trkpt lat="31.964972130954265594482421875" lon="118.67745651863515377044677734375">
        <ele>10.3999996185302734375</ele>
        <time>2026-08-14T12:01:58.000Z</time>
        <extensions>
          <ns3:TrackPointExtension>
            <ns3:hr>154</ns3:hr>
            <ns3:cad>90</ns3:cad>
          </ns3:TrackPointExtension>
        </extensions>
      </trkpt>
      <trkpt lat="31.9649813510477542877197265625" lon="118.67743170820176601409912109375">
        <ele>10.3999996185302734375</ele>
        <time>2026-08-14T12:01:59.000Z</time>
        <extensions>
          <ns3:TrackPointExtension>
            <ns3:hr>155</ns3:hr>
            <ns3:cad>90</ns3:cad>
          </ns3:TrackPointExtension>
        </extensions>
      </trkpt>
      <trkpt lat="31.96498520672321319580078125" lon="118.67741175927221775054931640625">
        <ele>10.3999996185302734375</ele>
        <time>2026-08-14T12:02:00.000Z</time>
        <extensions>
          <ns3:TrackPointExtension>
            <ns3:hr>155</ns3:hr>
            <ns3:cad>90</ns3:cad>
          </ns3:TrackPointExtension>
        </extensions>
      </trkpt>
      <trkpt lat="31.96499870158731937408447265625" lon="118.6773893795907497406005859375">
        <ele>10.3999996185302734375</ele>
        <time>2026-08-14T12:02:01.000Z</time>
        <extensions>
          <ns3:TrackPointExtension>
            <ns3:hr>156</ns3:hr>
            <ns3:cad>90</ns3:cad>
          </ns3:TrackPointExtension>
        </extensions>
      </trkpt>
      <trkpt lat="31.96500440128147602081298828125" lon="118.67737001739442348480224609375">
        <ele>10.3999996185302734375</ele>
        <time>2026-08-14T12:02:02.000Z</time>
        <extensions>
          <ns3:TrackPointExtension>
            <ns3:hr>156</ns3:hr>
            <ns3:cad>91</ns3:cad>
          </ns3:TrackPointExtension>
        </extensions>
      </trkpt>
      <trkpt lat="31.96501563303172588348388671875" lon="118.67734990082681179046630859375">
        <ele>10.3999996185302734375</ele>
        <time>2026-08-14T12:02:03.000Z</time>
        <extensions>
          <ns3:TrackPointExtension>
            <ns3:hr>157</ns3:hr>
            <ns3:cad>90</ns3:cad>
          </ns3:TrackPointExtension>
        </extensions>
      </trkpt>
      <trkpt lat="31.9650192372500896453857421875" lon="118.67733246646821498870849609375">
        <ele>10.3999996185302734375</ele>
        <time>2026-08-14T12:02:04.000Z</time>
        <extensions>
          <ns3:TrackPointExtension>
            <ns3:hr>157</ns3:hr>
            <ns3:cad>90</ns3:cad>
          </ns3:TrackPointExtension>
        </extensions>
      </trkpt>
      <trkpt lat="31.96502921171486377716064453125" lon="118.677310757339000701904296875">
        <ele>10.3999996185302734375</ele>
        <time>2026-08-14T12:02:05.000Z</time>
        <extensions>
          <ns3:TrackPointExtension>
            <ns3:hr>157</ns3:hr>
            <ns3:cad>90</ns3:cad>
          </ns3:TrackPointExtension>
        </extensions>
      </trkpt>
      <trkpt lat="31.96503474377095699310302734375" lon="118.67729038931429386138916015625">
        <ele>10.3999996185302734375</ele>
        <time>2026-08-14T12:02:06.000Z</time>
        <extensions>
          <ns3:TrackPointExtension>
            <ns3:hr>157</ns3:hr>
            <ns3:cad>90</ns3:cad>
          </ns3:TrackPointExtension>
        </extensions>
      </trkpt>
      <trkpt lat="31.96504765190184116363525390625" lon="118.6772673390805721282958984375">
        <ele>10.3999996185302734375</ele>
        <time>2026-08-14T12:02:07.000Z</time>
        <extensions>
          <ns3:TrackPointExtension>
            <ns3:hr>158</ns3:hr>
            <ns3:cad>90</ns3:cad>
          </ns3:TrackPointExtension>
        </extensions>
      </trkpt>
      <trkpt lat="31.9650547765195369720458984375" lon="118.67724847979843616485595703125">
        <ele>10.3999996185302734375</ele>
        <time>2026-08-14T12:02:08.000Z</time>
        <extensions>
          <ns3:TrackPointExtension>
            <ns3:hr>157</ns3:hr>
            <ns3:cad>90</ns3:cad>
          </ns3:TrackPointExtension>
        </extensions>
      </trkpt>
      <trkpt lat="31.9650651700794696807861328125" lon="118.67722534574568271636962890625">
        <ele>10.3999996185302734375</ele>
        <time>2026-08-14T12:02:09.000Z</time>
        <extensions>
          <ns3:TrackPointExtension>
            <ns3:hr>158</ns3:hr>
            <ns3:cad>90</ns3:cad>
          </ns3:TrackPointExtension>
        </extensions>
      </trkpt>
      <trkpt lat="31.9650690257549285888671875" lon="118.6772066541016101837158203125">
        <ele>10.3999996185302734375</ele>
        <time>2026-08-14T12:02:10.000Z</time>
        <extensions>
          <ns3:TrackPointExtension>
            <ns3:hr>158</ns3:hr>
            <ns3:cad>90</ns3:cad>
          </ns3:TrackPointExtension>
        </extensions>
      </trkpt>
      <trkpt lat="31.96507967077195644378662109375" lon="118.67718477733433246612548828125">
        <ele>10.3999996185302734375</ele>
        <time>2026-08-14T12:02:11.000Z</time>
        <extensions>
          <ns3:TrackPointExtension>
            <ns3:hr>158</ns3:hr>
            <ns3:cad>90</ns3:cad>
          </ns3:TrackPointExtension>
        </extensions>
      </trkpt>
      <trkpt lat="31.96508369408547878265380859375" lon="118.67716549895703792572021484375">
        <ele>10.3999996185302734375</ele>
        <time>2026-08-14T12:02:12.000Z</time>
        <extensions>
          <ns3:TrackPointExtension>
            <ns3:hr>159</ns3:hr>
            <ns3:cad>89</ns3:cad>
          </ns3:TrackPointExtension>
        </extensions>
      </trkpt>
      <trkpt lat="31.96509626694023609161376953125" lon="118.67714278399944305419921875">
        <ele>10.3999996185302734375</ele>
        <time>2026-08-14T12:02:13.000Z</time>
        <extensions>
          <ns3:TrackPointExtension>
            <ns3:hr>159</ns3:hr>
            <ns3:cad>89</ns3:cad>
          </ns3:TrackPointExtension>
        </extensions>
      </trkpt>
      <trkpt lat="31.965100876986980438232421875" lon="118.677125684916973114013671875">
        <ele>10.3999996185302734375</ele>
        <time>2026-08-14T12:02:14.000Z</time>
        <extensions>
          <ns3:TrackPointExtension>
            <ns3:hr>160</ns3:hr>
            <ns3:cad>89</ns3:cad>
          </ns3:TrackPointExtension>
        </extensions>
      </trkpt>
      <trkpt lat="31.96511537767946720123291015625" lon="118.6771037243306636810302734375">
        <ele>10.3999996185302734375</ele>
        <time>2026-08-14T12:02:15.000Z</time>
        <extensions>
          <ns3:TrackPointExtension>
            <ns3:hr>160</ns3:hr>
            <ns3:cad>89</ns3:cad>
          </ns3:TrackPointExtension>
        </extensions>
      </trkpt>
      <trkpt lat="31.9651188142597675323486328125" lon="118.67708511650562286376953125">
        <ele>10.3999996185302734375</ele>
        <time>2026-08-14T12:02:16.000Z</time>
        <extensions>
          <ns3:TrackPointExtension>
            <ns3:hr>160</ns3:hr>
            <ns3:cad>89</ns3:cad>
          </ns3:TrackPointExtension>
        </extensions>
      </trkpt>
      <trkpt lat="31.965126693248748779296875" lon="118.67706206627190113067626953125">
        <ele>10.3999996185302734375</ele>
        <time>2026-08-14T12:02:17.000Z</time>
        <extensions>
          <ns3:TrackPointExtension>
            <ns3:hr>161</ns3:hr>
            <ns3:cad>90</ns3:cad>
          </ns3:TrackPointExtension>
        </extensions>
      </trkpt>
      <trkpt lat="31.9651298783719539642333984375" lon="118.6770427040755748748779296875">
        <ele>10.3999996185302734375</ele>
        <time>2026-08-14T12:02:18.000Z</time>
        <extensions>
          <ns3:TrackPointExtension>
            <ns3:hr>161</ns3:hr>
            <ns3:cad>90</ns3:cad>
          </ns3:TrackPointExtension>
        </extensions>
      </trkpt>
      <trkpt lat="31.9651416130363941192626953125" lon="118.6770188994705677032470703125">
        <ele>10.3999996185302734375</ele>
        <time>2026-08-14T12:02:19.000Z</time>
        <extensions>
          <ns3:TrackPointExtension>
            <ns3:hr>161</ns3:hr>
            <ns3:cad>90</ns3:cad>
          </ns3:TrackPointExtension>
        </extensions>
      </trkpt>
      <trkpt lat="31.96514613926410675048828125" lon="118.67700020782649517059326171875">
        <ele>10.3999996185302734375</ele>
        <time>2026-08-14T12:02:20.000Z</time>
        <extensions>
          <ns3:TrackPointExtension>
            <ns3:hr>161</ns3:hr>
            <ns3:cad>89</ns3:cad>
          </ns3:TrackPointExtension>
        </extensions>
      </trkpt>
      <trkpt lat="31.9651556946337223052978515625" lon="118.6769749782979488372802734375">
        <ele>10.3999996185302734375</ele>
        <time>2026-08-14T12:02:21.000Z</time>
        <extensions>
          <ns3:TrackPointExtension>
            <ns3:hr>161</ns3:hr>
            <ns3:cad>89</ns3:cad>
          </ns3:TrackPointExtension>
        </extensions>
      </trkpt>
      <trkpt lat="31.9651607237756252288818359375" lon="118.67695729248225688934326171875">
        <ele>10.3999996185302734375</ele>
        <time>2026-08-14T12:02:22.000Z</time>
        <extensions>
          <ns3:TrackPointExtension>
            <ns3:hr>160</ns3:hr>
            <ns3:cad>89</ns3:cad>
          </ns3:TrackPointExtension>
        </extensions>
      </trkpt>
      <trkpt lat="31.96517606265842914581298828125" lon="118.67692795582115650177001953125">
        <ele>10.3999996185302734375</ele>
        <time>2026-08-14T12:02:23.000Z</time>
        <extensions>
          <ns3:TrackPointExtension>
            <ns3:hr>161</ns3:hr>
            <ns3:cad>89</ns3:cad>
          </ns3:TrackPointExtension>
        </extensions>
      </trkpt>
      <trkpt lat="31.96517966687679290771484375" lon="118.67691102437674999237060546875">
        <ele>10.3999996185302734375</ele>
        <time>2026-08-14T12:02:24.000Z</time>
        <extensions>
          <ns3:TrackPointExtension>
            <ns3:hr>161</ns3:hr>
            <ns3:cad>89</ns3:cad>
          </ns3:TrackPointExtension>
        </extensions>
      </trkpt>
      <trkpt lat="31.9651962630450725555419921875" lon="118.67688671685755252838134765625">
        <ele>10.3999996185302734375</ele>
        <time>2026-08-14T12:02:25.000Z</time>
        <extensions>
          <ns3:TrackPointExtension>
            <ns3:hr>161</ns3:hr>
            <ns3:cad>89</ns3:cad>
          </ns3:TrackPointExtension>
        </extensions>
      </trkpt>
      <trkpt lat="31.965200789272785186767578125" lon="118.67686911486089229583740234375">
        <ele>10.3999996185302734375</ele>
        <time>2026-08-14T12:02:26.000Z</time>
        <extensions>
          <ns3:TrackPointExtension>
            <ns3:hr>162</ns3:hr>
            <ns3:cad>89</ns3:cad>
          </ns3:TrackPointExtension>
        </extensions>
      </trkpt>
      <trkpt lat="31.9652130268514156341552734375" lon="118.67684447206556797027587890625">
        <ele>10.3999996185302734375</ele>
        <time>2026-08-14T12:02:27.000Z</time>
        <extensions>
          <ns3:TrackPointExtension>
            <ns3:hr>162</ns3:hr>
            <ns3:cad>89</ns3:cad>
          </ns3:TrackPointExtension>
        </extensions>
      </trkpt>
      <trkpt lat="31.96521528996527194976806640625" lon="118.67682921700179576873779296875">
        <ele>10.3999996185302734375</ele>
        <time>2026-08-14T12:02:28.000Z</time>
        <extensions>
          <ns3:TrackPointExtension>
            <ns3:hr>162</ns3:hr>
            <ns3:cad>88</ns3:cad>
          </ns3:TrackPointExtension>
        </extensions>
      </trkpt>
      <trkpt lat="31.96522953920066356658935546875" lon="118.676807172596454620361328125">
        <ele>10.6000003814697265625</ele>
        <time>2026-08-14T12:02:29.000Z</time>
        <extensions>
          <ns3:TrackPointExtension>
            <ns3:hr>162</ns3:hr>
            <ns3:cad>89</ns3:cad>
          </ns3:TrackPointExtension>
        </extensions>
      </trkpt>
      <trkpt lat="31.9652361609041690826416015625" lon="118.67679099552333354949951171875">
        <ele>10.6000003814697265625</ele>
        <time>2026-08-14T12:02:30.000Z</time>
        <extensions>
          <ns3:TrackPointExtension>
            <ns3:hr>162</ns3:hr>
            <ns3:cad>89</ns3:cad>
          </ns3:TrackPointExtension>
        </extensions>
      </trkpt>
      <trkpt lat="31.96524730883538722991943359375" lon="118.676769621670246124267578125">
        <ele>10.6000003814697265625</ele>
        <time>2026-08-14T12:02:31.000Z</time>
        <extensions>
          <ns3:TrackPointExtension>
            <ns3:hr>162</ns3:hr>
            <ns3:cad>89</ns3:cad>
          </ns3:TrackPointExtension>
        </extensions>
      </trkpt>
      <trkpt lat="31.96525384671986103057861328125" lon="118.67674984037876129150390625">
        <ele>10.80000019073486328125</ele>
        <time>2026-08-14T12:02:32.000Z</time>
        <extensions>
          <ns3:TrackPointExtension>
            <ns3:hr>162</ns3:hr>
            <ns3:cad>89</ns3:cad>
          </ns3:TrackPointExtension>
        </extensions>
      </trkpt>
      <trkpt lat="31.96526457555592060089111328125" lon="118.67672930471599102020263671875">
        <ele>10.80000019073486328125</ele>
        <time>2026-08-14T12:02:33.000Z</time>
        <extensions>
          <ns3:TrackPointExtension>
            <ns3:hr>162</ns3:hr>
            <ns3:cad>89</ns3:cad>
          </ns3:TrackPointExtension>
        </extensions>
      </trkpt>
      <trkpt lat="31.96527362801134586334228515625" lon="118.67670960724353790283203125">
        <ele>10.80000019073486328125</ele>
        <time>2026-08-14T12:02:34.000Z</time>
        <extensions>
          <ns3:TrackPointExtension>
            <ns3:hr>163</ns3:hr>
            <ns3:cad>89</ns3:cad>
          </ns3:TrackPointExtension>
        </extensions>
      </trkpt>
      <trkpt lat="31.96528427302837371826171875" lon="118.67669091559946537017822265625">
        <ele>10.80000019073486328125</ele>
        <time>2026-08-14T12:02:35.000Z</time>
        <extensions>
          <ns3:TrackPointExtension>
            <ns3:hr>163</ns3:hr>
            <ns3:cad>89</ns3:cad>
          </ns3:TrackPointExtension>
        </extensions>
      </trkpt>
      <trkpt lat="31.96529273875057697296142578125" lon="118.67667146958410739898681640625">
        <ele>10.80000019073486328125</ele>
        <time>2026-08-14T12:02:36.000Z</time>
        <extensions>
          <ns3:TrackPointExtension>
            <ns3:hr>163</ns3:hr>
            <ns3:cad>89</ns3:cad>
          </ns3:TrackPointExtension>
        </extensions>
      </trkpt>
      <trkpt lat="31.965304054319858551025390625" lon="118.6766504310071468353271484375">
        <ele>10.80000019073486328125</ele>
        <time>2026-08-14T12:02:37.000Z</time>
        <extensions>
          <ns3:TrackPointExtension>
            <ns3:hr>163</ns3:hr>
            <ns3:cad>89</ns3:cad>
          </ns3:TrackPointExtension>
        </extensions>
      </trkpt>
      <trkpt lat="31.9653126038610935211181640625" lon="118.67663190700113773345947265625">
        <ele>10.80000019073486328125</ele>
        <time>2026-08-14T12:02:38.000Z</time>
        <extensions>
          <ns3:TrackPointExtension>
            <ns3:hr>162</ns3:hr>
            <ns3:cad>88</ns3:cad>
          </ns3:TrackPointExtension>
        </extensions>
      </trkpt>
      <trkpt lat="31.9653226621448993682861328125" lon="118.6766101978719234466552734375">
        <ele>10.80000019073486328125</ele>
        <time>2026-08-14T12:02:39.000Z</time>
        <extensions>
          <ns3:TrackPointExtension>
            <ns3:hr>163</ns3:hr>
            <ns3:cad>89</ns3:cad>
          </ns3:TrackPointExtension>
        </extensions>
      </trkpt>
      <trkpt lat="31.9653290323913097381591796875" lon="118.6765914224088191986083984375">
        <ele>10.80000019073486328125</ele>
        <time>2026-08-14T12:02:40.000Z</time>
        <extensions>
          <ns3:TrackPointExtension>
            <ns3:hr>163</ns3:hr>
            <ns3:cad>88</ns3:cad>
          </ns3:TrackPointExtension>
        </extensions>
      </trkpt>
      <trkpt lat="31.9653390906751155853271484375" lon="118.6765708029270172119140625">
        <ele>10.80000019073486328125</ele>
        <time>2026-08-14T12:02:41.000Z</time>
        <extensions>
          <ns3:TrackPointExtension>
            <ns3:hr>163</ns3:hr>
            <ns3:cad>89</ns3:cad>
          </ns3:TrackPointExtension>
        </extensions>
      </trkpt>
      <trkpt lat="31.96534554474055767059326171875" lon="118.6765495128929615020751953125">
        <ele>10.80000019073486328125</ele>
        <time>2026-08-14T12:02:42.000Z</time>
        <extensions>
          <ns3:TrackPointExtension>
            <ns3:hr>163</ns3:hr>
            <ns3:cad>89</ns3:cad>
          </ns3:TrackPointExtension>
        </extensions>
      </trkpt>
      <trkpt lat="31.96535409428179264068603515625" lon="118.676526546478271484375">
        <ele>10.80000019073486328125</ele>
        <time>2026-08-14T12:02:43.000Z</time>
        <extensions>
          <ns3:TrackPointExtension>
            <ns3:hr>163</ns3:hr>
            <ns3:cad>89</ns3:cad>
          </ns3:TrackPointExtension>
        </extensions>
      </trkpt>
      <trkpt lat="31.9653622247278690338134765625" lon="118.676504082977771759033203125">
        <ele>10.80000019073486328125</ele>
        <time>2026-08-14T12:02:44.000Z</time>
        <extensions>
          <ns3:TrackPointExtension>
            <ns3:hr>162</ns3:hr>
            <ns3:cad>89</ns3:cad>
          </ns3:TrackPointExtension>
        </extensions>
      </trkpt>
      <trkpt lat="31.965373121201992034912109375" lon="118.67647885344922542572021484375">
        <ele>10.80000019073486328125</ele>
        <time>2026-08-14T12:02:45.000Z</time>
        <extensions>
          <ns3:TrackPointExtension>
            <ns3:hr>162</ns3:hr>
            <ns3:cad>89</ns3:cad>
          </ns3:TrackPointExtension>
        </extensions>
      </trkpt>
      <trkpt lat="31.96538426913321018218994140625" lon="118.6764573119580745697021484375">
        <ele>11</ele>
        <time>2026-08-14T12:02:46.000Z</time>
        <extensions>
          <ns3:TrackPointExtension>
            <ns3:hr>162</ns3:hr>
            <ns3:cad>90</ns3:cad>
          </ns3:TrackPointExtension>
        </extensions>
      </trkpt>
      <trkpt lat="31.96539332158863544464111328125" lon="118.67643493227660655975341796875">
        <ele>10.80000019073486328125</ele>
        <time>2026-08-14T12:02:47.000Z</time>
        <extensions>
          <ns3:TrackPointExtension>
            <ns3:hr>162</ns3:hr>
            <ns3:cad>89</ns3:cad>
          </ns3:TrackPointExtension>
        </extensions>
      </trkpt>
      <trkpt lat="31.96540203876793384552001953125" lon="118.67641431279480457305908203125">
        <ele>11</ele>
        <time>2026-08-14T12:02:48.000Z</time>
        <extensions>
          <ns3:TrackPointExtension>
            <ns3:hr>163</ns3:hr>
            <ns3:cad>89</ns3:cad>
          </ns3:TrackPointExtension>
        </extensions>
      </trkpt>
      <trkpt lat="31.96540899574756622314453125" lon="118.67639352567493915557861328125">
        <ele>11</ele>
        <time>2026-08-14T12:02:49.000Z</time>
        <extensions>
          <ns3:TrackPointExtension>
            <ns3:hr>163</ns3:hr>
            <ns3:cad>89</ns3:cad>
          </ns3:TrackPointExtension>
        </extensions>
      </trkpt>
      <trkpt lat="31.9654190540313720703125" lon="118.67637240327894687652587890625">
        <ele>11</ele>
        <time>2026-08-14T12:02:50.000Z</time>
        <extensions>
          <ns3:TrackPointExtension>
            <ns3:hr>163</ns3:hr>
            <ns3:cad>89</ns3:cad>
          </ns3:TrackPointExtension>
        </extensions>
      </trkpt>
      <trkpt lat="31.9654265977442264556884765625" lon="118.67635245434939861297607421875">
        <ele>11</ele>
        <time>2026-08-14T12:02:51.000Z</time>
        <extensions>
          <ns3:TrackPointExtension>
            <ns3:hr>163</ns3:hr>
            <ns3:cad>89</ns3:cad>
          </ns3:TrackPointExtension>
        </extensions>
      </trkpt>
      <trkpt lat="31.9654359854757785797119140625" lon="118.6763332597911357879638671875">
        <ele>11</ele>
        <time>2026-08-14T12:02:52.000Z</time>
        <extensions>
          <ns3:TrackPointExtension>
            <ns3:hr>163</ns3:hr>
            <ns3:cad>89</ns3:cad>
          </ns3:TrackPointExtension>
        </extensions>
      </trkpt>
      <trkpt lat="31.9654433615505695343017578125" lon="118.676312305033206939697265625">
        <ele>11</ele>
        <time>2026-08-14T12:02:53.000Z</time>
        <extensions>
          <ns3:TrackPointExtension>
            <ns3:hr>163</ns3:hr>
            <ns3:cad>89</ns3:cad>
          </ns3:TrackPointExtension>
        </extensions>
      </trkpt>
      <trkpt lat="31.96545266546308994293212890625" lon="118.67629109881818294525146484375">
        <ele>10.80000019073486328125</ele>
        <time>2026-08-14T12:02:54.000Z</time>
        <extensions>
          <ns3:TrackPointExtension>
            <ns3:hr>163</ns3:hr>
            <ns3:cad>88</ns3:cad>
          </ns3:TrackPointExtension>
        </extensions>
      </trkpt>
      <trkpt lat="31.96545987389981746673583984375" lon="118.67626997642219066619873046875">
        <ele>11</ele>
        <time>2026-08-14T12:02:55.000Z</time>
        <extensions>
          <ns3:TrackPointExtension>
            <ns3:hr>163</ns3:hr>
            <ns3:cad>89</ns3:cad>
          </ns3:TrackPointExtension>
        </extensions>
      </trkpt>
      <trkpt lat="31.96547244675457477569580078125" lon="118.67624868638813495635986328125">
        <ele>11</ele>
        <time>2026-08-14T12:02:56.000Z</time>
        <extensions>
          <ns3:TrackPointExtension>
            <ns3:hr>164</ns3:hr>
            <ns3:cad>89</ns3:cad>
          </ns3:TrackPointExtension>
        </extensions>
      </trkpt>
      <trkpt lat="31.96547781117260456085205078125" lon="118.67622756399214267730712890625">
        <ele>11</ele>
        <time>2026-08-14T12:02:57.000Z</time>
        <extensions>
          <ns3:TrackPointExtension>
            <ns3:hr>163</ns3:hr>
            <ns3:cad>89</ns3:cad>
          </ns3:TrackPointExtension>
        </extensions>
      </trkpt>
      <trkpt lat="31.96548937819898128509521484375" lon="118.67620409466326236724853515625">
        <ele>11</ele>
        <time>2026-08-14T12:02:58.000Z</time>
        <extensions>
          <ns3:TrackPointExtension>
            <ns3:hr>163</ns3:hr>
            <ns3:cad>89</ns3:cad>
          </ns3:TrackPointExtension>
        </extensions>
      </trkpt>
      <trkpt lat="31.96549122221767902374267578125" lon="118.67618657648563385009765625">
        <ele>11</ele>
        <time>2026-08-14T12:02:59.000Z</time>
        <extensions>
          <ns3:TrackPointExtension>
            <ns3:hr>164</ns3:hr>
            <ns3:cad>89</ns3:cad>
          </ns3:TrackPointExtension>
        </extensions>
      </trkpt>
      <trkpt lat="31.96549926884472370147705078125" lon="118.6761672981083393096923828125">
        <ele>11</ele>
        <time>2026-08-14T12:03:00.000Z</time>
        <extensions>
          <ns3:TrackPointExtension>
            <ns3:hr>164</ns3:hr>
            <ns3:cad>89</ns3:cad>
          </ns3:TrackPointExtension>
        </extensions>
      </trkpt>
      <trkpt lat="31.96550287306308746337890625" lon="118.67615413852035999298095703125">
        <ele>11.19999980926513671875</ele>
        <time>2026-08-14T12:03:01.000Z</time>
        <extensions>
          <ns3:TrackPointExtension>
            <ns3:hr>164</ns3:hr>
            <ns3:cad>89</ns3:cad>
          </ns3:TrackPointExtension>
        </extensions>
      </trkpt>
      <trkpt lat="31.965509913861751556396484375" lon="118.67614072747528553009033203125">
        <ele>11.19999980926513671875</ele>
        <time>2026-08-14T12:03:02.000Z</time>
        <extensions>
          <ns3:TrackPointExtension>
            <ns3:hr>163</ns3:hr>
            <ns3:cad>89</ns3:cad>
          </ns3:TrackPointExtension>
        </extensions>
      </trkpt>
      <trkpt lat="31.9655191339552402496337890625" lon="118.676125891506671905517578125">
        <ele>11.19999980926513671875</ele>
        <time>2026-08-14T12:03:03.000Z</time>
        <extensions>
          <ns3:TrackPointExtension>
            <ns3:hr>164</ns3:hr>
            <ns3:cad>0</ns3:cad>
          </ns3:TrackPointExtension>
        </extensions>
      </trkpt>
      <trkpt lat="31.9655268453061580657958984375" lon="118.67611415684223175048828125">
        <ele>11.19999980926513671875</ele>
        <time>2026-08-14T12:03:04.000Z</time>
        <extensions>
          <ns3:TrackPointExtension>
            <ns3:hr>164</ns3:hr>
            <ns3:cad>0</ns3:cad>
          </ns3:TrackPointExtension>
        </extensions>
      </trkpt>
      <trkpt lat="31.9655330479145050048828125" lon="118.67610066197812557220458984375">
        <ele>11.19999980926513671875</ele>
        <time>2026-08-14T12:03:05.000Z</time>
        <extensions>
          <ns3:TrackPointExtension>
            <ns3:hr>164</ns3:hr>
            <ns3:cad>0</ns3:cad>
          </ns3:TrackPointExtension>
        </extensions>
      </trkpt>
      <trkpt lat="31.965539753437042236328125" lon="118.67608658038079738616943359375">
        <ele>11.19999980926513671875</ele>
        <time>2026-08-14T12:03:06.000Z</time>
        <extensions>
          <ns3:TrackPointExtension>
            <ns3:hr>164</ns3:hr>
            <ns3:cad>0</ns3:cad>
          </ns3:TrackPointExtension>
        </extensions>
      </trkpt>
      <trkpt lat="31.96554469875991344451904296875" lon="118.67607057094573974609375">
        <ele>11.19999980926513671875</ele>
        <time>2026-08-14T12:03:07.000Z</time>
        <extensions>
          <ns3:TrackPointExtension>
            <ns3:hr>164</ns3:hr>
            <ns3:cad>0</ns3:cad>
          </ns3:TrackPointExtension>
        </extensions>
      </trkpt>
      <trkpt lat="31.96554905734956264495849609375" lon="118.67605506442487239837646484375">
        <ele>11.19999980926513671875</ele>
        <time>2026-08-14T12:03:08.000Z</time>
        <extensions>
          <ns3:TrackPointExtension>
            <ns3:hr>164</ns3:hr>
            <ns3:cad>0</ns3:cad>
          </ns3:TrackPointExtension>
        </extensions>
      </trkpt>
      <trkpt lat="31.96555928327143192291259765625" lon="118.67603595368564128875732421875">
        <ele>11.19999980926513671875</ele>
        <time>2026-08-14T12:03:09.000Z</time>
        <extensions>
          <ns3:TrackPointExtension>
            <ns3:hr>164</ns3:hr>
            <ns3:cad>60</ns3:cad>
          </ns3:TrackPointExtension>
        </extensions>
      </trkpt>
      <trkpt lat="31.96556565351784229278564453125" lon="118.67602405138313770294189453125">
        <ele>11.19999980926513671875</ele>
        <time>2026-08-14T12:03:10.000Z</time>
        <extensions>
          <ns3:TrackPointExtension>
            <ns3:hr>163</ns3:hr>
            <ns3:cad>60</ns3:cad>
          </ns3:TrackPointExtension>
        </extensions>
      </trkpt>
      <trkpt lat="31.965570934116840362548828125" lon="118.67601223289966583251953125">
        <ele>11.3999996185302734375</ele>
        <time>2026-08-14T12:03:11.000Z</time>
        <extensions>
          <ns3:TrackPointExtension>
            <ns3:hr>164</ns3:hr>
            <ns3:cad>60</ns3:cad>
          </ns3:TrackPointExtension>
        </extensions>
      </trkpt>
      <trkpt lat="31.96557202376425266265869140625" lon="118.676000498235225677490234375">
        <ele>11.6000003814697265625</ele>
        <time>2026-08-14T12:03:12.000Z</time>
        <extensions>
          <ns3:TrackPointExtension>
            <ns3:hr>164</ns3:hr>
            <ns3:cad>59</ns3:cad>
          </ns3:TrackPointExtension>
        </extensions>
      </trkpt>
      <trkpt lat="31.965574286878108978271484375" lon="118.67598884738981723785400390625">
        <ele>11.6000003814697265625</ele>
        <time>2026-08-14T12:03:13.000Z</time>
        <extensions>
          <ns3:TrackPointExtension>
            <ns3:hr>163</ns3:hr>
            <ns3:cad>59</ns3:cad>
          </ns3:TrackPointExtension>
        </extensions>
      </trkpt>
      <trkpt lat="31.9655781425535678863525390625" lon="118.675976358354091644287109375">
        <ele>11.6000003814697265625</ele>
        <time>2026-08-14T12:03:14.000Z</time>
        <extensions>
          <ns3:TrackPointExtension>
            <ns3:hr>163</ns3:hr>
            <ns3:cad>59</ns3:cad>
          </ns3:TrackPointExtension>
        </extensions>
      </trkpt>
      <trkpt lat="31.96558325551450252532958984375" lon="118.67596269585192203521728515625">
        <ele>11.6000003814697265625</ele>
        <time>2026-08-14T12:03:15.000Z</time>
        <extensions>
          <ns3:TrackPointExtension>
            <ns3:hr>162</ns3:hr>
            <ns3:cad>59</ns3:cad>
          </ns3:TrackPointExtension>
        </extensions>
      </trkpt>
      <trkpt lat="31.96558828465640544891357421875" lon="118.675950877368450164794921875">
        <ele>11.3999996185302734375</ele>
        <time>2026-08-14T12:03:16.000Z</time>
        <extensions>
          <ns3:TrackPointExtension>
            <ns3:hr>160</ns3:hr>
            <ns3:cad>59</ns3:cad>
          </ns3:TrackPointExtension>
        </extensions>
      </trkpt>
      <trkpt lat="31.96559482254087924957275390625" lon="118.67593905888497829437255859375">
        <ele>11.19999980926513671875</ele>
        <time>2026-08-14T12:03:17.000Z</time>
        <extensions>
          <ns3:TrackPointExtension>
            <ns3:hr>159</ns3:hr>
            <ns3:cad>60</ns3:cad>
          </ns3:TrackPointExtension>
        </extensions>
      </trkpt>
      <trkpt lat="31.965601779520511627197265625" lon="118.6759262345731258392333984375">
        <ele>11.19999980926513671875</ele>
        <time>2026-08-14T12:03:18.000Z</time>
        <extensions>
          <ns3:TrackPointExtension>
            <ns3:hr>159</ns3:hr>
            <ns3:cad>60</ns3:cad>
          </ns3:TrackPointExtension>
        </extensions>
      </trkpt>
      <trkpt lat="31.96560773067176342010498046875" lon="118.67591139860451221466064453125">
        <ele>11.19999980926513671875</ele>
        <time>2026-08-14T12:03:19.000Z</time>
        <extensions>
          <ns3:TrackPointExtension>
            <ns3:hr>158</ns3:hr>
            <ns3:cad>60</ns3:cad>
          </ns3:TrackPointExtension>
        </extensions>
      </trkpt>
      <trkpt lat="31.965614520013332366943359375" lon="118.67589781992137432098388671875">
        <ele>11.19999980926513671875</ele>
        <time>2026-08-14T12:03:20.000Z</time>
        <extensions>
          <ns3:TrackPointExtension>
            <ns3:hr>157</ns3:hr>
            <ns3:cad>60</ns3:cad>
          </ns3:TrackPointExtension>
        </extensions>
      </trkpt>
      <trkpt lat="31.96562089025974273681640625" lon="118.675883822143077850341796875">
        <ele>11.19999980926513671875</ele>
        <time>2026-08-14T12:03:21.000Z</time>
        <extensions>
          <ns3:TrackPointExtension>
            <ns3:hr>157</ns3:hr>
            <ns3:cad>61</ns3:cad>
          </ns3:TrackPointExtension>
        </extensions>
      </trkpt>
      <trkpt lat="31.965627260506153106689453125" lon="118.675869069993495941162109375">
        <ele>11.19999980926513671875</ele>
        <time>2026-08-14T12:03:22.000Z</time>
        <extensions>
          <ns3:TrackPointExtension>
            <ns3:hr>157</ns3:hr>
            <ns3:cad>61</ns3:cad>
          </ns3:TrackPointExtension>
        </extensions>
      </trkpt>
      <trkpt lat="31.96563488803803920745849609375" lon="118.67585490457713603973388671875">
        <ele>11.19999980926513671875</ele>
        <time>2026-08-14T12:03:23.000Z</time>
        <extensions>
          <ns3:TrackPointExtension>
            <ns3:hr>157</ns3:hr>
            <ns3:cad>60</ns3:cad>
          </ns3:TrackPointExtension>
        </extensions>
      </trkpt>
      <trkpt lat="31.9656425155699253082275390625" lon="118.67584166117012500762939453125">
        <ele>11.19999980926513671875</ele>
        <time>2026-08-14T12:03:24.000Z</time>
        <extensions>
          <ns3:TrackPointExtension>
            <ns3:hr>157</ns3:hr>
            <ns3:cad>60</ns3:cad>
          </ns3:TrackPointExtension>
        </extensions>
      </trkpt>
      <trkpt lat="31.96564972400665283203125" lon="118.6758279986679553985595703125">
        <ele>11.19999980926513671875</ele>
        <time>2026-08-14T12:03:25.000Z</time>
        <extensions>
          <ns3:TrackPointExtension>
            <ns3:hr>157</ns3:hr>
            <ns3:cad>60</ns3:cad>
          </ns3:TrackPointExtension>
        </extensions>
      </trkpt>
      <trkpt lat="31.96565517224371433258056640625" lon="118.67581282742321491241455078125">
        <ele>11.19999980926513671875</ele>
        <time>2026-08-14T12:03:26.000Z</time>
        <extensions>
          <ns3:TrackPointExtension>
            <ns3:hr>157</ns3:hr>
            <ns3:cad>59</ns3:cad>
          </ns3:TrackPointExtension>
        </extensions>
      </trkpt>
      <trkpt lat="31.96565969847142696380615234375" lon="118.67579740472137928009033203125">
        <ele>11.19999980926513671875</ele>
        <time>2026-08-14T12:03:27.000Z</time>
        <extensions>
          <ns3:TrackPointExtension>
            <ns3:hr>157</ns3:hr>
            <ns3:cad>59</ns3:cad>
          </ns3:TrackPointExtension>
        </extensions>
      </trkpt>
      <trkpt lat="31.96566422469913959503173828125" lon="118.67578080855309963226318359375">
        <ele>11.19999980926513671875</ele>
        <time>2026-08-14T12:03:28.000Z</time>
        <extensions>
          <ns3:TrackPointExtension>
            <ns3:hr>156</ns3:hr>
            <ns3:cad>59</ns3:cad>
          </ns3:TrackPointExtension>
        </extensions>
      </trkpt>
      <trkpt lat="31.96566925384104251861572265625" lon="118.6757646314799785614013671875">
        <ele>11.19999980926513671875</ele>
        <time>2026-08-14T12:03:29.000Z</time>
        <extensions>
          <ns3:TrackPointExtension>
            <ns3:hr>157</ns3:hr>
            <ns3:cad>60</ns3:cad>
          </ns3:TrackPointExtension>
        </extensions>
      </trkpt>
      <trkpt lat="31.96567445062100887298583984375" lon="118.67574811913073062896728515625">
        <ele>11.19999980926513671875</ele>
        <time>2026-08-14T12:03:30.000Z</time>
        <extensions>
          <ns3:TrackPointExtension>
            <ns3:hr>156</ns3:hr>
            <ns3:cad>60</ns3:cad>
          </ns3:TrackPointExtension>
        </extensions>
      </trkpt>
      <trkpt lat="31.96567864157259464263916015625" lon="118.67573420517146587371826171875">
        <ele>11.19999980926513671875</ele>
        <time>2026-08-14T12:03:31.000Z</time>
        <extensions>
          <ns3:TrackPointExtension>
            <ns3:hr>156</ns3:hr>
            <ns3:cad>60</ns3:cad>
          </ns3:TrackPointExtension>
        </extensions>
      </trkpt>
      <trkpt lat="31.96568333543837070465087890625" lon="118.6757197044789791107177734375">
        <ele>11.19999980926513671875</ele>
        <time>2026-08-14T12:03:32.000Z</time>
        <extensions>
          <ns3:TrackPointExtension>
            <ns3:hr>155</ns3:hr>
            <ns3:cad>60</ns3:cad>
          </ns3:TrackPointExtension>
        </extensions>
      </trkpt>
      <trkpt lat="31.96568735875189304351806640625" lon="118.67570537142455577850341796875">
        <ele>11.19999980926513671875</ele>
        <time>2026-08-14T12:03:33.000Z</time>
        <extensions>
          <ns3:TrackPointExtension>
            <ns3:hr>153</ns3:hr>
            <ns3:cad>60</ns3:cad>
          </ns3:TrackPointExtension>
        </extensions>
      </trkpt>
      <trkpt lat="31.96569188497960567474365234375" lon="118.675691373646259307861328125">
        <ele>11.19999980926513671875</ele>
        <time>2026-08-14T12:03:34.000Z</time>
        <extensions>
          <ns3:TrackPointExtension>
            <ns3:hr>153</ns3:hr>
            <ns3:cad>59</ns3:cad>
          </ns3:TrackPointExtension>
        </extensions>
      </trkpt>
      <trkpt lat="31.9656964950263500213623046875" lon="118.67567553184926509857177734375">
        <ele>11.19999980926513671875</ele>
        <time>2026-08-14T12:03:35.000Z</time>
        <extensions>
          <ns3:TrackPointExtension>
            <ns3:hr>153</ns3:hr>
            <ns3:cad>59</ns3:cad>
          </ns3:TrackPointExtension>
        </extensions>
      </trkpt>
      <trkpt lat="31.96570177562534809112548828125" lon="118.67565943859517574310302734375">
        <ele>11.19999980926513671875</ele>
        <time>2026-08-14T12:03:36.000Z</time>
        <extensions>
          <ns3:TrackPointExtension>
            <ns3:hr>152</ns3:hr>
            <ns3:cad>59</ns3:cad>
          </ns3:TrackPointExtension>
        </extensions>
      </trkpt>
      <trkpt lat="31.96570814587175846099853515625" lon="118.675644434988498687744140625">
        <ele>11.19999980926513671875</ele>
        <time>2026-08-14T12:03:37.000Z</time>
        <extensions>
          <ns3:TrackPointExtension>
            <ns3:hr>151</ns3:hr>
            <ns3:cad>59</ns3:cad>
          </ns3:TrackPointExtension>
        </extensions>
      </trkpt>
      <trkpt lat="31.9657145999372005462646484375" lon="118.67562842555344104766845703125">
        <ele>11.19999980926513671875</ele>
        <time>2026-08-14T12:03:38.000Z</time>
        <extensions>
          <ns3:TrackPointExtension>
            <ns3:hr>151</ns3:hr>
            <ns3:cad>60</ns3:cad>
          </ns3:TrackPointExtension>
        </extensions>
      </trkpt>
      <trkpt lat="31.96572055108845233917236328125" lon="118.67561317048966884613037109375">
        <ele>11.19999980926513671875</ele>
        <time>2026-08-14T12:03:39.000Z</time>
        <extensions>
          <ns3:TrackPointExtension>
            <ns3:hr>150</ns3:hr>
            <ns3:cad>60</ns3:cad>
          </ns3:TrackPointExtension>
        </extensions>
      </trkpt>
      <trkpt lat="31.96572591550648212432861328125" lon="118.67559858597815036773681640625">
        <ele>11.19999980926513671875</ele>
        <time>2026-08-14T12:03:40.000Z</time>
        <extensions>
          <ns3:TrackPointExtension>
            <ns3:hr>149</ns3:hr>
            <ns3:cad>60</ns3:cad>
          </ns3:TrackPointExtension>
        </extensions>
      </trkpt>
      <trkpt lat="31.96573060937225818634033203125" lon="118.6755842529237270355224609375">
        <ele>11.19999980926513671875</ele>
        <time>2026-08-14T12:03:41.000Z</time>
        <extensions>
          <ns3:TrackPointExtension>
            <ns3:hr>148</ns3:hr>
            <ns3:cad>60</ns3:cad>
          </ns3:TrackPointExtension>
        </extensions>
      </trkpt>
      <trkpt lat="31.9657342135906219482421875" lon="118.67556908167898654937744140625">
        <ele>11.19999980926513671875</ele>
        <time>2026-08-14T12:03:42.000Z</time>
        <extensions>
          <ns3:TrackPointExtension>
            <ns3:hr>148</ns3:hr>
            <ns3:cad>60</ns3:cad>
          </ns3:TrackPointExtension>
        </extensions>
      </trkpt>
      <trkpt lat="31.96573848836123943328857421875" lon="118.6755554191768169403076171875">
        <ele>11.19999980926513671875</ele>
        <time>2026-08-14T12:03:43.000Z</time>
        <extensions>
          <ns3:TrackPointExtension>
            <ns3:hr>148</ns3:hr>
            <ns3:cad>60</ns3:cad>
          </ns3:TrackPointExtension>
        </extensions>
      </trkpt>
      <trkpt lat="31.96574267931282520294189453125" lon="118.675541169941425323486328125">
        <ele>11.3999996185302734375</ele>
        <time>2026-08-14T12:03:44.000Z</time>
        <extensions>
          <ns3:TrackPointExtension>
            <ns3:hr>148</ns3:hr>
            <ns3:cad>59</ns3:cad>
          </ns3:TrackPointExtension>
        </extensions>
      </trkpt>
      <trkpt lat="31.9657467864453792572021484375" lon="118.67552516050636768341064453125">
        <ele>11.3999996185302734375</ele>
        <time>2026-08-14T12:03:45.000Z</time>
        <extensions>
          <ns3:TrackPointExtension>
            <ns3:hr>147</ns3:hr>
            <ns3:cad>59</ns3:cad>
          </ns3:TrackPointExtension>
        </extensions>
      </trkpt>
      <trkpt lat="31.9657494686543941497802734375" lon="118.67551065981388092041015625">
        <ele>11.3999996185302734375</ele>
        <time>2026-08-14T12:03:46.000Z</time>
        <extensions>
          <ns3:TrackPointExtension>
            <ns3:hr>147</ns3:hr>
            <ns3:cad>59</ns3:cad>
          </ns3:TrackPointExtension>
        </extensions>
      </trkpt>
      <trkpt lat="31.9657511450350284576416015625" lon="118.67549649439752101898193359375">
        <ele>11.3999996185302734375</ele>
        <time>2026-08-14T12:03:47.000Z</time>
        <extensions>
          <ns3:TrackPointExtension>
            <ns3:hr>147</ns3:hr>
            <ns3:cad>59</ns3:cad>
          </ns3:TrackPointExtension>
        </extensions>
      </trkpt>
      <trkpt lat="31.9657534919679164886474609375" lon="118.6754816584289073944091796875">
        <ele>11.3999996185302734375</ele>
        <time>2026-08-14T12:03:48.000Z</time>
        <extensions>
          <ns3:TrackPointExtension>
            <ns3:hr>147</ns3:hr>
            <ns3:cad>59</ns3:cad>
          </ns3:TrackPointExtension>
        </extensions>
      </trkpt>
      <trkpt lat="31.9657558389008045196533203125" lon="118.67546699009835720062255859375">
        <ele>11.3999996185302734375</ele>
        <time>2026-08-14T12:03:49.000Z</time>
        <extensions>
          <ns3:TrackPointExtension>
            <ns3:hr>147</ns3:hr>
            <ns3:cad>59</ns3:cad>
          </ns3:TrackPointExtension>
        </extensions>
      </trkpt>
      <trkpt lat="31.965758688747882843017578125" lon="118.6754518188536167144775390625">
        <ele>11.3999996185302734375</ele>
        <time>2026-08-14T12:03:50.000Z</time>
        <extensions>
          <ns3:TrackPointExtension>
            <ns3:hr>146</ns3:hr>
            <ns3:cad>59</ns3:cad>
          </ns3:TrackPointExtension>
        </extensions>
      </trkpt>
      <trkpt lat="31.96576212532818317413330078125" lon="118.6754357255995273590087890625">
        <ele>11.3999996185302734375</ele>
        <time>2026-08-14T12:03:51.000Z</time>
        <extensions>
          <ns3:TrackPointExtension>
            <ns3:hr>147</ns3:hr>
            <ns3:cad>59</ns3:cad>
          </ns3:TrackPointExtension>
        </extensions>
      </trkpt>
      <trkpt lat="31.96576614864170551300048828125" lon="118.67541904561221599578857421875">
        <ele>11.3999996185302734375</ele>
        <time>2026-08-14T12:03:52.000Z</time>
        <extensions>
          <ns3:TrackPointExtension>
            <ns3:hr>147</ns3:hr>
            <ns3:cad>60</ns3:cad>
          </ns3:TrackPointExtension>
        </extensions>
      </trkpt>
      <trkpt lat="31.96576782502233982086181640625" lon="118.67540261708199977874755859375">
        <ele>11.3999996185302734375</ele>
        <time>2026-08-14T12:03:53.000Z</time>
        <extensions>
          <ns3:TrackPointExtension>
            <ns3:hr>146</ns3:hr>
            <ns3:cad>60</ns3:cad>
          </ns3:TrackPointExtension>
        </extensions>
      </trkpt>
      <trkpt lat="31.9657699204981327056884765625" lon="118.67538392543792724609375">
        <ele>11.3999996185302734375</ele>
        <time>2026-08-14T12:03:54.000Z</time>
        <extensions>
          <ns3:TrackPointExtension>
            <ns3:hr>146</ns3:hr>
            <ns3:cad>60</ns3:cad>
          </ns3:TrackPointExtension>
        </extensions>
      </trkpt>
      <trkpt lat="31.96577318944036960601806640625" lon="118.67536691017448902130126953125">
        <ele>11.3999996185302734375</ele>
        <time>2026-08-14T12:03:55.000Z</time>
        <extensions>
          <ns3:TrackPointExtension>
            <ns3:hr>145</ns3:hr>
            <ns3:cad>61</ns3:cad>
          </ns3:TrackPointExtension>
        </extensions>
      </trkpt>
      <trkpt lat="31.96577771566808223724365234375" lon="118.6753512360155582427978515625">
        <ele>11.3999996185302734375</ele>
        <time>2026-08-14T12:03:56.000Z</time>
        <extensions>
          <ns3:TrackPointExtension>
            <ns3:hr>145</ns3:hr>
            <ns3:cad>61</ns3:cad>
          </ns3:TrackPointExtension>
        </extensions>
      </trkpt>
      <trkpt lat="31.96578316390514373779296875" lon="118.67533589713275432586669921875">
        <ele>11.3999996185302734375</ele>
        <time>2026-08-14T12:03:57.000Z</time>
        <extensions>
          <ns3:TrackPointExtension>
            <ns3:hr>144</ns3:hr>
            <ns3:cad>61</ns3:cad>
          </ns3:TrackPointExtension>
        </extensions>
      </trkpt>
      <trkpt lat="31.96578894741833209991455078125" lon="118.67532181553542613983154296875">
        <ele>11.3999996185302734375</ele>
        <time>2026-08-14T12:03:58.000Z</time>
        <extensions>
          <ns3:TrackPointExtension>
            <ns3:hr>144</ns3:hr>
            <ns3:cad>61</ns3:cad>
          </ns3:TrackPointExtension>
        </extensions>
      </trkpt>
      <trkpt lat="31.9657967425882816314697265625" lon="118.6753083206713199615478515625">
        <ele>11.3999996185302734375</ele>
        <time>2026-08-14T12:03:59.000Z</time>
        <extensions>
          <ns3:TrackPointExtension>
            <ns3:hr>143</ns3:hr>
            <ns3:cad>61</ns3:cad>
          </ns3:TrackPointExtension>
        </extensions>
      </trkpt>
      <trkpt lat="31.96580235846340656280517578125" lon="118.67529499344527721405029296875">
        <ele>11.3999996185302734375</ele>
        <time>2026-08-14T12:04:00.000Z</time>
        <extensions>
          <ns3:TrackPointExtension>
            <ns3:hr>143</ns3:hr>
            <ns3:cad>62</ns3:cad>
          </ns3:TrackPointExtension>
        </extensions>
      </trkpt>
      <trkpt lat="31.96581006981432437896728515625" lon="118.6752791516482830047607421875">
        <ele>11.3999996185302734375</ele>
        <time>2026-08-14T12:04:01.000Z</time>
        <extensions>
          <ns3:TrackPointExtension>
            <ns3:hr>143</ns3:hr>
            <ns3:cad>62</ns3:cad>
          </ns3:TrackPointExtension>
        </extensions>
      </trkpt>
      <trkpt lat="31.9658141769468784332275390625" lon="118.67526548914611339569091796875">
        <ele>11.6000003814697265625</ele>
        <time>2026-08-14T12:04:02.000Z</time>
        <extensions>
          <ns3:TrackPointExtension>
            <ns3:hr>143</ns3:hr>
            <ns3:cad>62</ns3:cad>
          </ns3:TrackPointExtension>
        </extensions>
      </trkpt>
      <trkpt lat="31.9658178649842739105224609375" lon="118.6752523295581340789794921875">
        <ele>11.6000003814697265625</ele>
        <time>2026-08-14T12:04:03.000Z</time>
        <extensions>
          <ns3:TrackPointExtension>
            <ns3:hr>142</ns3:hr>
            <ns3:cad>62</ns3:cad>
          </ns3:TrackPointExtension>
        </extensions>
      </trkpt>
      <trkpt lat="31.96582197211682796478271484375" lon="118.6752365715801715850830078125">
        <ele>11.6000003814697265625</ele>
        <time>2026-08-14T12:04:04.000Z</time>
        <extensions>
          <ns3:TrackPointExtension>
            <ns3:hr>142</ns3:hr>
            <ns3:cad>62</ns3:cad>
          </ns3:TrackPointExtension>
        </extensions>
      </trkpt>
      <trkpt lat="31.9658272527158260345458984375" lon="118.6752228252589702606201171875">
        <ele>11.6000003814697265625</ele>
        <time>2026-08-14T12:04:05.000Z</time>
        <extensions>
          <ns3:TrackPointExtension>
            <ns3:hr>142</ns3:hr>
            <ns3:cad>62</ns3:cad>
          </ns3:TrackPointExtension>
        </extensions>
      </trkpt>
      <trkpt lat="31.96583303622901439666748046875" lon="118.67520899511873722076416015625">
        <ele>11.6000003814697265625</ele>
        <time>2026-08-14T12:04:06.000Z</time>
        <extensions>
          <ns3:TrackPointExtension>
            <ns3:hr>141</ns3:hr>
            <ns3:cad>62</ns3:cad>
          </ns3:TrackPointExtension>
        </extensions>
      </trkpt>
      <trkpt lat="31.96583655662834644317626953125" lon="118.6751953326165676116943359375">
        <ele>11.3999996185302734375</ele>
        <time>2026-08-14T12:04:07.000Z</time>
        <extensions>
          <ns3:TrackPointExtension>
            <ns3:hr>141</ns3:hr>
            <ns3:cad>62</ns3:cad>
          </ns3:TrackPointExtension>
        </extensions>
      </trkpt>
      <trkpt lat="31.96584091521799564361572265625" lon="118.6751814186573028564453125">
        <ele>11.3999996185302734375</ele>
        <time>2026-08-14T12:04:08.000Z</time>
        <extensions>
          <ns3:TrackPointExtension>
            <ns3:hr>141</ns3:hr>
            <ns3:cad>62</ns3:cad>
          </ns3:TrackPointExtension>
        </extensions>
      </trkpt>
      <trkpt lat="31.965845860540866851806640625" lon="118.67516591213643550872802734375">
        <ele>11.3999996185302734375</ele>
        <time>2026-08-14T12:04:09.000Z</time>
        <extensions>
          <ns3:TrackPointExtension>
            <ns3:hr>141</ns3:hr>
            <ns3:cad>62</ns3:cad>
          </ns3:TrackPointExtension>
        </extensions>
      </trkpt>
      <trkpt lat="31.96585013531148433685302734375" lon="118.67515199817717075347900390625">
        <ele>11.3999996185302734375</ele>
        <time>2026-08-14T12:04:10.000Z</time>
        <extensions>
          <ns3:TrackPointExtension>
            <ns3:hr>142</ns3:hr>
            <ns3:cad>61</ns3:cad>
          </ns3:TrackPointExtension>
        </extensions>
      </trkpt>
      <trkpt lat="31.96585415862500667572021484375" lon="118.6751380003988742828369140625">
        <ele>11.3999996185302734375</ele>
        <time>2026-08-14T12:04:11.000Z</time>
        <extensions>
          <ns3:TrackPointExtension>
            <ns3:hr>141</ns3:hr>
            <ns3:cad>60</ns3:cad>
          </ns3:TrackPointExtension>
        </extensions>
      </trkpt>
      <trkpt lat="31.96585885249078273773193359375" lon="118.67512551136314868927001953125">
        <ele>11.3999996185302734375</ele>
        <time>2026-08-14T12:04:12.000Z</time>
        <extensions>
          <ns3:TrackPointExtension>
            <ns3:hr>141</ns3:hr>
            <ns3:cad>60</ns3:cad>
          </ns3:TrackPointExtension>
        </extensions>
      </trkpt>
      <trkpt lat="31.96586471982300281524658203125" lon="118.675112016499042510986328125">
        <ele>11.3999996185302734375</ele>
        <time>2026-08-14T12:04:13.000Z</time>
        <extensions>
          <ns3:TrackPointExtension>
            <ns3:hr>141</ns3:hr>
            <ns3:cad>60</ns3:cad>
          </ns3:TrackPointExtension>
        </extensions>
      </trkpt>
      <trkpt lat="31.9658701680600643157958984375" lon="118.67509734816849231719970703125">
        <ele>11.3999996185302734375</ele>
        <time>2026-08-14T12:04:14.000Z</time>
        <extensions>
          <ns3:TrackPointExtension>
            <ns3:hr>140</ns3:hr>
            <ns3:cad>60</ns3:cad>
          </ns3:TrackPointExtension>
        </extensions>
      </trkpt>
      <trkpt lat="31.96587611921131610870361328125" lon="118.67508276365697383880615234375">
        <ele>11.3999996185302734375</ele>
        <time>2026-08-14T12:04:15.000Z</time>
        <extensions>
          <ns3:TrackPointExtension>
            <ns3:hr>140</ns3:hr>
            <ns3:cad>60</ns3:cad>
          </ns3:TrackPointExtension>
        </extensions>
      </trkpt>
      <trkpt lat="31.9658805616199970245361328125" lon="118.67506817914545536041259765625">
        <ele>11.3999996185302734375</ele>
        <time>2026-08-14T12:04:16.000Z</time>
        <extensions>
          <ns3:TrackPointExtension>
            <ns3:hr>139</ns3:hr>
            <ns3:cad>60</ns3:cad>
          </ns3:TrackPointExtension>
        </extensions>
      </trkpt>
      <trkpt lat="31.9658835791051387786865234375" lon="118.6750535108149051666259765625">
        <ele>11.3999996185302734375</ele>
        <time>2026-08-14T12:04:17.000Z</time>
        <extensions>
          <ns3:TrackPointExtension>
            <ns3:hr>139</ns3:hr>
            <ns3:cad>59</ns3:cad>
          </ns3:TrackPointExtension>
        </extensions>
      </trkpt>
      <trkpt lat="31.96588701568543910980224609375" lon="118.67503817193210124969482421875">
        <ele>11.3999996185302734375</ele>
        <time>2026-08-14T12:04:18.000Z</time>
        <extensions>
          <ns3:TrackPointExtension>
            <ns3:hr>138</ns3:hr>
            <ns3:cad>59</ns3:cad>
          </ns3:TrackPointExtension>
        </extensions>
      </trkpt>
      <trkpt lat="31.96588634513318538665771484375" lon="118.67502258159220218658447265625">
        <ele>11.6000003814697265625</ele>
        <time>2026-08-14T12:04:19.000Z</time>
        <extensions>
          <ns3:TrackPointExtension>
            <ns3:hr>138</ns3:hr>
            <ns3:cad>59</ns3:cad>
          </ns3:TrackPointExtension>
        </extensions>
      </trkpt>
      <trkpt lat="31.96588642895221710205078125" lon="118.67500732652842998504638671875">
        <ele>11.6000003814697265625</ele>
        <time>2026-08-14T12:04:20.000Z</time>
        <extensions>
          <ns3:TrackPointExtension>
            <ns3:hr>137</ns3:hr>
            <ns3:cad>59</ns3:cad>
          </ns3:TrackPointExtension>
        </extensions>
      </trkpt>
      <trkpt lat="31.96588064543902873992919921875" lon="118.674995340406894683837890625">
        <ele>11.6000003814697265625</ele>
        <time>2026-08-14T12:04:21.000Z</time>
        <extensions>
          <ns3:TrackPointExtension>
            <ns3:hr>137</ns3:hr>
            <ns3:cad>59</ns3:cad>
          </ns3:TrackPointExtension>
        </extensions>
      </trkpt>
      <trkpt lat="31.96587167680263519287109375" lon="118.67498754523694515228271484375">
        <ele>11.80000019073486328125</ele>
        <time>2026-08-14T12:04:22.000Z</time>
        <extensions>
          <ns3:TrackPointExtension>
            <ns3:hr>137</ns3:hr>
            <ns3:cad>59</ns3:cad>
          </ns3:TrackPointExtension>
        </extensions>
      </trkpt>
      <trkpt lat="31.9658614508807659149169921875" lon="118.67498788051307201385498046875">
        <ele>11.80000019073486328125</ele>
        <time>2026-08-14T12:04:23.000Z</time>
        <extensions>
          <ns3:TrackPointExtension>
            <ns3:hr>137</ns3:hr>
            <ns3:cad>59</ns3:cad>
          </ns3:TrackPointExtension>
        </extensions>
      </trkpt>
      <trkpt lat="31.96585734374821186065673828125" lon="118.67499391548335552215576171875">
        <ele>11.80000019073486328125</ele>
        <time>2026-08-14T12:04:24.000Z</time>
        <extensions>
          <ns3:TrackPointExtension>
            <ns3:hr>137</ns3:hr>
            <ns3:cad>59</ns3:cad>
          </ns3:TrackPointExtension>
        </extensions>
      </trkpt>
      <trkpt lat="31.96585365571081638336181640625" lon="118.67500984109938144683837890625">
        <ele>11.6000003814697265625</ele>
        <time>2026-08-14T12:04:25.000Z</time>
        <extensions>
          <ns3:TrackPointExtension>
            <ns3:hr>137</ns3:hr>
            <ns3:cad>55</ns3:cad>
          </ns3:TrackPointExtension>
        </extensions>
      </trkpt>
      <trkpt lat="31.96585315279662609100341796875" lon="118.6750219948589801788330078125">
        <ele>11.6000003814697265625</ele>
        <time>2026-08-14T12:04:26.000Z</time>
        <extensions>
          <ns3:TrackPointExtension>
            <ns3:hr>136</ns3:hr>
            <ns3:cad>55</ns3:cad>
          </ns3:TrackPointExtension>
        </extensions>
      </trkpt>
      <trkpt lat="31.96585080586373805999755859375" lon="118.675034902989864349365234375">
        <ele>11.6000003814697265625</ele>
        <time>2026-08-14T12:04:27.000Z</time>
        <extensions>
          <ns3:TrackPointExtension>
            <ns3:hr>136</ns3:hr>
            <ns3:cad>55</ns3:cad>
          </ns3:TrackPointExtension>
        </extensions>
      </trkpt>
      <trkpt lat="31.965848542749881744384765625" lon="118.67504973895847797393798828125">
        <ele>11.3999996185302734375</ele>
        <time>2026-08-14T12:04:28.000Z</time>
        <extensions>
          <ns3:TrackPointExtension>
            <ns3:hr>136</ns3:hr>
            <ns3:cad>55</ns3:cad>
          </ns3:TrackPointExtension>
        </extensions>
      </trkpt>
      <trkpt lat="31.96584410034120082855224609375" lon="118.6750682629644870758056640625">
        <ele>11.3999996185302734375</ele>
        <time>2026-08-14T12:04:29.000Z</time>
        <extensions>
          <ns3:TrackPointExtension>
            <ns3:hr>136</ns3:hr>
            <ns3:cad>55</ns3:cad>
          </ns3:TrackPointExtension>
        </extensions>
      </trkpt>
      <trkpt lat="31.9658399932086467742919921875" lon="118.67508930154144763946533203125">
        <ele>11.3999996185302734375</ele>
        <time>2026-08-14T12:04:30.000Z</time>
        <extensions>
          <ns3:TrackPointExtension>
            <ns3:hr>136</ns3:hr>
            <ns3:cad>56</ns3:cad>
          </ns3:TrackPointExtension>
        </extensions>
      </trkpt>
      <trkpt lat="31.96583420969545841217041015625" lon="118.6751145310699939727783203125">
        <ele>11.3999996185302734375</ele>
        <time>2026-08-14T12:04:31.000Z</time>
        <extensions>
          <ns3:TrackPointExtension>
            <ns3:hr>135</ns3:hr>
            <ns3:cad>56</ns3:cad>
          </ns3:TrackPointExtension>
        </extensions>
      </trkpt>
      <trkpt lat="31.96583119221031665802001953125" lon="118.67513640783727169036865234375">
        <ele>11.3999996185302734375</ele>
        <time>2026-08-14T12:04:32.000Z</time>
        <extensions>
          <ns3:TrackPointExtension>
            <ns3:hr>135</ns3:hr>
            <ns3:cad>56</ns3:cad>
          </ns3:TrackPointExtension>
        </extensions>
      </trkpt>
      <trkpt lat="31.9658259116113185882568359375" lon="118.6751597933471202850341796875">
        <ele>11.6000003814697265625</ele>
        <time>2026-08-14T12:04:33.000Z</time>
        <extensions>
          <ns3:TrackPointExtension>
            <ns3:hr>135</ns3:hr>
            <ns3:cad>56</ns3:cad>
          </ns3:TrackPointExtension>
        </extensions>
      </trkpt>
      <trkpt lat="31.9658215530216693878173828125" lon="118.67518150247633457183837890625">
        <ele>11.3999996185302734375</ele>
        <time>2026-08-14T12:04:34.000Z</time>
        <extensions>
          <ns3:TrackPointExtension>
            <ns3:hr>135</ns3:hr>
            <ns3:cad>91</ns3:cad>
          </ns3:TrackPointExtension>
        </extensions>
      </trkpt>
      <trkpt lat="31.965813338756561279296875" lon="118.67521218024194240570068359375">
        <ele>11.6000003814697265625</ele>
        <time>2026-08-14T12:04:35.000Z</time>
        <extensions>
          <ns3:TrackPointExtension>
            <ns3:hr>135</ns3:hr>
            <ns3:cad>91</ns3:cad>
          </ns3:TrackPointExtension>
        </extensions>
      </trkpt>
      <trkpt lat="31.96581359021365642547607421875" lon="118.67523363791406154632568359375">
        <ele>11.3999996185302734375</ele>
        <time>2026-08-14T12:04:36.000Z</time>
        <extensions>
          <ns3:TrackPointExtension>
            <ns3:hr>134</ns3:hr>
            <ns3:cad>89</ns3:cad>
          </ns3:TrackPointExtension>
        </extensions>
      </trkpt>
      <trkpt lat="31.96580504067242145538330078125" lon="118.67525995709002017974853515625">
        <ele>11.3999996185302734375</ele>
        <time>2026-08-14T12:04:37.000Z</time>
        <extensions>
          <ns3:TrackPointExtension>
            <ns3:hr>135</ns3:hr>
            <ns3:cad>89</ns3:cad>
          </ns3:TrackPointExtension>
        </extensions>
      </trkpt>
      <trkpt lat="31.965802609920501708984375" lon="118.6752768047153949737548828125">
        <ele>11.3999996185302734375</ele>
        <time>2026-08-14T12:04:38.000Z</time>
        <extensions>
          <ns3:TrackPointExtension>
            <ns3:hr>135</ns3:hr>
            <ns3:cad>89</ns3:cad>
          </ns3:TrackPointExtension>
        </extensions>
      </trkpt>
      <trkpt lat="31.9657920487225055694580078125" lon="118.67530270479619503021240234375">
        <ele>11.6000003814697265625</ele>
        <time>2026-08-14T12:04:39.000Z</time>
        <extensions>
          <ns3:TrackPointExtension>
            <ns3:hr>135</ns3:hr>
            <ns3:cad>90</ns3:cad>
          </ns3:TrackPointExtension>
        </extensions>
      </trkpt>
      <trkpt lat="31.96578760631382465362548828125" lon="118.6753213964402675628662109375">
        <ele>11.6000003814697265625</ele>
        <time>2026-08-14T12:04:40.000Z</time>
        <extensions>
          <ns3:TrackPointExtension>
            <ns3:hr>135</ns3:hr>
            <ns3:cad>90</ns3:cad>
          </ns3:TrackPointExtension>
        </extensions>
      </trkpt>
      <trkpt lat="31.96577587164938449859619140625" lon="118.67534637451171875">
        <ele>11.6000003814697265625</ele>
        <time>2026-08-14T12:04:41.000Z</time>
        <extensions>
          <ns3:TrackPointExtension>
            <ns3:hr>136</ns3:hr>
            <ns3:cad>90</ns3:cad>
          </ns3:TrackPointExtension>
        </extensions>
      </trkpt>
      <trkpt lat="31.965767405927181243896484375" lon="118.67536623962223529815673828125">
        <ele>11.6000003814697265625</ele>
        <time>2026-08-14T12:04:42.000Z</time>
        <extensions>
          <ns3:TrackPointExtension>
            <ns3:hr>136</ns3:hr>
            <ns3:cad>90</ns3:cad>
          </ns3:TrackPointExtension>
        </extensions>
      </trkpt>
      <trkpt lat="31.96575642563402652740478515625" lon="118.67538987658917903900146484375">
        <ele>11.6000003814697265625</ele>
        <time>2026-08-14T12:04:43.000Z</time>
        <extensions>
          <ns3:TrackPointExtension>
            <ns3:hr>136</ns3:hr>
            <ns3:cad>90</ns3:cad>
          </ns3:TrackPointExtension>
        </extensions>
      </trkpt>
      <trkpt lat="31.965748630464076995849609375" lon="118.67541150189936161041259765625">
        <ele>11.6000003814697265625</ele>
        <time>2026-08-14T12:04:44.000Z</time>
        <extensions>
          <ns3:TrackPointExtension>
            <ns3:hr>136</ns3:hr>
            <ns3:cad>90</ns3:cad>
          </ns3:TrackPointExtension>
        </extensions>
      </trkpt>
      <trkpt lat="31.96573999710381031036376953125" lon="118.6754360608756542205810546875">
        <ele>11.6000003814697265625</ele>
        <time>2026-08-14T12:04:45.000Z</time>
        <extensions>
          <ns3:TrackPointExtension>
            <ns3:hr>136</ns3:hr>
            <ns3:cad>90</ns3:cad>
          </ns3:TrackPointExtension>
        </extensions>
      </trkpt>
      <trkpt lat="31.96573178283870220184326171875" lon="118.675456345081329345703125">
        <ele>11.6000003814697265625</ele>
        <time>2026-08-14T12:04:46.000Z</time>
        <extensions>
          <ns3:TrackPointExtension>
            <ns3:hr>137</ns3:hr>
            <ns3:cad>90</ns3:cad>
          </ns3:TrackPointExtension>
        </extensions>
      </trkpt>
      <trkpt lat="31.965724490582942962646484375" lon="118.67547906003892421722412109375">
        <ele>11.6000003814697265625</ele>
        <time>2026-08-14T12:04:47.000Z</time>
        <extensions>
          <ns3:TrackPointExtension>
            <ns3:hr>137</ns3:hr>
            <ns3:cad>89</ns3:cad>
          </ns3:TrackPointExtension>
        </extensions>
      </trkpt>
      <trkpt lat="31.96571686305105686187744140625" lon="118.67550085298717021942138671875">
        <ele>11.6000003814697265625</ele>
        <time>2026-08-14T12:04:48.000Z</time>
        <extensions>
          <ns3:TrackPointExtension>
            <ns3:hr>138</ns3:hr>
            <ns3:cad>89</ns3:cad>
          </ns3:TrackPointExtension>
        </extensions>
      </trkpt>
      <trkpt lat="31.965711079537868499755859375" lon="118.67552465759217739105224609375">
        <ele>11.6000003814697265625</ele>
        <time>2026-08-14T12:04:49.000Z</time>
        <extensions>
          <ns3:TrackPointExtension>
            <ns3:hr>138</ns3:hr>
            <ns3:cad>89</ns3:cad>
          </ns3:TrackPointExtension>
        </extensions>
      </trkpt>
      <trkpt lat="31.96570429019629955291748046875" lon="118.67554242722690105438232421875">
        <ele>11.6000003814697265625</ele>
        <time>2026-08-14T12:04:50.000Z</time>
        <extensions>
          <ns3:TrackPointExtension>
            <ns3:hr>139</ns3:hr>
            <ns3:cad>89</ns3:cad>
          </ns3:TrackPointExtension>
        </extensions>
      </trkpt>
      <trkpt lat="31.9656980037689208984375" lon="118.67556237615644931793212890625">
        <ele>11.6000003814697265625</ele>
        <time>2026-08-14T12:04:51.000Z</time>
        <extensions>
          <ns3:TrackPointExtension>
            <ns3:hr>140</ns3:hr>
            <ns3:cad>88</ns3:cad>
          </ns3:TrackPointExtension>
        </extensions>
      </trkpt>
      <trkpt lat="31.96569071151316165924072265625" lon="118.6755809001624584197998046875">
        <ele>11.6000003814697265625</ele>
        <time>2026-08-14T12:04:52.000Z</time>
        <extensions>
          <ns3:TrackPointExtension>
            <ns3:hr>140</ns3:hr>
            <ns3:cad>89</ns3:cad>
          </ns3:TrackPointExtension>
        </extensions>
      </trkpt>
      <trkpt lat="31.965683586895465850830078125" lon="118.675601184368133544921875">
        <ele>11.6000003814697265625</ele>
        <time>2026-08-14T12:04:53.000Z</time>
        <extensions>
          <ns3:TrackPointExtension>
            <ns3:hr>140</ns3:hr>
            <ns3:cad>89</ns3:cad>
          </ns3:TrackPointExtension>
        </extensions>
      </trkpt>
      <trkpt lat="31.96567562408745288848876953125" lon="118.6756214685738086700439453125">
        <ele>11.6000003814697265625</ele>
        <time>2026-08-14T12:04:54.000Z</time>
        <extensions>
          <ns3:TrackPointExtension>
            <ns3:hr>141</ns3:hr>
            <ns3:cad>89</ns3:cad>
          </ns3:TrackPointExtension>
        </extensions>
      </trkpt>
      <trkpt lat="31.96566824801266193389892578125" lon="118.6756432615220546722412109375">
        <ele>11.6000003814697265625</ele>
        <time>2026-08-14T12:04:55.000Z</time>
        <extensions>
          <ns3:TrackPointExtension>
            <ns3:hr>141</ns3:hr>
            <ns3:cad>89</ns3:cad>
          </ns3:TrackPointExtension>
        </extensions>
      </trkpt>
      <trkpt lat="31.96566120721399784088134765625" lon="118.675662539899349212646484375">
        <ele>11.6000003814697265625</ele>
        <time>2026-08-14T12:04:56.000Z</time>
        <extensions>
          <ns3:TrackPointExtension>
            <ns3:hr>141</ns3:hr>
            <ns3:cad>89</ns3:cad>
          </ns3:TrackPointExtension>
        </extensions>
      </trkpt>
      <trkpt lat="31.96565567515790462493896484375" lon="118.67568424902856349945068359375">
        <ele>11.6000003814697265625</ele>
        <time>2026-08-14T12:04:57.000Z</time>
        <extensions>
          <ns3:TrackPointExtension>
            <ns3:hr>142</ns3:hr>
            <ns3:cad>89</ns3:cad>
          </ns3:TrackPointExtension>
        </extensions>
      </trkpt>
      <trkpt lat="31.96564695797860622406005859375" lon="118.67570235393941402435302734375">
        <ele>11.6000003814697265625</ele>
        <time>2026-08-14T12:04:58.000Z</time>
        <extensions>
          <ns3:TrackPointExtension>
            <ns3:hr>142</ns3:hr>
            <ns3:cad>89</ns3:cad>
          </ns3:TrackPointExtension>
        </extensions>
      </trkpt>
      <trkpt lat="31.96564058773219585418701171875" lon="118.67572297342121601104736328125">
        <ele>11.6000003814697265625</ele>
        <time>2026-08-14T12:04:59.000Z</time>
        <extensions>
          <ns3:TrackPointExtension>
            <ns3:hr>143</ns3:hr>
            <ns3:cad>91</ns3:cad>
          </ns3:TrackPointExtension>
        </extensions>
      </trkpt>
      <trkpt lat="31.96563237346708774566650390625" lon="118.675740323960781097412109375">
        <ele>11.6000003814697265625</ele>
        <time>2026-08-14T12:05:00.000Z</time>
        <extensions>
          <ns3:TrackPointExtension>
            <ns3:hr>144</ns3:hr>
            <ns3:cad>90</ns3:cad>
          </ns3:TrackPointExtension>
        </extensions>
      </trkpt>
      <trkpt lat="31.9656244106590747833251953125" lon="118.67576186545193195343017578125">
        <ele>11.6000003814697265625</ele>
        <time>2026-08-14T12:05:01.000Z</time>
        <extensions>
          <ns3:TrackPointExtension>
            <ns3:hr>145</ns3:hr>
            <ns3:cad>90</ns3:cad>
          </ns3:TrackPointExtension>
        </extensions>
      </trkpt>
      <trkpt lat="31.96561577729880809783935546875" lon="118.675779215991497039794921875">
        <ele>11.6000003814697265625</ele>
        <time>2026-08-14T12:05:02.000Z</time>
        <extensions>
          <ns3:TrackPointExtension>
            <ns3:hr>146</ns3:hr>
            <ns3:cad>89</ns3:cad>
          </ns3:TrackPointExtension>
        </extensions>
      </trkpt>
      <trkpt lat="31.9656069763004779815673828125" lon="118.675800003111362457275390625">
        <ele>11.6000003814697265625</ele>
        <time>2026-08-14T12:05:03.000Z</time>
        <extensions>
          <ns3:TrackPointExtension>
            <ns3:hr>146</ns3:hr>
            <ns3:cad>89</ns3:cad>
          </ns3:TrackPointExtension>
        </extensions>
      </trkpt>
      <trkpt lat="31.96560068987309932708740234375" lon="118.6758197844028472900390625">
        <ele>11.6000003814697265625</ele>
        <time>2026-08-14T12:05:04.000Z</time>
        <extensions>
          <ns3:TrackPointExtension>
            <ns3:hr>147</ns3:hr>
            <ns3:cad>90</ns3:cad>
          </ns3:TrackPointExtension>
        </extensions>
      </trkpt>
      <trkpt lat="31.9655925594270229339599609375" lon="118.6758417449891567230224609375">
        <ele>11.6000003814697265625</ele>
        <time>2026-08-14T12:05:05.000Z</time>
        <extensions>
          <ns3:TrackPointExtension>
            <ns3:hr>147</ns3:hr>
            <ns3:cad>91</ns3:cad>
          </ns3:TrackPointExtension>
        </extensions>
      </trkpt>
      <trkpt lat="31.9655875302851200103759765625" lon="118.67586060427129268646240234375">
        <ele>11.6000003814697265625</ele>
        <time>2026-08-14T12:05:06.000Z</time>
        <extensions>
          <ns3:TrackPointExtension>
            <ns3:hr>147</ns3:hr>
            <ns3:cad>91</ns3:cad>
          </ns3:TrackPointExtension>
        </extensions>
      </trkpt>
      <trkpt lat="31.965576969087123870849609375" lon="118.6758843250572681427001953125">
        <ele>11.80000019073486328125</ele>
        <time>2026-08-14T12:05:07.000Z</time>
        <extensions>
          <ns3:TrackPointExtension>
            <ns3:hr>147</ns3:hr>
            <ns3:cad>91</ns3:cad>
          </ns3:TrackPointExtension>
        </extensions>
      </trkpt>
      <trkpt lat="31.96556992828845977783203125" lon="118.675903268158435821533203125">
        <ele>11.80000019073486328125</ele>
        <time>2026-08-14T12:05:08.000Z</time>
        <extensions>
          <ns3:TrackPointExtension>
            <ns3:hr>148</ns3:hr>
            <ns3:cad>91</ns3:cad>
          </ns3:TrackPointExtension>
        </extensions>
      </trkpt>
      <trkpt lat="31.9655586965382099151611328125" lon="118.6759245581924915313720703125">
        <ele>11.80000019073486328125</ele>
        <time>2026-08-14T12:05:09.000Z</time>
        <extensions>
          <ns3:TrackPointExtension>
            <ns3:hr>148</ns3:hr>
            <ns3:cad>91</ns3:cad>
          </ns3:TrackPointExtension>
        </extensions>
      </trkpt>
      <trkpt lat="31.965550482273101806640625" lon="118.67594140581786632537841796875">
        <ele>11.80000019073486328125</ele>
        <time>2026-08-14T12:05:10.000Z</time>
        <extensions>
          <ns3:TrackPointExtension>
            <ns3:hr>149</ns3:hr>
            <ns3:cad>91</ns3:cad>
          </ns3:TrackPointExtension>
        </extensions>
      </trkpt>
      <trkpt lat="31.96554000489413738250732421875" lon="118.6759627796709537506103515625">
        <ele>11.80000019073486328125</ele>
        <time>2026-08-14T12:05:11.000Z</time>
        <extensions>
          <ns3:TrackPointExtension>
            <ns3:hr>149</ns3:hr>
            <ns3:cad>90</ns3:cad>
          </ns3:TrackPointExtension>
        </extensions>
      </trkpt>
      <trkpt lat="31.96553531102836132049560546875" lon="118.67598331533372402191162109375">
        <ele>11.80000019073486328125</ele>
        <time>2026-08-14T12:05:12.000Z</time>
        <extensions>
          <ns3:TrackPointExtension>
            <ns3:hr>150</ns3:hr>
            <ns3:cad>91</ns3:cad>
          </ns3:TrackPointExtension>
        </extensions>
      </trkpt>
      <trkpt lat="31.96552701294422149658203125" lon="118.67600711993873119354248046875">
        <ele>12</ele>
        <time>2026-08-14T12:05:13.000Z</time>
        <extensions>
          <ns3:TrackPointExtension>
            <ns3:hr>150</ns3:hr>
            <ns3:cad>90</ns3:cad>
          </ns3:TrackPointExtension>
        </extensions>
      </trkpt>
      <trkpt lat="31.96552290581166744232177734375" lon="118.67602522484958171844482421875">
        <ele>12</ele>
        <time>2026-08-14T12:05:14.000Z</time>
        <extensions>
          <ns3:TrackPointExtension>
            <ns3:hr>151</ns3:hr>
            <ns3:cad>90</ns3:cad>
          </ns3:TrackPointExtension>
        </extensions>
      </trkpt>
      <trkpt lat="31.965512596070766448974609375" lon="118.67604986764490604400634765625">
        <ele>11.80000019073486328125</ele>
        <time>2026-08-14T12:05:15.000Z</time>
        <extensions>
          <ns3:TrackPointExtension>
            <ns3:hr>151</ns3:hr>
            <ns3:cad>90</ns3:cad>
          </ns3:TrackPointExtension>
        </extensions>
      </trkpt>
      <trkpt lat="31.965507566928863525390625" lon="118.67606244049966335296630859375">
        <ele>11.80000019073486328125</ele>
        <time>2026-08-14T12:05:16.000Z</time>
        <extensions>
          <ns3:TrackPointExtension>
            <ns3:hr>151</ns3:hr>
            <ns3:cad>90</ns3:cad>
          </ns3:TrackPointExtension>
        </extensions>
      </trkpt>
      <trkpt lat="31.9654963351786136627197265625" lon="118.67608255706727504730224609375">
        <ele>11.80000019073486328125</ele>
        <time>2026-08-14T12:05:17.000Z</time>
        <extensions>
          <ns3:TrackPointExtension>
            <ns3:hr>151</ns3:hr>
            <ns3:cad>90</ns3:cad>
          </ns3:TrackPointExtension>
        </extensions>
      </trkpt>
      <trkpt lat="31.965489797294139862060546875" lon="118.67609663866460323333740234375">
        <ele>11.80000019073486328125</ele>
        <time>2026-08-14T12:05:18.000Z</time>
        <extensions>
          <ns3:TrackPointExtension>
            <ns3:hr>152</ns3:hr>
            <ns3:cad>91</ns3:cad>
          </ns3:TrackPointExtension>
        </extensions>
      </trkpt>
      <trkpt lat="31.9654755480587482452392578125" lon="118.67611407302320003509521484375">
        <ele>11.80000019073486328125</ele>
        <time>2026-08-14T12:05:19.000Z</time>
        <extensions>
          <ns3:TrackPointExtension>
            <ns3:hr>152</ns3:hr>
            <ns3:cad>91</ns3:cad>
          </ns3:TrackPointExtension>
        </extensions>
      </trkpt>
      <trkpt lat="31.96546758525073528289794921875" lon="118.67613201029598712921142578125">
        <ele>11.80000019073486328125</ele>
        <time>2026-08-14T12:05:20.000Z</time>
        <extensions>
          <ns3:TrackPointExtension>
            <ns3:hr>153</ns3:hr>
            <ns3:cad>92</ns3:cad>
          </ns3:TrackPointExtension>
        </extensions>
      </trkpt>
      <trkpt lat="31.9654552638530731201171875" lon="118.67615438997745513916015625">
        <ele>11.6000003814697265625</ele>
        <time>2026-08-14T12:05:21.000Z</time>
        <extensions>
          <ns3:TrackPointExtension>
            <ns3:hr>153</ns3:hr>
            <ns3:cad>92</ns3:cad>
          </ns3:TrackPointExtension>
        </extensions>
      </trkpt>
      <trkpt lat="31.96544981561601161956787109375" lon="118.6761746741831302642822265625">
        <ele>11.6000003814697265625</ele>
        <time>2026-08-14T12:05:22.000Z</time>
        <extensions>
          <ns3:TrackPointExtension>
            <ns3:hr>154</ns3:hr>
            <ns3:cad>92</ns3:cad>
          </ns3:TrackPointExtension>
        </extensions>
      </trkpt>
      <trkpt lat="31.9654391705989837646484375" lon="118.67619554512202739715576171875">
        <ele>11.6000003814697265625</ele>
        <time>2026-08-14T12:05:23.000Z</time>
        <extensions>
          <ns3:TrackPointExtension>
            <ns3:hr>154</ns3:hr>
            <ns3:cad>92</ns3:cad>
          </ns3:TrackPointExtension>
        </extensions>
      </trkpt>
      <trkpt lat="31.96543171070516109466552734375" lon="118.67621381767094135284423828125">
        <ele>11.6000003814697265625</ele>
        <time>2026-08-14T12:05:24.000Z</time>
        <extensions>
          <ns3:TrackPointExtension>
            <ns3:hr>154</ns3:hr>
            <ns3:cad>91</ns3:cad>
          </ns3:TrackPointExtension>
        </extensions>
      </trkpt>
      <trkpt lat="31.96541746146976947784423828125" lon="118.676235862076282501220703125">
        <ele>11.6000003814697265625</ele>
        <time>2026-08-14T12:05:25.000Z</time>
        <extensions>
          <ns3:TrackPointExtension>
            <ns3:hr>155</ns3:hr>
            <ns3:cad>91</ns3:cad>
          </ns3:TrackPointExtension>
        </extensions>
      </trkpt>
      <trkpt lat="31.9654118455946445465087890625" lon="118.6762534640729427337646484375">
        <ele>11.80000019073486328125</ele>
        <time>2026-08-14T12:05:26.000Z</time>
        <extensions>
          <ns3:TrackPointExtension>
            <ns3:hr>156</ns3:hr>
            <ns3:cad>91</ns3:cad>
          </ns3:TrackPointExtension>
        </extensions>
      </trkpt>
      <trkpt lat="31.9653994403779506683349609375" lon="118.67627441883087158203125">
        <ele>11.80000019073486328125</ele>
        <time>2026-08-14T12:05:27.000Z</time>
        <extensions>
          <ns3:TrackPointExtension>
            <ns3:hr>156</ns3:hr>
            <ns3:cad>91</ns3:cad>
          </ns3:TrackPointExtension>
        </extensions>
      </trkpt>
      <trkpt lat="31.9653940759599208831787109375" lon="118.67629327811300754547119140625">
        <ele>11.80000019073486328125</ele>
        <time>2026-08-14T12:05:28.000Z</time>
        <extensions>
          <ns3:TrackPointExtension>
            <ns3:hr>156</ns3:hr>
            <ns3:cad>91</ns3:cad>
          </ns3:TrackPointExtension>
        </extensions>
      </trkpt>
      <trkpt lat="31.96538259275257587432861328125" lon="118.6763124726712703704833984375">
        <ele>11.80000019073486328125</ele>
        <time>2026-08-14T12:05:29.000Z</time>
        <extensions>
          <ns3:TrackPointExtension>
            <ns3:hr>157</ns3:hr>
            <ns3:cad>90</ns3:cad>
          </ns3:TrackPointExtension>
        </extensions>
      </trkpt>
      <trkpt lat="31.96537639014422893524169921875" lon="118.676331751048564910888671875">
        <ele>12</ele>
        <time>2026-08-14T12:05:30.000Z</time>
        <extensions>
          <ns3:TrackPointExtension>
            <ns3:hr>157</ns3:hr>
            <ns3:cad>90</ns3:cad>
          </ns3:TrackPointExtension>
        </extensions>
      </trkpt>
      <trkpt lat="31.96536364965140819549560546875" lon="118.676352538168430328369140625">
        <ele>12</ele>
        <time>2026-08-14T12:05:31.000Z</time>
        <extensions>
          <ns3:TrackPointExtension>
            <ns3:hr>158</ns3:hr>
            <ns3:cad>89</ns3:cad>
          </ns3:TrackPointExtension>
        </extensions>
      </trkpt>
      <trkpt lat="31.965355686843395233154296875" lon="118.67637433111667633056640625">
        <ele>12</ele>
        <time>2026-08-14T12:05:32.000Z</time>
        <extensions>
          <ns3:TrackPointExtension>
            <ns3:hr>158</ns3:hr>
            <ns3:cad>89</ns3:cad>
          </ns3:TrackPointExtension>
        </extensions>
      </trkpt>
      <trkpt lat="31.96534504182636737823486328125" lon="118.67639671079814434051513671875">
        <ele>12</ele>
        <time>2026-08-14T12:05:33.000Z</time>
        <extensions>
          <ns3:TrackPointExtension>
            <ns3:hr>158</ns3:hr>
            <ns3:cad>90</ns3:cad>
          </ns3:TrackPointExtension>
        </extensions>
      </trkpt>
      <trkpt lat="31.9653380848467350006103515625" lon="118.67641565389931201934814453125">
        <ele>12</ele>
        <time>2026-08-14T12:05:34.000Z</time>
        <extensions>
          <ns3:TrackPointExtension>
            <ns3:hr>158</ns3:hr>
            <ns3:cad>90</ns3:cad>
          </ns3:TrackPointExtension>
        </extensions>
      </trkpt>
      <trkpt lat="31.9653276912868022918701171875" lon="118.67643870413303375244140625">
        <ele>12</ele>
        <time>2026-08-14T12:05:35.000Z</time>
        <extensions>
          <ns3:TrackPointExtension>
            <ns3:hr>157</ns3:hr>
            <ns3:cad>90</ns3:cad>
          </ns3:TrackPointExtension>
        </extensions>
      </trkpt>
      <trkpt lat="31.96532241068780422210693359375" lon="118.6764599941670894622802734375">
        <ele>12</ele>
        <time>2026-08-14T12:05:36.000Z</time>
        <extensions>
          <ns3:TrackPointExtension>
            <ns3:hr>158</ns3:hr>
            <ns3:cad>90</ns3:cad>
          </ns3:TrackPointExtension>
        </extensions>
      </trkpt>
      <trkpt lat="31.96531268768012523651123046875" lon="118.67648027837276458740234375">
        <ele>12</ele>
        <time>2026-08-14T12:05:37.000Z</time>
        <extensions>
          <ns3:TrackPointExtension>
            <ns3:hr>158</ns3:hr>
            <ns3:cad>90</ns3:cad>
          </ns3:TrackPointExtension>
        </extensions>
      </trkpt>
      <trkpt lat="31.96530698798596858978271484375" lon="118.676498048007488250732421875">
        <ele>12</ele>
        <time>2026-08-14T12:05:38.000Z</time>
        <extensions>
          <ns3:TrackPointExtension>
            <ns3:hr>159</ns3:hr>
            <ns3:cad>90</ns3:cad>
          </ns3:TrackPointExtension>
        </extensions>
      </trkpt>
      <trkpt lat="31.9652965106070041656494140625" lon="118.676517494022846221923828125">
        <ele>12</ele>
        <time>2026-08-14T12:05:39.000Z</time>
        <extensions>
          <ns3:TrackPointExtension>
            <ns3:hr>159</ns3:hr>
            <ns3:cad>90</ns3:cad>
          </ns3:TrackPointExtension>
        </extensions>
      </trkpt>
      <trkpt lat="31.9652911461889743804931640625" lon="118.676535598933696746826171875">
        <ele>12</ele>
        <time>2026-08-14T12:05:40.000Z</time>
        <extensions>
          <ns3:TrackPointExtension>
            <ns3:hr>159</ns3:hr>
            <ns3:cad>90</ns3:cad>
          </ns3:TrackPointExtension>
        </extensions>
      </trkpt>
      <trkpt lat="31.96528234519064426422119140625" lon="118.676556386053562164306640625">
        <ele>12</ele>
        <time>2026-08-14T12:05:41.000Z</time>
        <extensions>
          <ns3:TrackPointExtension>
            <ns3:hr>160</ns3:hr>
            <ns3:cad>90</ns3:cad>
          </ns3:TrackPointExtension>
        </extensions>
      </trkpt>
      <trkpt lat="31.9652760587632656097412109375" lon="118.67657742463052272796630859375">
        <ele>12</ele>
        <time>2026-08-14T12:05:42.000Z</time>
        <extensions>
          <ns3:TrackPointExtension>
            <ns3:hr>160</ns3:hr>
            <ns3:cad>90</ns3:cad>
          </ns3:TrackPointExtension>
        </extensions>
      </trkpt>
      <trkpt lat="31.9652670063078403472900390625" lon="118.67659720592200756072998046875">
        <ele>11.80000019073486328125</ele>
        <time>2026-08-14T12:05:43.000Z</time>
        <extensions>
          <ns3:TrackPointExtension>
            <ns3:hr>161</ns3:hr>
            <ns3:cad>91</ns3:cad>
          </ns3:TrackPointExtension>
        </extensions>
      </trkpt>
      <trkpt lat="31.96526038460433483123779296875" lon="118.6766165681183338165283203125">
        <ele>11.80000019073486328125</ele>
        <time>2026-08-14T12:05:44.000Z</time>
        <extensions>
          <ns3:TrackPointExtension>
            <ns3:hr>161</ns3:hr>
            <ns3:cad>91</ns3:cad>
          </ns3:TrackPointExtension>
        </extensions>
      </trkpt>
      <trkpt lat="31.96525082923471927642822265625" lon="118.6766356788575649261474609375">
        <ele>11.80000019073486328125</ele>
        <time>2026-08-14T12:05:45.000Z</time>
        <extensions>
          <ns3:TrackPointExtension>
            <ns3:hr>161</ns3:hr>
            <ns3:cad>91</ns3:cad>
          </ns3:TrackPointExtension>
        </extensions>
      </trkpt>
      <trkpt lat="31.96524345315992832183837890625" lon="118.676655292510986328125">
        <ele>11.80000019073486328125</ele>
        <time>2026-08-14T12:05:46.000Z</time>
        <extensions>
          <ns3:TrackPointExtension>
            <ns3:hr>161</ns3:hr>
            <ns3:cad>91</ns3:cad>
          </ns3:TrackPointExtension>
        </extensions>
      </trkpt>
      <trkpt lat="31.96523490361869335174560546875" lon="118.6766739003360271453857421875">
        <ele>11.80000019073486328125</ele>
        <time>2026-08-14T12:05:47.000Z</time>
        <extensions>
          <ns3:TrackPointExtension>
            <ns3:hr>162</ns3:hr>
            <ns3:cad>90</ns3:cad>
          </ns3:TrackPointExtension>
        </extensions>
      </trkpt>
      <trkpt lat="31.96522836573421955108642578125" lon="118.67669426836073398590087890625">
        <ele>11.80000019073486328125</ele>
        <time>2026-08-14T12:05:48.000Z</time>
        <extensions>
          <ns3:TrackPointExtension>
            <ns3:hr>162</ns3:hr>
            <ns3:cad>90</ns3:cad>
          </ns3:TrackPointExtension>
        </extensions>
      </trkpt>
      <trkpt lat="31.96521897800266742706298828125" lon="118.6767127923667430877685546875">
        <ele>11.80000019073486328125</ele>
        <time>2026-08-14T12:05:49.000Z</time>
        <extensions>
          <ns3:TrackPointExtension>
            <ns3:hr>162</ns3:hr>
            <ns3:cad>90</ns3:cad>
          </ns3:TrackPointExtension>
        </extensions>
      </trkpt>
      <trkpt lat="31.96521277539432048797607421875" lon="118.67673198692500591278076171875">
        <ele>11.80000019073486328125</ele>
        <time>2026-08-14T12:05:50.000Z</time>
        <extensions>
          <ns3:TrackPointExtension>
            <ns3:hr>163</ns3:hr>
            <ns3:cad>91</ns3:cad>
          </ns3:TrackPointExtension>
        </extensions>
      </trkpt>
      <trkpt lat="31.96520221419632434844970703125" lon="118.67675176821649074554443359375">
        <ele>12</ele>
        <time>2026-08-14T12:05:51.000Z</time>
        <extensions>
          <ns3:TrackPointExtension>
            <ns3:hr>163</ns3:hr>
            <ns3:cad>90</ns3:cad>
          </ns3:TrackPointExtension>
        </extensions>
      </trkpt>
      <trkpt lat="31.9651962630450725555419921875" lon="118.67677339352667331695556640625">
        <ele>12</ele>
        <time>2026-08-14T12:05:52.000Z</time>
        <extensions>
          <ns3:TrackPointExtension>
            <ns3:hr>163</ns3:hr>
            <ns3:cad>89</ns3:cad>
          </ns3:TrackPointExtension>
        </extensions>
      </trkpt>
      <trkpt lat="31.965187378227710723876953125" lon="118.67679300718009471893310546875">
        <ele>12</ele>
        <time>2026-08-14T12:05:53.000Z</time>
        <extensions>
          <ns3:TrackPointExtension>
            <ns3:hr>162</ns3:hr>
            <ns3:cad>89</ns3:cad>
          </ns3:TrackPointExtension>
        </extensions>
      </trkpt>
      <trkpt lat="31.965180002152919769287109375" lon="118.67681245319545269012451171875">
        <ele>12</ele>
        <time>2026-08-14T12:05:54.000Z</time>
        <extensions>
          <ns3:TrackPointExtension>
            <ns3:hr>163</ns3:hr>
            <ns3:cad>89</ns3:cad>
          </ns3:TrackPointExtension>
        </extensions>
      </trkpt>
      <trkpt lat="31.965169943869113922119140625" lon="118.6768311448395252227783203125">
        <ele>12</ele>
        <time>2026-08-14T12:05:55.000Z</time>
        <extensions>
          <ns3:TrackPointExtension>
            <ns3:hr>163</ns3:hr>
            <ns3:cad>89</ns3:cad>
          </ns3:TrackPointExtension>
        </extensions>
      </trkpt>
      <trkpt lat="31.9651624001562595367431640625" lon="118.67684841156005859375">
        <ele>11.80000019073486328125</ele>
        <time>2026-08-14T12:05:56.000Z</time>
        <extensions>
          <ns3:TrackPointExtension>
            <ns3:hr>163</ns3:hr>
            <ns3:cad>90</ns3:cad>
          </ns3:TrackPointExtension>
        </extensions>
      </trkpt>
      <trkpt lat="31.96515209041535854339599609375" lon="118.676869869232177734375">
        <ele>11.80000019073486328125</ele>
        <time>2026-08-14T12:05:57.000Z</time>
        <extensions>
          <ns3:TrackPointExtension>
            <ns3:hr>163</ns3:hr>
            <ns3:cad>90</ns3:cad>
          </ns3:TrackPointExtension>
        </extensions>
      </trkpt>
      <trkpt lat="31.96514572016894817352294921875" lon="118.6768888123333454132080078125">
        <ele>11.80000019073486328125</ele>
        <time>2026-08-14T12:05:58.000Z</time>
        <extensions>
          <ns3:TrackPointExtension>
            <ns3:hr>163</ns3:hr>
            <ns3:cad>89</ns3:cad>
          </ns3:TrackPointExtension>
        </extensions>
      </trkpt>
      <trkpt lat="31.96513733826577663421630859375" lon="118.67690733633935451507568359375">
        <ele>11.80000019073486328125</ele>
        <time>2026-08-14T12:05:59.000Z</time>
        <extensions>
          <ns3:TrackPointExtension>
            <ns3:hr>164</ns3:hr>
            <ns3:cad>89</ns3:cad>
          </ns3:TrackPointExtension>
        </extensions>
      </trkpt>
      <trkpt lat="31.9651295430958271026611328125" lon="118.67692862637341022491455078125">
        <ele>12</ele>
        <time>2026-08-14T12:06:00.000Z</time>
        <extensions>
          <ns3:TrackPointExtension>
            <ns3:hr>164</ns3:hr>
            <ns3:cad>89</ns3:cad>
          </ns3:TrackPointExtension>
        </extensions>
      </trkpt>
      <trkpt lat="31.9651204906404018402099609375" lon="118.6769474856555461883544921875">
        <ele>12</ele>
        <time>2026-08-14T12:06:01.000Z</time>
        <extensions>
          <ns3:TrackPointExtension>
            <ns3:hr>164</ns3:hr>
            <ns3:cad>89</ns3:cad>
          </ns3:TrackPointExtension>
        </extensions>
      </trkpt>
      <trkpt lat="31.96511303074657917022705078125" lon="118.67696818895637989044189453125">
        <ele>12.19999980926513671875</ele>
        <time>2026-08-14T12:06:02.000Z</time>
        <extensions>
          <ns3:TrackPointExtension>
            <ns3:hr>164</ns3:hr>
            <ns3:cad>89</ns3:cad>
          </ns3:TrackPointExtension>
        </extensions>
      </trkpt>
      <trkpt lat="31.96510397829115390777587890625" lon="118.676986880600452423095703125">
        <ele>12.19999980926513671875</ele>
        <time>2026-08-14T12:06:03.000Z</time>
        <extensions>
          <ns3:TrackPointExtension>
            <ns3:hr>163</ns3:hr>
            <ns3:cad>90</ns3:cad>
          </ns3:TrackPointExtension>
        </extensions>
      </trkpt>
      <trkpt lat="31.96509785950183868408203125" lon="118.6770064942538738250732421875">
        <ele>12.19999980926513671875</ele>
        <time>2026-08-14T12:06:04.000Z</time>
        <extensions>
          <ns3:TrackPointExtension>
            <ns3:hr>164</ns3:hr>
            <ns3:cad>90</ns3:cad>
          </ns3:TrackPointExtension>
        </extensions>
      </trkpt>
      <trkpt lat="31.96508788503706455230712890625" lon="118.677024431526660919189453125">
        <ele>12.19999980926513671875</ele>
        <time>2026-08-14T12:06:05.000Z</time>
        <extensions>
          <ns3:TrackPointExtension>
            <ns3:hr>164</ns3:hr>
            <ns3:cad>90</ns3:cad>
          </ns3:TrackPointExtension>
        </extensions>
      </trkpt>
      <trkpt lat="31.96507983841001987457275390625" lon="118.6770450510084629058837890625">
        <ele>12</ele>
        <time>2026-08-14T12:06:06.000Z</time>
        <extensions>
          <ns3:TrackPointExtension>
            <ns3:hr>164</ns3:hr>
            <ns3:cad>90</ns3:cad>
          </ns3:TrackPointExtension>
        </extensions>
      </trkpt>
      <trkpt lat="31.9650717079639434814453125" lon="118.67706374265253543853759765625">
        <ele>12</ele>
        <time>2026-08-14T12:06:07.000Z</time>
        <extensions>
          <ns3:TrackPointExtension>
            <ns3:hr>164</ns3:hr>
            <ns3:cad>89</ns3:cad>
          </ns3:TrackPointExtension>
        </extensions>
      </trkpt>
      <trkpt lat="31.96506500244140625" lon="118.67708201520144939422607421875">
        <ele>12</ele>
        <time>2026-08-14T12:06:08.000Z</time>
        <extensions>
          <ns3:TrackPointExtension>
            <ns3:hr>164</ns3:hr>
            <ns3:cad>89</ns3:cad>
          </ns3:TrackPointExtension>
        </extensions>
      </trkpt>
      <trkpt lat="31.9650561176240444183349609375" lon="118.6771010421216487884521484375">
        <ele>12</ele>
        <time>2026-08-14T12:06:09.000Z</time>
        <extensions>
          <ns3:TrackPointExtension>
            <ns3:hr>164</ns3:hr>
            <ns3:cad>89</ns3:cad>
          </ns3:TrackPointExtension>
        </extensions>
      </trkpt>
      <trkpt lat="31.96504890918731689453125" lon="118.6771201528608798980712890625">
        <ele>12</ele>
        <time>2026-08-14T12:06:10.000Z</time>
        <extensions>
          <ns3:TrackPointExtension>
            <ns3:hr>164</ns3:hr>
            <ns3:cad>89</ns3:cad>
          </ns3:TrackPointExtension>
        </extensions>
      </trkpt>
      <trkpt lat="31.965039186179637908935546875" lon="118.6771385930478572845458984375">
        <ele>12</ele>
        <time>2026-08-14T12:06:11.000Z</time>
        <extensions>
          <ns3:TrackPointExtension>
            <ns3:hr>164</ns3:hr>
            <ns3:cad>89</ns3:cad>
          </ns3:TrackPointExtension>
        </extensions>
      </trkpt>
      <trkpt lat="31.96503222920000553131103515625" lon="118.67715996690094470977783203125">
        <ele>12</ele>
        <time>2026-08-14T12:06:12.000Z</time>
        <extensions>
          <ns3:TrackPointExtension>
            <ns3:hr>164</ns3:hr>
            <ns3:cad>90</ns3:cad>
          </ns3:TrackPointExtension>
        </extensions>
      </trkpt>
      <trkpt lat="31.96502602659165859222412109375" lon="118.6771758086979389190673828125">
        <ele>12</ele>
        <time>2026-08-14T12:06:13.000Z</time>
        <extensions>
          <ns3:TrackPointExtension>
            <ns3:hr>164</ns3:hr>
            <ns3:cad>89</ns3:cad>
          </ns3:TrackPointExtension>
        </extensions>
      </trkpt>
      <trkpt lat="31.96501999162137508392333984375" lon="118.6771952547132968902587890625">
        <ele>12.19999980926513671875</ele>
        <time>2026-08-14T12:06:14.000Z</time>
        <extensions>
          <ns3:TrackPointExtension>
            <ns3:hr>164</ns3:hr>
            <ns3:cad>90</ns3:cad>
          </ns3:TrackPointExtension>
        </extensions>
      </trkpt>
      <trkpt lat="31.9650125317275524139404296875" lon="118.677214197814464569091796875">
        <ele>12.19999980926513671875</ele>
        <time>2026-08-14T12:06:15.000Z</time>
        <extensions>
          <ns3:TrackPointExtension>
            <ns3:hr>164</ns3:hr>
            <ns3:cad>90</ns3:cad>
          </ns3:TrackPointExtension>
        </extensions>
      </trkpt>
      <trkpt lat="31.9650051556527614593505859375" lon="118.67723456583917140960693359375">
        <ele>12.19999980926513671875</ele>
        <time>2026-08-14T12:06:16.000Z</time>
        <extensions>
          <ns3:TrackPointExtension>
            <ns3:hr>164</ns3:hr>
            <ns3:cad>90</ns3:cad>
          </ns3:TrackPointExtension>
        </extensions>
      </trkpt>
      <trkpt lat="31.96499601937830448150634765625" lon="118.67725384421646595001220703125">
        <ele>12.3999996185302734375</ele>
        <time>2026-08-14T12:06:17.000Z</time>
        <extensions>
          <ns3:TrackPointExtension>
            <ns3:hr>164</ns3:hr>
            <ns3:cad>90</ns3:cad>
          </ns3:TrackPointExtension>
        </extensions>
      </trkpt>
      <trkpt lat="31.96498763747513294219970703125" lon="118.67727429606020450592041015625">
        <ele>12.3999996185302734375</ele>
        <time>2026-08-14T12:06:18.000Z</time>
        <extensions>
          <ns3:TrackPointExtension>
            <ns3:hr>164</ns3:hr>
            <ns3:cad>90</ns3:cad>
          </ns3:TrackPointExtension>
        </extensions>
      </trkpt>
      <trkpt lat="31.96497984230518341064453125" lon="118.677290976047515869140625">
        <ele>12.3999996185302734375</ele>
        <time>2026-08-14T12:06:19.000Z</time>
        <extensions>
          <ns3:TrackPointExtension>
            <ns3:hr>164</ns3:hr>
            <ns3:cad>91</ns3:cad>
          </ns3:TrackPointExtension>
        </extensions>
      </trkpt>
      <trkpt lat="31.96497087366878986358642578125" lon="118.67731050588190555572509765625">
        <ele>12.3999996185302734375</ele>
        <time>2026-08-14T12:06:20.000Z</time>
        <extensions>
          <ns3:TrackPointExtension>
            <ns3:hr>163</ns3:hr>
            <ns3:cad>90</ns3:cad>
          </ns3:TrackPointExtension>
        </extensions>
      </trkpt>
      <trkpt lat="31.96496349759399890899658203125" lon="118.67732794024050235748291015625">
        <ele>12.3999996185302734375</ele>
        <time>2026-08-14T12:06:21.000Z</time>
        <extensions>
          <ns3:TrackPointExtension>
            <ns3:hr>164</ns3:hr>
            <ns3:cad>90</ns3:cad>
          </ns3:TrackPointExtension>
        </extensions>
      </trkpt>
      <trkpt lat="31.9649565406143665313720703125" lon="118.67734906263649463653564453125">
        <ele>12.3999996185302734375</ele>
        <time>2026-08-14T12:06:22.000Z</time>
        <extensions>
          <ns3:TrackPointExtension>
            <ns3:hr>164</ns3:hr>
            <ns3:cad>90</ns3:cad>
          </ns3:TrackPointExtension>
        </extensions>
      </trkpt>
      <trkpt lat="31.9649501703679561614990234375" lon="118.6773674190044403076171875">
        <ele>12.3999996185302734375</ele>
        <time>2026-08-14T12:06:23.000Z</time>
        <extensions>
          <ns3:TrackPointExtension>
            <ns3:hr>163</ns3:hr>
            <ns3:cad>90</ns3:cad>
          </ns3:TrackPointExtension>
        </extensions>
      </trkpt>
      <trkpt lat="31.964941956102848052978515625" lon="118.67738912813365459442138671875">
        <ele>12.3999996185302734375</ele>
        <time>2026-08-14T12:06:24.000Z</time>
        <extensions>
          <ns3:TrackPointExtension>
            <ns3:hr>164</ns3:hr>
            <ns3:cad>90</ns3:cad>
          </ns3:TrackPointExtension>
        </extensions>
      </trkpt>
      <trkpt lat="31.96493315510451793670654296875" lon="118.6774081550538539886474609375">
        <ele>12.3999996185302734375</ele>
        <time>2026-08-14T12:06:25.000Z</time>
        <extensions>
          <ns3:TrackPointExtension>
            <ns3:hr>164</ns3:hr>
            <ns3:cad>91</ns3:cad>
          </ns3:TrackPointExtension>
        </extensions>
      </trkpt>
      <trkpt lat="31.9649246893823146820068359375" lon="118.67742952890694141387939453125">
        <ele>12.3999996185302734375</ele>
        <time>2026-08-14T12:06:26.000Z</time>
        <extensions>
          <ns3:TrackPointExtension>
            <ns3:hr>163</ns3:hr>
            <ns3:cad>91</ns3:cad>
          </ns3:TrackPointExtension>
        </extensions>
      </trkpt>
      <trkpt lat="31.96491639129817485809326171875" lon="118.677449561655521392822265625">
        <ele>12.3999996185302734375</ele>
        <time>2026-08-14T12:06:27.000Z</time>
        <extensions>
          <ns3:TrackPointExtension>
            <ns3:hr>164</ns3:hr>
            <ns3:cad>90</ns3:cad>
          </ns3:TrackPointExtension>
        </extensions>
      </trkpt>
      <trkpt lat="31.9649079255759716033935546875" lon="118.6774674989283084869384765625">
        <ele>12.3999996185302734375</ele>
        <time>2026-08-14T12:06:28.000Z</time>
        <extensions>
          <ns3:TrackPointExtension>
            <ns3:hr>164</ns3:hr>
            <ns3:cad>90</ns3:cad>
          </ns3:TrackPointExtension>
        </extensions>
      </trkpt>
      <trkpt lat="31.96489828638732433319091796875" lon="118.67748317308723926544189453125">
        <ele>12.3999996185302734375</ele>
        <time>2026-08-14T12:06:29.000Z</time>
        <extensions>
          <ns3:TrackPointExtension>
            <ns3:hr>165</ns3:hr>
            <ns3:cad>89</ns3:cad>
          </ns3:TrackPointExtension>
        </extensions>
      </trkpt>
      <trkpt lat="31.96489124558866024017333984375" lon="118.67750345729291439056396484375">
        <ele>12.3999996185302734375</ele>
        <time>2026-08-14T12:06:30.000Z</time>
        <extensions>
          <ns3:TrackPointExtension>
            <ns3:hr>165</ns3:hr>
            <ns3:cad>89</ns3:cad>
          </ns3:TrackPointExtension>
        </extensions>
      </trkpt>
      <trkpt lat="31.96488596498966217041015625" lon="118.67752105928957462310791015625">
        <ele>12.3999996185302734375</ele>
        <time>2026-08-14T12:06:31.000Z</time>
        <extensions>
          <ns3:TrackPointExtension>
            <ns3:hr>166</ns3:hr>
            <ns3:cad>89</ns3:cad>
          </ns3:TrackPointExtension>
        </extensions>
      </trkpt>
      <trkpt lat="31.9648785889148712158203125" lon="118.67754100821912288665771484375">
        <ele>12.3999996185302734375</ele>
        <time>2026-08-14T12:06:32.000Z</time>
        <extensions>
          <ns3:TrackPointExtension>
            <ns3:hr>166</ns3:hr>
            <ns3:cad>89</ns3:cad>
          </ns3:TrackPointExtension>
        </extensions>
      </trkpt>
      <trkpt lat="31.9648717157542705535888671875" lon="118.67755894549190998077392578125">
        <ele>12.6000003814697265625</ele>
        <time>2026-08-14T12:06:33.000Z</time>
        <extensions>
          <ns3:TrackPointExtension>
            <ns3:hr>166</ns3:hr>
            <ns3:cad>89</ns3:cad>
          </ns3:TrackPointExtension>
        </extensions>
      </trkpt>
      <trkpt lat="31.96486375294625759124755859375" lon="118.6775818280875682830810546875">
        <ele>12.6000003814697265625</ele>
        <time>2026-08-14T12:06:34.000Z</time>
        <extensions>
          <ns3:TrackPointExtension>
            <ns3:hr>166</ns3:hr>
            <ns3:cad>90</ns3:cad>
          </ns3:TrackPointExtension>
        </extensions>
      </trkpt>
      <trkpt lat="31.96485620923340320587158203125" lon="118.6776032857596874237060546875">
        <ele>12.6000003814697265625</ele>
        <time>2026-08-14T12:06:35.000Z</time>
        <extensions>
          <ns3:TrackPointExtension>
            <ns3:hr>166</ns3:hr>
            <ns3:cad>90</ns3:cad>
          </ns3:TrackPointExtension>
        </extensions>
      </trkpt>
      <trkpt lat="31.96484816260635852813720703125" lon="118.67762818001210689544677734375">
        <ele>12.6000003814697265625</ele>
        <time>2026-08-14T12:06:36.000Z</time>
        <extensions>
          <ns3:TrackPointExtension>
            <ns3:hr>167</ns3:hr>
            <ns3:cad>90</ns3:cad>
          </ns3:TrackPointExtension>
        </extensions>
      </trkpt>
      <trkpt lat="31.9648383557796478271484375" lon="118.67765014059841632843017578125">
        <ele>12.80000019073486328125</ele>
        <time>2026-08-14T12:06:37.000Z</time>
        <extensions>
          <ns3:TrackPointExtension>
            <ns3:hr>167</ns3:hr>
            <ns3:cad>90</ns3:cad>
          </ns3:TrackPointExtension>
        </extensions>
      </trkpt>
      <trkpt lat="31.9648294709622859954833984375" lon="118.67767386138439178466796875">
        <ele>12.80000019073486328125</ele>
        <time>2026-08-14T12:06:38.000Z</time>
        <extensions>
          <ns3:TrackPointExtension>
            <ns3:hr>167</ns3:hr>
            <ns3:cad>89</ns3:cad>
          </ns3:TrackPointExtension>
        </extensions>
      </trkpt>
      <trkpt lat="31.9648227654397487640380859375" lon="118.67769355885684490203857421875">
        <ele>12.80000019073486328125</ele>
        <time>2026-08-14T12:06:39.000Z</time>
        <extensions>
          <ns3:TrackPointExtension>
            <ns3:hr>166</ns3:hr>
            <ns3:cad>89</ns3:cad>
          </ns3:TrackPointExtension>
        </extensions>
      </trkpt>
      <trkpt lat="31.96481748484075069427490234375" lon="118.67771551944315433502197265625">
        <ele>12.80000019073486328125</ele>
        <time>2026-08-14T12:06:40.000Z</time>
        <extensions>
          <ns3:TrackPointExtension>
            <ns3:hr>167</ns3:hr>
            <ns3:cad>89</ns3:cad>
          </ns3:TrackPointExtension>
        </extensions>
      </trkpt>
      <trkpt lat="31.96481128223240375518798828125" lon="118.6777360551059246063232421875">
        <ele>12.80000019073486328125</ele>
        <time>2026-08-14T12:06:41.000Z</time>
        <extensions>
          <ns3:TrackPointExtension>
            <ns3:hr>167</ns3:hr>
            <ns3:cad>90</ns3:cad>
          </ns3:TrackPointExtension>
        </extensions>
      </trkpt>
      <trkpt lat="31.96480683982372283935546875" lon="118.677757680416107177734375">
        <ele>12.80000019073486328125</ele>
        <time>2026-08-14T12:06:42.000Z</time>
        <extensions>
          <ns3:TrackPointExtension>
            <ns3:hr>167</ns3:hr>
            <ns3:cad>90</ns3:cad>
          </ns3:TrackPointExtension>
        </extensions>
      </trkpt>
      <trkpt lat="31.9647999666631221771240234375" lon="118.67777989245951175689697265625">
        <ele>12.80000019073486328125</ele>
        <time>2026-08-14T12:06:43.000Z</time>
        <extensions>
          <ns3:TrackPointExtension>
            <ns3:hr>166</ns3:hr>
            <ns3:cad>90</ns3:cad>
          </ns3:TrackPointExtension>
        </extensions>
      </trkpt>
      <trkpt lat="31.96479284204542636871337890625" lon="118.67780101485550403594970703125">
        <ele>12.80000019073486328125</ele>
        <time>2026-08-14T12:06:44.000Z</time>
        <extensions>
          <ns3:TrackPointExtension>
            <ns3:hr>167</ns3:hr>
            <ns3:cad>89</ns3:cad>
          </ns3:TrackPointExtension>
        </extensions>
      </trkpt>
      <trkpt lat="31.9647808559238910675048828125" lon="118.6778178624808788299560546875">
        <ele>12.80000019073486328125</ele>
        <time>2026-08-14T12:06:45.000Z</time>
        <extensions>
          <ns3:TrackPointExtension>
            <ns3:hr>167</ns3:hr>
            <ns3:cad>89</ns3:cad>
          </ns3:TrackPointExtension>
        </extensions>
      </trkpt>
      <trkpt lat="31.9647738151252269744873046875" lon="118.6778339557349681854248046875">
        <ele>12.80000019073486328125</ele>
        <time>2026-08-14T12:06:46.000Z</time>
        <extensions>
          <ns3:TrackPointExtension>
            <ns3:hr>167</ns3:hr>
            <ns3:cad>89</ns3:cad>
          </ns3:TrackPointExtension>
        </extensions>
      </trkpt>
      <trkpt lat="31.96476182900369167327880859375" lon="118.6778534017503261566162109375">
        <ele>12.80000019073486328125</ele>
        <time>2026-08-14T12:06:47.000Z</time>
        <extensions>
          <ns3:TrackPointExtension>
            <ns3:hr>167</ns3:hr>
            <ns3:cad>89</ns3:cad>
          </ns3:TrackPointExtension>
        </extensions>
      </trkpt>
      <trkpt lat="31.9647557102143764495849609375" lon="118.6778708361089229583740234375">
        <ele>12.80000019073486328125</ele>
        <time>2026-08-14T12:06:48.000Z</time>
        <extensions>
          <ns3:TrackPointExtension>
            <ns3:hr>167</ns3:hr>
            <ns3:cad>89</ns3:cad>
          </ns3:TrackPointExtension>
        </extensions>
      </trkpt>
      <trkpt lat="31.9647429697215557098388671875" lon="118.67789338342845439910888671875">
        <ele>12.80000019073486328125</ele>
        <time>2026-08-14T12:06:49.000Z</time>
        <extensions>
          <ns3:TrackPointExtension>
            <ns3:hr>167</ns3:hr>
            <ns3:cad>89</ns3:cad>
          </ns3:TrackPointExtension>
        </extensions>
      </trkpt>
      <trkpt lat="31.964737437665462493896484375" lon="118.67791316471993923187255859375">
        <ele>13</ele>
        <time>2026-08-14T12:06:50.000Z</time>
        <extensions>
          <ns3:TrackPointExtension>
            <ns3:hr>167</ns3:hr>
            <ns3:cad>89</ns3:cad>
          </ns3:TrackPointExtension>
        </extensions>
      </trkpt>
      <trkpt lat="31.96472637355327606201171875" lon="118.67793713696300983428955078125">
        <ele>13</ele>
        <time>2026-08-14T12:06:51.000Z</time>
        <extensions>
          <ns3:TrackPointExtension>
            <ns3:hr>167</ns3:hr>
            <ns3:cad>89</ns3:cad>
          </ns3:TrackPointExtension>
        </extensions>
      </trkpt>
      <trkpt lat="31.964722014963626861572265625" lon="118.6779575049877166748046875">
        <ele>13</ele>
        <time>2026-08-14T12:06:52.000Z</time>
        <extensions>
          <ns3:TrackPointExtension>
            <ns3:hr>168</ns3:hr>
            <ns3:cad>89</ns3:cad>
          </ns3:TrackPointExtension>
        </extensions>
      </trkpt>
      <trkpt lat="31.9647122919559478759765625" lon="118.67797829210758209228515625">
        <ele>13</ele>
        <time>2026-08-14T12:06:53.000Z</time>
        <extensions>
          <ns3:TrackPointExtension>
            <ns3:hr>168</ns3:hr>
            <ns3:cad>88</ns3:cad>
          </ns3:TrackPointExtension>
        </extensions>
      </trkpt>
      <trkpt lat="31.96470600552856922149658203125" lon="118.67799304425716400146484375">
        <ele>13.19999980926513671875</ele>
        <time>2026-08-14T12:06:54.000Z</time>
        <extensions>
          <ns3:TrackPointExtension>
            <ns3:hr>168</ns3:hr>
            <ns3:cad>89</ns3:cad>
          </ns3:TrackPointExtension>
        </extensions>
      </trkpt>
      <trkpt lat="31.96469821035861968994140625" lon="118.67801743559539318084716796875">
        <ele>13.19999980926513671875</ele>
        <time>2026-08-14T12:06:55.000Z</time>
        <extensions>
          <ns3:TrackPointExtension>
            <ns3:hr>168</ns3:hr>
            <ns3:cad>89</ns3:cad>
          </ns3:TrackPointExtension>
        </extensions>
      </trkpt>
      <trkpt lat="31.96469427086412906646728515625" lon="118.67803151719272136688232421875">
        <ele>13.19999980926513671875</ele>
        <time>2026-08-14T12:06:56.000Z</time>
        <extensions>
          <ns3:TrackPointExtension>
            <ns3:hr>168</ns3:hr>
            <ns3:cad>89</ns3:cad>
          </ns3:TrackPointExtension>
        </extensions>
      </trkpt>
      <trkpt lat="31.96468622423708438873291015625" lon="118.6780572496354579925537109375">
        <ele>13.19999980926513671875</ele>
        <time>2026-08-14T12:06:57.000Z</time>
        <extensions>
          <ns3:TrackPointExtension>
            <ns3:hr>168</ns3:hr>
            <ns3:cad>89</ns3:cad>
          </ns3:TrackPointExtension>
        </extensions>
      </trkpt>
      <trkpt lat="31.964682452380657196044921875" lon="118.67807485163211822509765625">
        <ele>13</ele>
        <time>2026-08-14T12:06:58.000Z</time>
        <extensions>
          <ns3:TrackPointExtension>
            <ns3:hr>168</ns3:hr>
            <ns3:cad>88</ns3:cad>
          </ns3:TrackPointExtension>
        </extensions>
      </trkpt>
      <trkpt lat="31.9646695442497730255126953125" lon="118.6780988238751888275146484375">
        <ele>13</ele>
        <time>2026-08-14T12:06:59.000Z</time>
        <extensions>
          <ns3:TrackPointExtension>
            <ns3:hr>168</ns3:hr>
            <ns3:cad>88</ns3:cad>
          </ns3:TrackPointExtension>
        </extensions>
      </trkpt>
      <trkpt lat="31.96466208435595035552978515625" lon="118.6781162582337856292724609375">
        <ele>13</ele>
        <time>2026-08-14T12:07:00.000Z</time>
        <extensions>
          <ns3:TrackPointExtension>
            <ns3:hr>169</ns3:hr>
            <ns3:cad>88</ns3:cad>
          </ns3:TrackPointExtension>
        </extensions>
      </trkpt>
      <trkpt lat="31.964649260044097900390625" lon="118.6781397275626659393310546875">
        <ele>13</ele>
        <time>2026-08-14T12:07:01.000Z</time>
        <extensions>
          <ns3:TrackPointExtension>
            <ns3:hr>169</ns3:hr>
            <ns3:cad>89</ns3:cad>
          </ns3:TrackPointExtension>
        </extensions>
      </trkpt>
      <trkpt lat="31.964643560349941253662109375" lon="118.6781559884548187255859375">
        <ele>13</ele>
        <time>2026-08-14T12:07:02.000Z</time>
        <extensions>
          <ns3:TrackPointExtension>
            <ns3:hr>169</ns3:hr>
            <ns3:cad>89</ns3:cad>
          </ns3:TrackPointExtension>
        </extensions>
      </trkpt>
      <trkpt lat="31.96463375352323055267333984375" lon="118.67817920632660388946533203125">
        <ele>13</ele>
        <time>2026-08-14T12:07:03.000Z</time>
        <extensions>
          <ns3:TrackPointExtension>
            <ns3:hr>169</ns3:hr>
            <ns3:cad>90</ns3:cad>
          </ns3:TrackPointExtension>
        </extensions>
      </trkpt>
      <trkpt lat="31.96462822146713733673095703125" lon="118.6781970597803592681884765625">
        <ele>13</ele>
        <time>2026-08-14T12:07:04.000Z</time>
        <extensions>
          <ns3:TrackPointExtension>
            <ns3:hr>168</ns3:hr>
            <ns3:cad>89</ns3:cad>
          </ns3:TrackPointExtension>
        </extensions>
      </trkpt>
      <trkpt lat="31.9646172411739826202392578125" lon="118.678222708404064178466796875">
        <ele>13.19999980926513671875</ele>
        <time>2026-08-14T12:07:05.000Z</time>
        <extensions>
          <ns3:TrackPointExtension>
            <ns3:hr>168</ns3:hr>
            <ns3:cad>88</ns3:cad>
          </ns3:TrackPointExtension>
        </extensions>
      </trkpt>
      <trkpt lat="31.96461413986980915069580078125" lon="118.6782436631619930267333984375">
        <ele>13</ele>
        <time>2026-08-14T12:07:06.000Z</time>
        <extensions>
          <ns3:TrackPointExtension>
            <ns3:hr>168</ns3:hr>
            <ns3:cad>88</ns3:cad>
          </ns3:TrackPointExtension>
        </extensions>
      </trkpt>
      <trkpt lat="31.96460441686213016510009765625" lon="118.6782691441476345062255859375">
        <ele>13.19999980926513671875</ele>
        <time>2026-08-14T12:07:07.000Z</time>
        <extensions>
          <ns3:TrackPointExtension>
            <ns3:hr>168</ns3:hr>
            <ns3:cad>89</ns3:cad>
          </ns3:TrackPointExtension>
        </extensions>
      </trkpt>
      <trkpt lat="31.964595280587673187255859375" lon="118.67829135619103908538818359375">
        <ele>13.19999980926513671875</ele>
        <time>2026-08-14T12:07:08.000Z</time>
        <extensions>
          <ns3:TrackPointExtension>
            <ns3:hr>168</ns3:hr>
            <ns3:cad>89</ns3:cad>
          </ns3:TrackPointExtension>
        </extensions>
      </trkpt>
      <trkpt lat="31.96459385566413402557373046875" lon="118.678307868540287017822265625">
        <ele>13.19999980926513671875</ele>
        <time>2026-08-14T12:07:09.000Z</time>
        <extensions>
          <ns3:TrackPointExtension>
            <ns3:hr>168</ns3:hr>
            <ns3:cad>89</ns3:cad>
          </ns3:TrackPointExtension>
        </extensions>
      </trkpt>
      <trkpt lat="31.9645897485315799713134765625" lon="118.678323961794376373291015625">
        <ele>13.19999980926513671875</ele>
        <time>2026-08-14T12:07:10.000Z</time>
        <extensions>
          <ns3:TrackPointExtension>
            <ns3:hr>168</ns3:hr>
            <ns3:cad>90</ns3:cad>
          </ns3:TrackPointExtension>
        </extensions>
      </trkpt>
      <trkpt lat="31.9645847193896770477294921875" lon="118.6783375404775142669677734375">
        <ele>13.19999980926513671875</ele>
        <time>2026-08-14T12:07:11.000Z</time>
        <extensions>
          <ns3:TrackPointExtension>
            <ns3:hr>168</ns3:hr>
            <ns3:cad>90</ns3:cad>
          </ns3:TrackPointExtension>
        </extensions>
      </trkpt>
      <trkpt lat="31.96457977406680583953857421875" lon="118.67834952659904956817626953125">
        <ele>13.19999980926513671875</ele>
        <time>2026-08-14T12:07:12.000Z</time>
        <extensions>
          <ns3:TrackPointExtension>
            <ns3:hr>168</ns3:hr>
            <ns3:cad>90</ns3:cad>
          </ns3:TrackPointExtension>
        </extensions>
      </trkpt>
      <trkpt lat="31.9645746611058712005615234375" lon="118.678362183272838592529296875">
        <ele>13.19999980926513671875</ele>
        <time>2026-08-14T12:07:13.000Z</time>
        <extensions>
          <ns3:TrackPointExtension>
            <ns3:hr>168</ns3:hr>
            <ns3:cad>90</ns3:cad>
          </ns3:TrackPointExtension>
        </extensions>
      </trkpt>
      <trkpt lat="31.96456904523074626922607421875" lon="118.67837366648018360137939453125">
        <ele>13.19999980926513671875</ele>
        <time>2026-08-14T12:07:14.000Z</time>
        <extensions>
          <ns3:TrackPointExtension>
            <ns3:hr>168</ns3:hr>
            <ns3:cad>90</ns3:cad>
          </ns3:TrackPointExtension>
        </extensions>
      </trkpt>
      <trkpt lat="31.9645622558891773223876953125" lon="118.67838758043944835662841796875">
        <ele>13.19999980926513671875</ele>
        <time>2026-08-14T12:07:15.000Z</time>
        <extensions>
          <ns3:TrackPointExtension>
            <ns3:hr>168</ns3:hr>
            <ns3:cad>90</ns3:cad>
          </ns3:TrackPointExtension>
        </extensions>
      </trkpt>
      <trkpt lat="31.9645555503666400909423828125" lon="118.67840283550322055816650390625">
        <ele>13.3999996185302734375</ele>
        <time>2026-08-14T12:07:16.000Z</time>
        <extensions>
          <ns3:TrackPointExtension>
            <ns3:hr>168</ns3:hr>
            <ns3:cad>61</ns3:cad>
          </ns3:TrackPointExtension>
        </extensions>
      </trkpt>
      <trkpt lat="31.96454976685345172882080078125" lon="118.6784126423299312591552734375">
        <ele>13.3999996185302734375</ele>
        <time>2026-08-14T12:07:17.000Z</time>
        <extensions>
          <ns3:TrackPointExtension>
            <ns3:hr>168</ns3:hr>
            <ns3:cad>61</ns3:cad>
          </ns3:TrackPointExtension>
        </extensions>
      </trkpt>
      <trkpt lat="31.9645438157021999359130859375" lon="118.67842487990856170654296875">
        <ele>13.3999996185302734375</ele>
        <time>2026-08-14T12:07:18.000Z</time>
        <extensions>
          <ns3:TrackPointExtension>
            <ns3:hr>168</ns3:hr>
            <ns3:cad>60</ns3:cad>
          </ns3:TrackPointExtension>
        </extensions>
      </trkpt>
      <trkpt lat="31.96453727781772613525390625" lon="118.67843921296298503875732421875">
        <ele>13.6000003814697265625</ele>
        <time>2026-08-14T12:07:19.000Z</time>
        <extensions>
          <ns3:TrackPointExtension>
            <ns3:hr>168</ns3:hr>
            <ns3:cad>59</ns3:cad>
          </ns3:TrackPointExtension>
        </extensions>
      </trkpt>
      <trkpt lat="31.9645344279706478118896484375" lon="118.678450025618076324462890625">
        <ele>13.6000003814697265625</ele>
        <time>2026-08-14T12:07:20.000Z</time>
        <extensions>
          <ns3:TrackPointExtension>
            <ns3:hr>168</ns3:hr>
            <ns3:cad>59</ns3:cad>
          </ns3:TrackPointExtension>
        </extensions>
      </trkpt>
      <trkpt lat="31.9645267166197299957275390625" lon="118.678464107215404510498046875">
        <ele>13.3999996185302734375</ele>
        <time>2026-08-14T12:07:21.000Z</time>
        <extensions>
          <ns3:TrackPointExtension>
            <ns3:hr>168</ns3:hr>
            <ns3:cad>59</ns3:cad>
          </ns3:TrackPointExtension>
        </extensions>
      </trkpt>
      <trkpt lat="31.9645203463733196258544921875" lon="118.678476177155971527099609375">
        <ele>13.3999996185302734375</ele>
        <time>2026-08-14T12:07:22.000Z</time>
        <extensions>
          <ns3:TrackPointExtension>
            <ns3:hr>167</ns3:hr>
            <ns3:cad>59</ns3:cad>
          </ns3:TrackPointExtension>
        </extensions>
      </trkpt>
      <trkpt lat="31.96451540105044841766357421875" lon="118.67848833091557025909423828125">
        <ele>13.3999996185302734375</ele>
        <time>2026-08-14T12:07:23.000Z</time>
        <extensions>
          <ns3:TrackPointExtension>
            <ns3:hr>167</ns3:hr>
            <ns3:cad>59</ns3:cad>
          </ns3:TrackPointExtension>
        </extensions>
      </trkpt>
      <trkpt lat="31.96451070718467235565185546875" lon="118.67850190959870815277099609375">
        <ele>13.3999996185302734375</ele>
        <time>2026-08-14T12:07:24.000Z</time>
        <extensions>
          <ns3:TrackPointExtension>
            <ns3:hr>166</ns3:hr>
            <ns3:cad>59</ns3:cad>
          </ns3:TrackPointExtension>
        </extensions>
      </trkpt>
      <trkpt lat="31.96450517512857913970947265625" lon="118.67851448245346546173095703125">
        <ele>13.3999996185302734375</ele>
        <time>2026-08-14T12:07:25.000Z</time>
        <extensions>
          <ns3:TrackPointExtension>
            <ns3:hr>166</ns3:hr>
            <ns3:cad>59</ns3:cad>
          </ns3:TrackPointExtension>
        </extensions>
      </trkpt>
      <trkpt lat="31.96450048126280307769775390625" lon="118.6785296536982059478759765625">
        <ele>13.3999996185302734375</ele>
        <time>2026-08-14T12:07:26.000Z</time>
        <extensions>
          <ns3:TrackPointExtension>
            <ns3:hr>165</ns3:hr>
            <ns3:cad>59</ns3:cad>
          </ns3:TrackPointExtension>
        </extensions>
      </trkpt>
      <trkpt lat="31.964496709406375885009765625" lon="118.6785437352955341339111328125">
        <ele>13.3999996185302734375</ele>
        <time>2026-08-14T12:07:27.000Z</time>
        <extensions>
          <ns3:TrackPointExtension>
            <ns3:hr>165</ns3:hr>
            <ns3:cad>59</ns3:cad>
          </ns3:TrackPointExtension>
        </extensions>
      </trkpt>
      <trkpt lat="31.964492686092853546142578125" lon="118.67855924181640148162841796875">
        <ele>13.3999996185302734375</ele>
        <time>2026-08-14T12:07:28.000Z</time>
        <extensions>
          <ns3:TrackPointExtension>
            <ns3:hr>164</ns3:hr>
            <ns3:cad>59</ns3:cad>
          </ns3:TrackPointExtension>
        </extensions>
      </trkpt>
      <trkpt lat="31.9644869863986968994140625" lon="118.67857374250888824462890625">
        <ele>13.3999996185302734375</ele>
        <time>2026-08-14T12:07:29.000Z</time>
        <extensions>
          <ns3:TrackPointExtension>
            <ns3:hr>163</ns3:hr>
            <ns3:cad>59</ns3:cad>
          </ns3:TrackPointExtension>
        </extensions>
      </trkpt>
      <trkpt lat="31.96447868831455707550048828125" lon="118.67859126068651676177978515625">
        <ele>13.3999996185302734375</ele>
        <time>2026-08-14T12:07:30.000Z</time>
        <extensions>
          <ns3:TrackPointExtension>
            <ns3:hr>163</ns3:hr>
            <ns3:cad>59</ns3:cad>
          </ns3:TrackPointExtension>
        </extensions>
      </trkpt>
      <trkpt lat="31.96447290480136871337890625" lon="118.67860592901706695556640625">
        <ele>13.3999996185302734375</ele>
        <time>2026-08-14T12:07:31.000Z</time>
        <extensions>
          <ns3:TrackPointExtension>
            <ns3:hr>162</ns3:hr>
            <ns3:cad>59</ns3:cad>
          </ns3:TrackPointExtension>
        </extensions>
      </trkpt>
      <trkpt lat="31.96446628309786319732666015625" lon="118.67862093262374401092529296875">
        <ele>13.3999996185302734375</ele>
        <time>2026-08-14T12:07:32.000Z</time>
        <extensions>
          <ns3:TrackPointExtension>
            <ns3:hr>162</ns3:hr>
            <ns3:cad>60</ns3:cad>
          </ns3:TrackPointExtension>
        </extensions>
      </trkpt>
      <trkpt lat="31.9644601643085479736328125" lon="118.67863568477332592010498046875">
        <ele>13.3999996185302734375</ele>
        <time>2026-08-14T12:07:33.000Z</time>
        <extensions>
          <ns3:TrackPointExtension>
            <ns3:hr>161</ns3:hr>
            <ns3:cad>60</ns3:cad>
          </ns3:TrackPointExtension>
        </extensions>
      </trkpt>
      <trkpt lat="31.964454464614391326904296875" lon="118.6786533705890178680419921875">
        <ele>13.3999996185302734375</ele>
        <time>2026-08-14T12:07:34.000Z</time>
        <extensions>
          <ns3:TrackPointExtension>
            <ns3:hr>161</ns3:hr>
            <ns3:cad>59</ns3:cad>
          </ns3:TrackPointExtension>
        </extensions>
      </trkpt>
      <trkpt lat="31.96444968692958354949951171875" lon="118.678667955100536346435546875">
        <ele>13.3999996185302734375</ele>
        <time>2026-08-14T12:07:35.000Z</time>
        <extensions>
          <ns3:TrackPointExtension>
            <ns3:hr>160</ns3:hr>
            <ns3:cad>59</ns3:cad>
          </ns3:TrackPointExtension>
        </extensions>
      </trkpt>
      <trkpt lat="31.96444532833993434906005859375" lon="118.67868144996464252471923828125">
        <ele>13.3999996185302734375</ele>
        <time>2026-08-14T12:07:36.000Z</time>
        <extensions>
          <ns3:TrackPointExtension>
            <ns3:hr>159</ns3:hr>
            <ns3:cad>59</ns3:cad>
          </ns3:TrackPointExtension>
        </extensions>
      </trkpt>
      <trkpt lat="31.96444130502641201019287109375" lon="118.67869469337165355682373046875">
        <ele>13.3999996185302734375</ele>
        <time>2026-08-14T12:07:37.000Z</time>
        <extensions>
          <ns3:TrackPointExtension>
            <ns3:hr>159</ns3:hr>
            <ns3:cad>59</ns3:cad>
          </ns3:TrackPointExtension>
        </extensions>
      </trkpt>
      <trkpt lat="31.9644365273416042327880859375" lon="118.67870894260704517364501953125">
        <ele>13.19999980926513671875</ele>
        <time>2026-08-14T12:07:38.000Z</time>
        <extensions>
          <ns3:TrackPointExtension>
            <ns3:hr>159</ns3:hr>
            <ns3:cad>59</ns3:cad>
          </ns3:TrackPointExtension>
        </extensions>
      </trkpt>
      <trkpt lat="31.96443107910454273223876953125" lon="118.67872528731822967529296875">
        <ele>13.19999980926513671875</ele>
        <time>2026-08-14T12:07:39.000Z</time>
        <extensions>
          <ns3:TrackPointExtension>
            <ns3:hr>159</ns3:hr>
            <ns3:cad>60</ns3:cad>
          </ns3:TrackPointExtension>
        </extensions>
      </trkpt>
      <trkpt lat="31.96442596614360809326171875" lon="118.678741045296192169189453125">
        <ele>13.3999996185302734375</ele>
        <time>2026-08-14T12:07:40.000Z</time>
        <extensions>
          <ns3:TrackPointExtension>
            <ns3:hr>159</ns3:hr>
            <ns3:cad>60</ns3:cad>
          </ns3:TrackPointExtension>
        </extensions>
      </trkpt>
      <trkpt lat="31.96442035026848316192626953125" lon="118.67875688709318637847900390625">
        <ele>13.19999980926513671875</ele>
        <time>2026-08-14T12:07:41.000Z</time>
        <extensions>
          <ns3:TrackPointExtension>
            <ns3:hr>159</ns3:hr>
            <ns3:cad>60</ns3:cad>
          </ns3:TrackPointExtension>
        </extensions>
      </trkpt>
      <trkpt lat="31.96441414766013622283935546875" lon="118.6787737347185611724853515625">
        <ele>13.19999980926513671875</ele>
        <time>2026-08-14T12:07:42.000Z</time>
        <extensions>
          <ns3:TrackPointExtension>
            <ns3:hr>158</ns3:hr>
            <ns3:cad>60</ns3:cad>
          </ns3:TrackPointExtension>
        </extensions>
      </trkpt>
      <trkpt lat="31.9644076935946941375732421875" lon="118.67878689430654048919677734375">
        <ele>13.19999980926513671875</ele>
        <time>2026-08-14T12:07:43.000Z</time>
        <extensions>
          <ns3:TrackPointExtension>
            <ns3:hr>158</ns3:hr>
            <ns3:cad>61</ns3:cad>
          </ns3:TrackPointExtension>
        </extensions>
      </trkpt>
      <trkpt lat="31.96440140716731548309326171875" lon="118.6787998862564563751220703125">
        <ele>13.19999980926513671875</ele>
        <time>2026-08-14T12:07:44.000Z</time>
        <extensions>
          <ns3:TrackPointExtension>
            <ns3:hr>158</ns3:hr>
            <ns3:cad>61</ns3:cad>
          </ns3:TrackPointExtension>
        </extensions>
      </trkpt>
      <trkpt lat="31.9643942825496196746826171875" lon="118.67881287820637226104736328125">
        <ele>13.19999980926513671875</ele>
        <time>2026-08-14T12:07:45.000Z</time>
        <extensions>
          <ns3:TrackPointExtension>
            <ns3:hr>158</ns3:hr>
            <ns3:cad>61</ns3:cad>
          </ns3:TrackPointExtension>
        </extensions>
      </trkpt>
      <trkpt lat="31.96438682265579700469970703125" lon="118.6788257025182247161865234375">
        <ele>13.19999980926513671875</ele>
        <time>2026-08-14T12:07:46.000Z</time>
        <extensions>
          <ns3:TrackPointExtension>
            <ns3:hr>158</ns3:hr>
            <ns3:cad>60</ns3:cad>
          </ns3:TrackPointExtension>
        </extensions>
      </trkpt>
      <trkpt lat="31.964379362761974334716796875" lon="118.67883861064910888671875">
        <ele>13.19999980926513671875</ele>
        <time>2026-08-14T12:07:47.000Z</time>
        <extensions>
          <ns3:TrackPointExtension>
            <ns3:hr>158</ns3:hr>
            <ns3:cad>60</ns3:cad>
          </ns3:TrackPointExtension>
        </extensions>
      </trkpt>
      <trkpt lat="31.96437173523008823394775390625" lon="118.67885227315127849578857421875">
        <ele>13.19999980926513671875</ele>
        <time>2026-08-14T12:07:48.000Z</time>
        <extensions>
          <ns3:TrackPointExtension>
            <ns3:hr>157</ns3:hr>
            <ns3:cad>60</ns3:cad>
          </ns3:TrackPointExtension>
        </extensions>
      </trkpt>
      <trkpt lat="31.96436502970755100250244140625" lon="118.67886476218700408935546875">
        <ele>13.19999980926513671875</ele>
        <time>2026-08-14T12:07:49.000Z</time>
        <extensions>
          <ns3:TrackPointExtension>
            <ns3:hr>157</ns3:hr>
            <ns3:cad>60</ns3:cad>
          </ns3:TrackPointExtension>
        </extensions>
      </trkpt>
      <trkpt lat="31.96435715071856975555419921875" lon="118.67887959815561771392822265625">
        <ele>13.19999980926513671875</ele>
        <time>2026-08-14T12:07:50.000Z</time>
        <extensions>
          <ns3:TrackPointExtension>
            <ns3:hr>157</ns3:hr>
            <ns3:cad>60</ns3:cad>
          </ns3:TrackPointExtension>
        </extensions>
      </trkpt>
      <trkpt lat="31.9643483497202396392822265625" lon="118.678893260657787322998046875">
        <ele>13.19999980926513671875</ele>
        <time>2026-08-14T12:07:51.000Z</time>
        <extensions>
          <ns3:TrackPointExtension>
            <ns3:hr>156</ns3:hr>
            <ns3:cad>60</ns3:cad>
          </ns3:TrackPointExtension>
        </extensions>
      </trkpt>
      <trkpt lat="31.96434147655963897705078125" lon="118.678907342255115509033203125">
        <ele>13.3999996185302734375</ele>
        <time>2026-08-14T12:07:52.000Z</time>
        <extensions>
          <ns3:TrackPointExtension>
            <ns3:hr>155</ns3:hr>
            <ns3:cad>60</ns3:cad>
          </ns3:TrackPointExtension>
        </extensions>
      </trkpt>
      <trkpt lat="31.964335106313228607177734375" lon="118.678921759128570556640625">
        <ele>13.3999996185302734375</ele>
        <time>2026-08-14T12:07:53.000Z</time>
        <extensions>
          <ns3:TrackPointExtension>
            <ns3:hr>155</ns3:hr>
            <ns3:cad>60</ns3:cad>
          </ns3:TrackPointExtension>
        </extensions>
      </trkpt>
      <trkpt lat="31.96432814933359622955322265625" lon="118.6789360083639621734619140625">
        <ele>13.3999996185302734375</ele>
        <time>2026-08-14T12:07:54.000Z</time>
        <extensions>
          <ns3:TrackPointExtension>
            <ns3:hr>154</ns3:hr>
            <ns3:cad>60</ns3:cad>
          </ns3:TrackPointExtension>
        </extensions>
      </trkpt>
      <trkpt lat="31.96432161144912242889404296875" lon="118.67894900031387805938720703125">
        <ele>13.3999996185302734375</ele>
        <time>2026-08-14T12:07:55.000Z</time>
        <extensions>
          <ns3:TrackPointExtension>
            <ns3:hr>154</ns3:hr>
            <ns3:cad>61</ns3:cad>
          </ns3:TrackPointExtension>
        </extensions>
      </trkpt>
      <trkpt lat="31.96431524120271205902099609375" lon="118.67896224372088909149169921875">
        <ele>13.3999996185302734375</ele>
        <time>2026-08-14T12:07:56.000Z</time>
        <extensions>
          <ns3:TrackPointExtension>
            <ns3:hr>154</ns3:hr>
            <ns3:cad>61</ns3:cad>
          </ns3:TrackPointExtension>
        </extensions>
      </trkpt>
      <trkpt lat="31.964310295879840850830078125" lon="118.67897481657564640045166015625">
        <ele>13.19999980926513671875</ele>
        <time>2026-08-14T12:07:57.000Z</time>
        <extensions>
          <ns3:TrackPointExtension>
            <ns3:hr>154</ns3:hr>
            <ns3:cad>61</ns3:cad>
          </ns3:TrackPointExtension>
        </extensions>
      </trkpt>
      <trkpt lat="31.96430568583309650421142578125" lon="118.6789873056113719940185546875">
        <ele>13.19999980926513671875</ele>
        <time>2026-08-14T12:07:58.000Z</time>
        <extensions>
          <ns3:TrackPointExtension>
            <ns3:hr>153</ns3:hr>
            <ns3:cad>61</ns3:cad>
          </ns3:TrackPointExtension>
        </extensions>
      </trkpt>
      <trkpt lat="31.96429981850087642669677734375" lon="118.67900113575160503387451171875">
        <ele>13.3999996185302734375</ele>
        <time>2026-08-14T12:07:59.000Z</time>
        <extensions>
          <ns3:TrackPointExtension>
            <ns3:hr>153</ns3:hr>
            <ns3:cad>61</ns3:cad>
          </ns3:TrackPointExtension>
        </extensions>
      </trkpt>
      <trkpt lat="31.96429244242608547210693359375" lon="118.67901622317731380462646484375">
        <ele>13.3999996185302734375</ele>
        <time>2026-08-14T12:08:00.000Z</time>
        <extensions>
          <ns3:TrackPointExtension>
            <ns3:hr>152</ns3:hr>
            <ns3:cad>61</ns3:cad>
          </ns3:TrackPointExtension>
        </extensions>
      </trkpt>
      <trkpt lat="31.96428406052291393280029296875" lon="118.67903281934559345245361328125">
        <ele>13.3999996185302734375</ele>
        <time>2026-08-14T12:08:01.000Z</time>
        <extensions>
          <ns3:TrackPointExtension>
            <ns3:hr>152</ns3:hr>
            <ns3:cad>61</ns3:cad>
          </ns3:TrackPointExtension>
        </extensions>
      </trkpt>
      <trkpt lat="31.96427769027650356292724609375" lon="118.67904723621904850006103515625">
        <ele>13.3999996185302734375</ele>
        <time>2026-08-14T12:08:02.000Z</time>
        <extensions>
          <ns3:TrackPointExtension>
            <ns3:hr>152</ns3:hr>
            <ns3:cad>61</ns3:cad>
          </ns3:TrackPointExtension>
        </extensions>
      </trkpt>
      <trkpt lat="31.96427132003009319305419921875" lon="118.67906433530151844024658203125">
        <ele>13.3999996185302734375</ele>
        <time>2026-08-14T12:08:03.000Z</time>
        <extensions>
          <ns3:TrackPointExtension>
            <ns3:hr>151</ns3:hr>
            <ns3:cad>60</ns3:cad>
          </ns3:TrackPointExtension>
        </extensions>
      </trkpt>
      <trkpt lat="31.96426612325012683868408203125" lon="118.67907875217497348785400390625">
        <ele>13.3999996185302734375</ele>
        <time>2026-08-14T12:08:04.000Z</time>
        <extensions>
          <ns3:TrackPointExtension>
            <ns3:hr>151</ns3:hr>
            <ns3:cad>60</ns3:cad>
          </ns3:TrackPointExtension>
        </extensions>
      </trkpt>
      <trkpt lat="31.96426243521273136138916015625" lon="118.67909367196261882781982421875">
        <ele>13.3999996185302734375</ele>
        <time>2026-08-14T12:08:05.000Z</time>
        <extensions>
          <ns3:TrackPointExtension>
            <ns3:hr>152</ns3:hr>
            <ns3:cad>60</ns3:cad>
          </ns3:TrackPointExtension>
        </extensions>
      </trkpt>
      <trkpt lat="31.964257657527923583984375" lon="118.679109178483486175537109375">
        <ele>13.3999996185302734375</ele>
        <time>2026-08-14T12:08:06.000Z</time>
        <extensions>
          <ns3:TrackPointExtension>
            <ns3:hr>151</ns3:hr>
            <ns3:cad>61</ns3:cad>
          </ns3:TrackPointExtension>
        </extensions>
      </trkpt>
      <trkpt lat="31.964252293109893798828125" lon="118.67912652902305126190185546875">
        <ele>13.3999996185302734375</ele>
        <time>2026-08-14T12:08:07.000Z</time>
        <extensions>
          <ns3:TrackPointExtension>
            <ns3:hr>151</ns3:hr>
            <ns3:cad>62</ns3:cad>
          </ns3:TrackPointExtension>
        </extensions>
      </trkpt>
      <trkpt lat="31.9642484374344348907470703125" lon="118.67914262227714061737060546875">
        <ele>13.3999996185302734375</ele>
        <time>2026-08-14T12:08:08.000Z</time>
        <extensions>
          <ns3:TrackPointExtension>
            <ns3:hr>150</ns3:hr>
            <ns3:cad>62</ns3:cad>
          </ns3:TrackPointExtension>
        </extensions>
      </trkpt>
      <trkpt lat="31.96424424648284912109375" lon="118.6791586317121982574462890625">
        <ele>13.3999996185302734375</ele>
        <time>2026-08-14T12:08:09.000Z</time>
        <extensions>
          <ns3:TrackPointExtension>
            <ns3:hr>149</ns3:hr>
            <ns3:cad>62</ns3:cad>
          </ns3:TrackPointExtension>
        </extensions>
      </trkpt>
      <trkpt lat="31.96423963643610477447509765625" lon="118.6791757307946681976318359375">
        <ele>13.3999996185302734375</ele>
        <time>2026-08-14T12:08:10.000Z</time>
        <extensions>
          <ns3:TrackPointExtension>
            <ns3:hr>148</ns3:hr>
            <ns3:cad>62</ns3:cad>
          </ns3:TrackPointExtension>
        </extensions>
      </trkpt>
      <trkpt lat="31.96423544548451900482177734375" lon="118.67919123731553554534912109375">
        <ele>13.3999996185302734375</ele>
        <time>2026-08-14T12:08:11.000Z</time>
        <extensions>
          <ns3:TrackPointExtension>
            <ns3:hr>147</ns3:hr>
            <ns3:cad>62</ns3:cad>
          </ns3:TrackPointExtension>
        </extensions>
      </trkpt>
      <trkpt lat="31.96423075161874294281005859375" lon="118.67920783348381519317626953125">
        <ele>13.3999996185302734375</ele>
        <time>2026-08-14T12:08:12.000Z</time>
        <extensions>
          <ns3:TrackPointExtension>
            <ns3:hr>148</ns3:hr>
            <ns3:cad>61</ns3:cad>
          </ns3:TrackPointExtension>
        </extensions>
      </trkpt>
      <trkpt lat="31.96422521956264972686767578125" lon="118.67922375909984111785888671875">
        <ele>13.3999996185302734375</ele>
        <time>2026-08-14T12:08:13.000Z</time>
        <extensions>
          <ns3:TrackPointExtension>
            <ns3:hr>148</ns3:hr>
            <ns3:cad>61</ns3:cad>
          </ns3:TrackPointExtension>
        </extensions>
      </trkpt>
      <trkpt lat="31.9642196036875247955322265625" lon="118.679238595068454742431640625">
        <ele>13.3999996185302734375</ele>
        <time>2026-08-14T12:08:14.000Z</time>
        <extensions>
          <ns3:TrackPointExtension>
            <ns3:hr>148</ns3:hr>
            <ns3:cad>61</ns3:cad>
          </ns3:TrackPointExtension>
        </extensions>
      </trkpt>
      <trkpt lat="31.96421348489820957183837890625" lon="118.67925426922738552093505859375">
        <ele>13.3999996185302734375</ele>
        <time>2026-08-14T12:08:15.000Z</time>
        <extensions>
          <ns3:TrackPointExtension>
            <ns3:hr>148</ns3:hr>
            <ns3:cad>61</ns3:cad>
          </ns3:TrackPointExtension>
        </extensions>
      </trkpt>
      <trkpt lat="31.96420812048017978668212890625" lon="118.6792692728340625762939453125">
        <ele>13.3999996185302734375</ele>
        <time>2026-08-14T12:08:16.000Z</time>
        <extensions>
          <ns3:TrackPointExtension>
            <ns3:hr>148</ns3:hr>
            <ns3:cad>61</ns3:cad>
          </ns3:TrackPointExtension>
        </extensions>
      </trkpt>
      <trkpt lat="31.9642025046050548553466796875" lon="118.6792846955358982086181640625">
        <ele>13.3999996185302734375</ele>
        <time>2026-08-14T12:08:17.000Z</time>
        <extensions>
          <ns3:TrackPointExtension>
            <ns3:hr>147</ns3:hr>
            <ns3:cad>61</ns3:cad>
          </ns3:TrackPointExtension>
        </extensions>
      </trkpt>
      <trkpt lat="31.96419705636799335479736328125" lon="118.6792997829616069793701171875">
        <ele>13.3999996185302734375</ele>
        <time>2026-08-14T12:08:18.000Z</time>
        <extensions>
          <ns3:TrackPointExtension>
            <ns3:hr>147</ns3:hr>
            <ns3:cad>61</ns3:cad>
          </ns3:TrackPointExtension>
        </extensions>
      </trkpt>
      <trkpt lat="31.964192949235439300537109375" lon="118.6793148703873157501220703125">
        <ele>13.3999996185302734375</ele>
        <time>2026-08-14T12:08:19.000Z</time>
        <extensions>
          <ns3:TrackPointExtension>
            <ns3:hr>146</ns3:hr>
            <ns3:cad>61</ns3:cad>
          </ns3:TrackPointExtension>
        </extensions>
      </trkpt>
      <trkpt lat="31.96418859064579010009765625" lon="118.67933104746043682098388671875">
        <ele>13.3999996185302734375</ele>
        <time>2026-08-14T12:08:20.000Z</time>
        <extensions>
          <ns3:TrackPointExtension>
            <ns3:hr>146</ns3:hr>
            <ns3:cad>61</ns3:cad>
          </ns3:TrackPointExtension>
        </extensions>
      </trkpt>
      <trkpt lat="31.964182890951633453369140625" lon="118.67934747599065303802490234375">
        <ele>13.3999996185302734375</ele>
        <time>2026-08-14T12:08:21.000Z</time>
        <extensions>
          <ns3:TrackPointExtension>
            <ns3:hr>146</ns3:hr>
            <ns3:cad>61</ns3:cad>
          </ns3:TrackPointExtension>
        </extensions>
      </trkpt>
      <trkpt lat="31.96417693980038166046142578125" lon="118.67936172522604465484619140625">
        <ele>13.3999996185302734375</ele>
        <time>2026-08-14T12:08:22.000Z</time>
        <extensions>
          <ns3:TrackPointExtension>
            <ns3:hr>145</ns3:hr>
            <ns3:cad>61</ns3:cad>
          </ns3:TrackPointExtension>
        </extensions>
      </trkpt>
      <trkpt lat="31.96417090483009815216064453125" lon="118.67937815375626087188720703125">
        <ele>13.3999996185302734375</ele>
        <time>2026-08-14T12:08:23.000Z</time>
        <extensions>
          <ns3:TrackPointExtension>
            <ns3:hr>144</ns3:hr>
            <ns3:cad>61</ns3:cad>
          </ns3:TrackPointExtension>
        </extensions>
      </trkpt>
      <trkpt lat="31.96416302584111690521240234375" lon="118.679393492639064788818359375">
        <ele>13.3999996185302734375</ele>
        <time>2026-08-14T12:08:24.000Z</time>
        <extensions>
          <ns3:TrackPointExtension>
            <ns3:hr>144</ns3:hr>
            <ns3:cad>61</ns3:cad>
          </ns3:TrackPointExtension>
        </extensions>
      </trkpt>
      <trkpt lat="31.964156739413738250732421875" lon="118.679408915340900421142578125">
        <ele>13.3999996185302734375</ele>
        <time>2026-08-14T12:08:25.000Z</time>
        <extensions>
          <ns3:TrackPointExtension>
            <ns3:hr>144</ns3:hr>
            <ns3:cad>61</ns3:cad>
          </ns3:TrackPointExtension>
        </extensions>
      </trkpt>
      <trkpt lat="31.96414995007216930389404296875" lon="118.67942375130951404571533203125">
        <ele>13.3999996185302734375</ele>
        <time>2026-08-14T12:08:26.000Z</time>
        <extensions>
          <ns3:TrackPointExtension>
            <ns3:hr>144</ns3:hr>
            <ns3:cad>61</ns3:cad>
          </ns3:TrackPointExtension>
        </extensions>
      </trkpt>
      <trkpt lat="31.964144669473171234130859375" lon="118.67943883873522281646728515625">
        <ele>13.3999996185302734375</ele>
        <time>2026-08-14T12:08:27.000Z</time>
        <extensions>
          <ns3:TrackPointExtension>
            <ns3:hr>144</ns3:hr>
            <ns3:cad>61</ns3:cad>
          </ns3:TrackPointExtension>
        </extensions>
      </trkpt>
      <trkpt lat="31.96413771249353885650634765625" lon="118.67945258505642414093017578125">
        <ele>13.3999996185302734375</ele>
        <time>2026-08-14T12:08:28.000Z</time>
        <extensions>
          <ns3:TrackPointExtension>
            <ns3:hr>144</ns3:hr>
            <ns3:cad>61</ns3:cad>
          </ns3:TrackPointExtension>
        </extensions>
      </trkpt>
      <trkpt lat="31.96413134224712848663330078125" lon="118.6794670857489109039306640625">
        <ele>13.3999996185302734375</ele>
        <time>2026-08-14T12:08:29.000Z</time>
        <extensions>
          <ns3:TrackPointExtension>
            <ns3:hr>143</ns3:hr>
            <ns3:cad>61</ns3:cad>
          </ns3:TrackPointExtension>
        </extensions>
      </trkpt>
      <trkpt lat="31.96412581019103527069091796875" lon="118.67948108352720737457275390625">
        <ele>13.3999996185302734375</ele>
        <time>2026-08-14T12:08:30.000Z</time>
        <extensions>
          <ns3:TrackPointExtension>
            <ns3:hr>143</ns3:hr>
            <ns3:cad>61</ns3:cad>
          </ns3:TrackPointExtension>
        </extensions>
      </trkpt>
      <trkpt lat="31.96411876939237117767333984375" lon="118.6794959194958209991455078125">
        <ele>13.3999996185302734375</ele>
        <time>2026-08-14T12:08:31.000Z</time>
        <extensions>
          <ns3:TrackPointExtension>
            <ns3:hr>143</ns3:hr>
            <ns3:cad>61</ns3:cad>
          </ns3:TrackPointExtension>
        </extensions>
      </trkpt>
      <trkpt lat="31.96411290206015110015869140625" lon="118.67951125837862491607666015625">
        <ele>13.3999996185302734375</ele>
        <time>2026-08-14T12:08:32.000Z</time>
        <extensions>
          <ns3:TrackPointExtension>
            <ns3:hr>142</ns3:hr>
            <ns3:cad>61</ns3:cad>
          </ns3:TrackPointExtension>
        </extensions>
      </trkpt>
      <trkpt lat="31.96410552598536014556884765625" lon="118.67952450178563594818115234375">
        <ele>13.3999996185302734375</ele>
        <time>2026-08-14T12:08:33.000Z</time>
        <extensions>
          <ns3:TrackPointExtension>
            <ns3:hr>142</ns3:hr>
            <ns3:cad>61</ns3:cad>
          </ns3:TrackPointExtension>
        </extensions>
      </trkpt>
      <trkpt lat="31.9640980660915374755859375" lon="118.67954042740166187286376953125">
        <ele>13.3999996185302734375</ele>
        <time>2026-08-14T12:08:34.000Z</time>
        <extensions>
          <ns3:TrackPointExtension>
            <ns3:hr>142</ns3:hr>
            <ns3:cad>61</ns3:cad>
          </ns3:TrackPointExtension>
        </extensions>
      </trkpt>
      <trkpt lat="31.9640915282070636749267578125" lon="118.679555095732212066650390625">
        <ele>13.3999996185302734375</ele>
        <time>2026-08-14T12:08:35.000Z</time>
        <extensions>
          <ns3:TrackPointExtension>
            <ns3:hr>142</ns3:hr>
            <ns3:cad>61</ns3:cad>
          </ns3:TrackPointExtension>
        </extensions>
      </trkpt>
      <trkpt lat="31.9640848226845264434814453125" lon="118.67956775240600109100341796875">
        <ele>13.3999996185302734375</ele>
        <time>2026-08-14T12:08:36.000Z</time>
        <extensions>
          <ns3:TrackPointExtension>
            <ns3:hr>141</ns3:hr>
            <ns3:cad>61</ns3:cad>
          </ns3:TrackPointExtension>
        </extensions>
      </trkpt>
      <trkpt lat="31.96407753042876720428466796875" lon="118.67957931943237781524658203125">
        <ele>13.6000003814697265625</ele>
        <time>2026-08-14T12:08:37.000Z</time>
        <extensions>
          <ns3:TrackPointExtension>
            <ns3:hr>141</ns3:hr>
            <ns3:cad>61</ns3:cad>
          </ns3:TrackPointExtension>
        </extensions>
      </trkpt>
      <trkpt lat="31.96407082490622997283935546875" lon="118.67959356866776943206787109375">
        <ele>13.6000003814697265625</ele>
        <time>2026-08-14T12:08:38.000Z</time>
        <extensions>
          <ns3:TrackPointExtension>
            <ns3:hr>141</ns3:hr>
            <ns3:cad>61</ns3:cad>
          </ns3:TrackPointExtension>
        </extensions>
      </trkpt>
      <trkpt lat="31.9640626944601535797119140625" lon="118.67960999719798564910888671875">
        <ele>13.6000003814697265625</ele>
        <time>2026-08-14T12:08:39.000Z</time>
        <extensions>
          <ns3:TrackPointExtension>
            <ns3:hr>141</ns3:hr>
            <ns3:cad>61</ns3:cad>
          </ns3:TrackPointExtension>
        </extensions>
      </trkpt>
      <trkpt lat="31.96405556984245777130126953125" lon="118.679624162614345550537109375">
        <ele>13.80000019073486328125</ele>
        <time>2026-08-14T12:08:40.000Z</time>
        <extensions>
          <ns3:TrackPointExtension>
            <ns3:hr>141</ns3:hr>
            <ns3:cad>61</ns3:cad>
          </ns3:TrackPointExtension>
        </extensions>
      </trkpt>
      <trkpt lat="31.9640486128628253936767578125" lon="118.67964067496359348297119140625">
        <ele>13.80000019073486328125</ele>
        <time>2026-08-14T12:08:41.000Z</time>
        <extensions>
          <ns3:TrackPointExtension>
            <ns3:hr>141</ns3:hr>
            <ns3:cad>61</ns3:cad>
          </ns3:TrackPointExtension>
        </extensions>
      </trkpt>
      <trkpt lat="31.96404039859771728515625" lon="118.6796588636934757232666015625">
        <ele>13.80000019073486328125</ele>
        <time>2026-08-14T12:08:42.000Z</time>
        <extensions>
          <ns3:TrackPointExtension>
            <ns3:hr>140</ns3:hr>
            <ns3:cad>61</ns3:cad>
          </ns3:TrackPointExtension>
        </extensions>
      </trkpt>
      <trkpt lat="31.96403629146516323089599609375" lon="118.6796700954437255859375">
        <ele>13.80000019073486328125</ele>
        <time>2026-08-14T12:08:43.000Z</time>
        <extensions>
          <ns3:TrackPointExtension>
            <ns3:hr>140</ns3:hr>
            <ns3:cad>61</ns3:cad>
          </ns3:TrackPointExtension>
        </extensions>
      </trkpt>
      <trkpt lat="31.96403142996132373809814453125" lon="118.67968375794589519500732421875">
        <ele>13.80000019073486328125</ele>
        <time>2026-08-14T12:08:44.000Z</time>
        <extensions>
          <ns3:TrackPointExtension>
            <ns3:hr>140</ns3:hr>
            <ns3:cad>60</ns3:cad>
          </ns3:TrackPointExtension>
        </extensions>
      </trkpt>
      <trkpt lat="31.96402606554329395294189453125" lon="118.6796990968286991119384765625">
        <ele>14</ele>
        <time>2026-08-14T12:08:45.000Z</time>
        <extensions>
          <ns3:TrackPointExtension>
            <ns3:hr>141</ns3:hr>
            <ns3:cad>60</ns3:cad>
          </ns3:TrackPointExtension>
        </extensions>
      </trkpt>
      <trkpt lat="31.96402254514396190643310546875" lon="118.67971326224505901336669921875">
        <ele>14</ele>
        <time>2026-08-14T12:08:46.000Z</time>
        <extensions>
          <ns3:TrackPointExtension>
            <ns3:hr>140</ns3:hr>
            <ns3:cad>60</ns3:cad>
          </ns3:TrackPointExtension>
        </extensions>
      </trkpt>
      <trkpt lat="31.96401751600205898284912109375" lon="118.679726757109165191650390625">
        <ele>14</ele>
        <time>2026-08-14T12:08:47.000Z</time>
        <extensions>
          <ns3:TrackPointExtension>
            <ns3:hr>140</ns3:hr>
            <ns3:cad>60</ns3:cad>
          </ns3:TrackPointExtension>
        </extensions>
      </trkpt>
      <trkpt lat="31.96401248686015605926513671875" lon="118.67973941378295421600341796875">
        <ele>13.80000019073486328125</ele>
        <time>2026-08-14T12:08:48.000Z</time>
        <extensions>
          <ns3:TrackPointExtension>
            <ns3:hr>140</ns3:hr>
            <ns3:cad>60</ns3:cad>
          </ns3:TrackPointExtension>
        </extensions>
      </trkpt>
      <trkpt lat="31.96400661952793598175048828125" lon="118.67975215427577495574951171875">
        <ele>13.80000019073486328125</ele>
        <time>2026-08-14T12:08:49.000Z</time>
        <extensions>
          <ns3:TrackPointExtension>
            <ns3:hr>140</ns3:hr>
            <ns3:cad>60</ns3:cad>
          </ns3:TrackPointExtension>
        </extensions>
      </trkpt>
      <trkpt lat="31.96399907581508159637451171875" lon="118.6797684989869594573974609375">
        <ele>13.6000003814697265625</ele>
        <time>2026-08-14T12:08:50.000Z</time>
        <extensions>
          <ns3:TrackPointExtension>
            <ns3:hr>140</ns3:hr>
            <ns3:cad>60</ns3:cad>
          </ns3:TrackPointExtension>
        </extensions>
      </trkpt>
      <trkpt lat="31.96399169974029064178466796875" lon="118.6797829158604145050048828125">
        <ele>13.6000003814697265625</ele>
        <time>2026-08-14T12:08:51.000Z</time>
        <extensions>
          <ns3:TrackPointExtension>
            <ns3:hr>140</ns3:hr>
            <ns3:cad>60</ns3:cad>
          </ns3:TrackPointExtension>
        </extensions>
      </trkpt>
      <trkpt lat="31.96398449130356311798095703125" lon="118.679799176752567291259765625">
        <ele>13.6000003814697265625</ele>
        <time>2026-08-14T12:08:52.000Z</time>
        <extensions>
          <ns3:TrackPointExtension>
            <ns3:hr>140</ns3:hr>
            <ns3:cad>60</ns3:cad>
          </ns3:TrackPointExtension>
        </extensions>
      </trkpt>
      <trkpt lat="31.9639771990478038787841796875" lon="118.67981317453086376190185546875">
        <ele>13.6000003814697265625</ele>
        <time>2026-08-14T12:08:53.000Z</time>
        <extensions>
          <ns3:TrackPointExtension>
            <ns3:hr>139</ns3:hr>
            <ns3:cad>60</ns3:cad>
          </ns3:TrackPointExtension>
        </extensions>
      </trkpt>
      <trkpt lat="31.96397242136299610137939453125" lon="118.6798265017569065093994140625">
        <ele>13.6000003814697265625</ele>
        <time>2026-08-14T12:08:54.000Z</time>
        <extensions>
          <ns3:TrackPointExtension>
            <ns3:hr>139</ns3:hr>
            <ns3:cad>61</ns3:cad>
          </ns3:TrackPointExtension>
        </extensions>
      </trkpt>
      <trkpt lat="31.963967643678188323974609375" lon="118.67984066717326641082763671875">
        <ele>13.6000003814697265625</ele>
        <time>2026-08-14T12:08:55.000Z</time>
        <extensions>
          <ns3:TrackPointExtension>
            <ns3:hr>138</ns3:hr>
            <ns3:cad>61</ns3:cad>
          </ns3:TrackPointExtension>
        </extensions>
      </trkpt>
      <trkpt lat="31.963961608707904815673828125" lon="118.679854162037372589111328125">
        <ele>13.3999996185302734375</ele>
        <time>2026-08-14T12:08:56.000Z</time>
        <extensions>
          <ns3:TrackPointExtension>
            <ns3:hr>138</ns3:hr>
            <ns3:cad>61</ns3:cad>
          </ns3:TrackPointExtension>
        </extensions>
      </trkpt>
      <trkpt lat="31.9639550708234310150146484375" lon="118.67986790835857391357421875">
        <ele>13.3999996185302734375</ele>
        <time>2026-08-14T12:08:57.000Z</time>
        <extensions>
          <ns3:TrackPointExtension>
            <ns3:hr>137</ns3:hr>
            <ns3:cad>61</ns3:cad>
          </ns3:TrackPointExtension>
        </extensions>
      </trkpt>
      <trkpt lat="31.963947527110576629638671875" lon="118.67988274432718753814697265625">
        <ele>13.3999996185302734375</ele>
        <time>2026-08-14T12:08:58.000Z</time>
        <extensions>
          <ns3:TrackPointExtension>
            <ns3:hr>137</ns3:hr>
            <ns3:cad>61</ns3:cad>
          </ns3:TrackPointExtension>
        </extensions>
      </trkpt>
      <trkpt lat="31.963941156864166259765625" lon="118.67989741265773773193359375">
        <ele>13.3999996185302734375</ele>
        <time>2026-08-14T12:08:59.000Z</time>
        <extensions>
          <ns3:TrackPointExtension>
            <ns3:hr>136</ns3:hr>
            <ns3:cad>61</ns3:cad>
          </ns3:TrackPointExtension>
        </extensions>
      </trkpt>
      <trkpt lat="31.96393604390323162078857421875" lon="118.67991157807409763336181640625">
        <ele>13.3999996185302734375</ele>
        <time>2026-08-14T12:09:00.000Z</time>
        <extensions>
          <ns3:TrackPointExtension>
            <ns3:hr>136</ns3:hr>
            <ns3:cad>61</ns3:cad>
          </ns3:TrackPointExtension>
        </extensions>
      </trkpt>
      <trkpt lat="31.96393168531358242034912109375" lon="118.679924905300140380859375">
        <ele>13.3999996185302734375</ele>
        <time>2026-08-14T12:09:01.000Z</time>
        <extensions>
          <ns3:TrackPointExtension>
            <ns3:hr>135</ns3:hr>
            <ns3:cad>60</ns3:cad>
          </ns3:TrackPointExtension>
        </extensions>
      </trkpt>
      <trkpt lat="31.96392665617167949676513671875" lon="118.6799374781548976898193359375">
        <ele>13.3999996185302734375</ele>
        <time>2026-08-14T12:09:02.000Z</time>
        <extensions>
          <ns3:TrackPointExtension>
            <ns3:hr>134</ns3:hr>
            <ns3:cad>60</ns3:cad>
          </ns3:TrackPointExtension>
        </extensions>
      </trkpt>
      <trkpt lat="31.96392162702977657318115234375" lon="118.67995063774287700653076171875">
        <ele>13.3999996185302734375</ele>
        <time>2026-08-14T12:09:03.000Z</time>
        <extensions>
          <ns3:TrackPointExtension>
            <ns3:hr>134</ns3:hr>
            <ns3:cad>60</ns3:cad>
          </ns3:TrackPointExtension>
        </extensions>
      </trkpt>
      <trkpt lat="31.96391575969755649566650390625" lon="118.67996471934020519256591796875">
        <ele>13.3999996185302734375</ele>
        <time>2026-08-14T12:09:04.000Z</time>
        <extensions>
          <ns3:TrackPointExtension>
            <ns3:hr>134</ns3:hr>
            <ns3:cad>60</ns3:cad>
          </ns3:TrackPointExtension>
        </extensions>
      </trkpt>
      <trkpt lat="31.96391039527952671051025390625" lon="118.6799783818423748016357421875">
        <ele>13.3999996185302734375</ele>
        <time>2026-08-14T12:09:05.000Z</time>
        <extensions>
          <ns3:TrackPointExtension>
            <ns3:hr>134</ns3:hr>
            <ns3:cad>61</ns3:cad>
          </ns3:TrackPointExtension>
        </extensions>
      </trkpt>
      <trkpt lat="31.9639051146805286407470703125" lon="118.67999539710581302642822265625">
        <ele>13.3999996185302734375</ele>
        <time>2026-08-14T12:09:06.000Z</time>
        <extensions>
          <ns3:TrackPointExtension>
            <ns3:hr>134</ns3:hr>
            <ns3:cad>61</ns3:cad>
          </ns3:TrackPointExtension>
        </extensions>
      </trkpt>
      <trkpt lat="31.963899917900562286376953125" lon="118.6800115741789340972900390625">
        <ele>13.6000003814697265625</ele>
        <time>2026-08-14T12:09:07.000Z</time>
        <extensions>
          <ns3:TrackPointExtension>
            <ns3:hr>133</ns3:hr>
            <ns3:cad>61</ns3:cad>
          </ns3:TrackPointExtension>
        </extensions>
      </trkpt>
      <trkpt lat="31.96389530785381793975830078125" lon="118.68002573959529399871826171875">
        <ele>13.6000003814697265625</ele>
        <time>2026-08-14T12:09:08.000Z</time>
        <extensions>
          <ns3:TrackPointExtension>
            <ns3:hr>133</ns3:hr>
            <ns3:cad>60</ns3:cad>
          </ns3:TrackPointExtension>
        </extensions>
      </trkpt>
      <trkpt lat="31.9638896919786930084228515625" lon="118.68004132993519306182861328125">
        <ele>13.6000003814697265625</ele>
        <time>2026-08-14T12:09:09.000Z</time>
        <extensions>
          <ns3:TrackPointExtension>
            <ns3:hr>133</ns3:hr>
            <ns3:cad>59</ns3:cad>
          </ns3:TrackPointExtension>
        </extensions>
      </trkpt>
      <trkpt lat="31.9638829864561557769775390625" lon="118.6800571717321872711181640625">
        <ele>13.6000003814697265625</ele>
        <time>2026-08-14T12:09:10.000Z</time>
        <extensions>
          <ns3:TrackPointExtension>
            <ns3:hr>133</ns3:hr>
            <ns3:cad>59</ns3:cad>
          </ns3:TrackPointExtension>
        </extensions>
      </trkpt>
      <trkpt lat="31.963875778019428253173828125" lon="118.68007368408143520355224609375">
        <ele>13.6000003814697265625</ele>
        <time>2026-08-14T12:09:11.000Z</time>
        <extensions>
          <ns3:TrackPointExtension>
            <ns3:hr>132</ns3:hr>
            <ns3:cad>59</ns3:cad>
          </ns3:TrackPointExtension>
        </extensions>
      </trkpt>
      <trkpt lat="31.96387016214430332183837890625" lon="118.6800900287926197052001953125">
        <ele>13.6000003814697265625</ele>
        <time>2026-08-14T12:09:12.000Z</time>
        <extensions>
          <ns3:TrackPointExtension>
            <ns3:hr>131</ns3:hr>
            <ns3:cad>60</ns3:cad>
          </ns3:TrackPointExtension>
        </extensions>
      </trkpt>
      <trkpt lat="31.9638632051646709442138671875" lon="118.68010503239929676055908203125">
        <ele>13.80000019073486328125</ele>
        <time>2026-08-14T12:09:13.000Z</time>
        <extensions>
          <ns3:TrackPointExtension>
            <ns3:hr>131</ns3:hr>
            <ns3:cad>60</ns3:cad>
          </ns3:TrackPointExtension>
        </extensions>
      </trkpt>
      <trkpt lat="31.96385733783245086669921875" lon="118.6801191978156566619873046875">
        <ele>13.80000019073486328125</ele>
        <time>2026-08-14T12:09:14.000Z</time>
        <extensions>
          <ns3:TrackPointExtension>
            <ns3:hr>132</ns3:hr>
            <ns3:cad>61</ns3:cad>
          </ns3:TrackPointExtension>
        </extensions>
      </trkpt>
      <trkpt lat="31.96385063230991363525390625" lon="118.68013788945972919464111328125">
        <ele>13.80000019073486328125</ele>
        <time>2026-08-14T12:09:15.000Z</time>
        <extensions>
          <ns3:TrackPointExtension>
            <ns3:hr>132</ns3:hr>
            <ns3:cad>61</ns3:cad>
          </ns3:TrackPointExtension>
        </extensions>
      </trkpt>
      <trkpt lat="31.9638430885970592498779296875" lon="118.680153898894786834716796875">
        <ele>13.80000019073486328125</ele>
        <time>2026-08-14T12:09:16.000Z</time>
        <extensions>
          <ns3:TrackPointExtension>
            <ns3:hr>132</ns3:hr>
            <ns3:cad>61</ns3:cad>
          </ns3:TrackPointExtension>
        </extensions>
      </trkpt>
      <trkpt lat="31.96383990347385406494140625" lon="118.68016554974019527435302734375">
        <ele>14</ele>
        <time>2026-08-14T12:09:17.000Z</time>
        <extensions>
          <ns3:TrackPointExtension>
            <ns3:hr>131</ns3:hr>
            <ns3:cad>61</ns3:cad>
          </ns3:TrackPointExtension>
        </extensions>
      </trkpt>
      <trkpt lat="31.9638367183506488800048828125" lon="118.6801785416901111602783203125">
        <ele>14</ele>
        <time>2026-08-14T12:09:18.000Z</time>
        <extensions>
          <ns3:TrackPointExtension>
            <ns3:hr>131</ns3:hr>
            <ns3:cad>60</ns3:cad>
          </ns3:TrackPointExtension>
        </extensions>
      </trkpt>
      <trkpt lat="31.96383076719939708709716796875" lon="118.68019522167742252349853515625">
        <ele>14</ele>
        <time>2026-08-14T12:09:19.000Z</time>
        <extensions>
          <ns3:TrackPointExtension>
            <ns3:hr>132</ns3:hr>
            <ns3:cad>60</ns3:cad>
          </ns3:TrackPointExtension>
        </extensions>
      </trkpt>
      <trkpt lat="31.96382640860974788665771484375" lon="118.6802164278924465179443359375">
        <ele>14</ele>
        <time>2026-08-14T12:09:20.000Z</time>
        <extensions>
          <ns3:TrackPointExtension>
            <ns3:hr>131</ns3:hr>
            <ns3:cad>60</ns3:cad>
          </ns3:TrackPointExtension>
        </extensions>
      </trkpt>
      <trkpt lat="31.96382272057235240936279296875" lon="118.68023025803267955780029296875">
        <ele>14</ele>
        <time>2026-08-14T12:09:21.000Z</time>
        <extensions>
          <ns3:TrackPointExtension>
            <ns3:hr>131</ns3:hr>
            <ns3:cad>60</ns3:cad>
          </ns3:TrackPointExtension>
        </extensions>
      </trkpt>
      <trkpt lat="31.96381844580173492431640625" lon="118.68024836294353008270263671875">
        <ele>13.80000019073486328125</ele>
        <time>2026-08-14T12:09:22.000Z</time>
        <extensions>
          <ns3:TrackPointExtension>
            <ns3:hr>131</ns3:hr>
            <ns3:cad>60</ns3:cad>
          </ns3:TrackPointExtension>
        </extensions>
      </trkpt>
      <trkpt lat="31.96381383575499057769775390625" lon="118.68026780895888805389404296875">
        <ele>13.80000019073486328125</ele>
        <time>2026-08-14T12:09:23.000Z</time>
        <extensions>
          <ns3:TrackPointExtension>
            <ns3:hr>131</ns3:hr>
            <ns3:cad>60</ns3:cad>
          </ns3:TrackPointExtension>
        </extensions>
      </trkpt>
      <trkpt lat="31.96380914188921451568603515625" lon="118.68028365075588226318359375">
        <ele>13.80000019073486328125</ele>
        <time>2026-08-14T12:09:24.000Z</time>
        <extensions>
          <ns3:TrackPointExtension>
            <ns3:hr>131</ns3:hr>
            <ns3:cad>60</ns3:cad>
          </ns3:TrackPointExtension>
        </extensions>
      </trkpt>
      <trkpt lat="31.9638038612902164459228515625" lon="118.68029697798192501068115234375">
        <ele>13.80000019073486328125</ele>
        <time>2026-08-14T12:09:25.000Z</time>
        <extensions>
          <ns3:TrackPointExtension>
            <ns3:hr>131</ns3:hr>
            <ns3:cad>60</ns3:cad>
          </ns3:TrackPointExtension>
        </extensions>
      </trkpt>
      <trkpt lat="31.96380008943378925323486328125" lon="118.68031424470245838165283203125">
        <ele>13.80000019073486328125</ele>
        <time>2026-08-14T12:09:26.000Z</time>
        <extensions>
          <ns3:TrackPointExtension>
            <ns3:hr>130</ns3:hr>
            <ns3:cad>60</ns3:cad>
          </ns3:TrackPointExtension>
        </extensions>
      </trkpt>
      <trkpt lat="31.9638005085289478302001953125" lon="118.6803280748426914215087890625">
        <ele>13.80000019073486328125</ele>
        <time>2026-08-14T12:09:27.000Z</time>
        <extensions>
          <ns3:TrackPointExtension>
            <ns3:hr>131</ns3:hr>
            <ns3:cad>59</ns3:cad>
          </ns3:TrackPointExtension>
        </extensions>
      </trkpt>
      <trkpt lat="31.9638030230998992919921875" lon="118.6803347803652286529541015625">
        <ele>14</ele>
        <time>2026-08-14T12:09:28.000Z</time>
        <extensions>
          <ns3:TrackPointExtension>
            <ns3:hr>131</ns3:hr>
            <ns3:cad>59</ns3:cad>
          </ns3:TrackPointExtension>
        </extensions>
      </trkpt>
      <trkpt lat="31.96379958651959896087646484375" lon="118.68034760467708110809326171875">
        <ele>14</ele>
        <time>2026-08-14T12:09:29.000Z</time>
        <extensions>
          <ns3:TrackPointExtension>
            <ns3:hr>131</ns3:hr>
            <ns3:cad>59</ns3:cad>
          </ns3:TrackPointExtension>
        </extensions>
      </trkpt>
      <trkpt lat="31.96379556320607662200927734375" lon="118.68035799823701381683349609375">
        <ele>14</ele>
        <time>2026-08-14T12:09:30.000Z</time>
        <extensions>
          <ns3:TrackPointExtension>
            <ns3:hr>131</ns3:hr>
            <ns3:cad>59</ns3:cad>
          </ns3:TrackPointExtension>
        </extensions>
      </trkpt>
      <trkpt lat="31.96379028260707855224609375" lon="118.68036755360662937164306640625">
        <ele>14</ele>
        <time>2026-08-14T12:09:31.000Z</time>
        <extensions>
          <ns3:TrackPointExtension>
            <ns3:hr>131</ns3:hr>
            <ns3:cad>59</ns3:cad>
          </ns3:TrackPointExtension>
        </extensions>
      </trkpt>
      <trkpt lat="31.9637857563793659210205078125" lon="118.68037845008075237274169921875">
        <ele>13.80000019073486328125</ele>
        <time>2026-08-14T12:09:32.000Z</time>
        <extensions>
          <ns3:TrackPointExtension>
            <ns3:hr>131</ns3:hr>
            <ns3:cad>59</ns3:cad>
          </ns3:TrackPointExtension>
        </extensions>
      </trkpt>
      <trkpt lat="31.96377913467586040496826171875" lon="118.680389933288097381591796875">
        <ele>13.80000019073486328125</ele>
        <time>2026-08-14T12:09:33.000Z</time>
        <extensions>
          <ns3:TrackPointExtension>
            <ns3:hr>131</ns3:hr>
            <ns3:cad>59</ns3:cad>
          </ns3:TrackPointExtension>
        </extensions>
      </trkpt>
      <trkpt lat="31.96377309970557689666748046875" lon="118.68040091358125209808349609375">
        <ele>13.80000019073486328125</ele>
        <time>2026-08-14T12:09:34.000Z</time>
        <extensions>
          <ns3:TrackPointExtension>
            <ns3:hr>131</ns3:hr>
            <ns3:cad>60</ns3:cad>
          </ns3:TrackPointExtension>
        </extensions>
      </trkpt>
      <trkpt lat="31.96376748383045196533203125" lon="118.6804102174937725067138671875">
        <ele>13.80000019073486328125</ele>
        <time>2026-08-14T12:09:35.000Z</time>
        <extensions>
          <ns3:TrackPointExtension>
            <ns3:hr>131</ns3:hr>
            <ns3:cad>60</ns3:cad>
          </ns3:TrackPointExtension>
        </extensions>
      </trkpt>
      <trkpt lat="31.96376538835465908050537109375" lon="118.6804172582924365997314453125">
        <ele>13.80000019073486328125</ele>
        <time>2026-08-14T12:09:36.000Z</time>
        <extensions>
          <ns3:TrackPointExtension>
            <ns3:hr>131</ns3:hr>
            <ns3:cad>60</ns3:cad>
          </ns3:TrackPointExtension>
        </extensions>
      </trkpt>
      <trkpt lat="31.963761784136295318603515625" lon="118.68042656220495700836181640625">
        <ele>13.80000019073486328125</ele>
        <time>2026-08-14T12:09:37.000Z</time>
        <extensions>
          <ns3:TrackPointExtension>
            <ns3:hr>131</ns3:hr>
            <ns3:cad>60</ns3:cad>
          </ns3:TrackPointExtension>
        </extensions>
      </trkpt>
      <trkpt lat="31.96375734172761440277099609375" lon="118.68044047616422176361083984375">
        <ele>13.80000019073486328125</ele>
        <time>2026-08-14T12:09:38.000Z</time>
        <extensions>
          <ns3:TrackPointExtension>
            <ns3:hr>130</ns3:hr>
            <ns3:cad>59</ns3:cad>
          </ns3:TrackPointExtension>
        </extensions>
      </trkpt>
      <trkpt lat="31.963753402233123779296875" lon="118.6804625205695629119873046875">
        <ele>13.80000019073486328125</ele>
        <time>2026-08-14T12:09:39.000Z</time>
        <extensions>
          <ns3:TrackPointExtension>
            <ns3:hr>131</ns3:hr>
            <ns3:cad>59</ns3:cad>
          </ns3:TrackPointExtension>
        </extensions>
      </trkpt>
      <trkpt lat="31.96374309249222278594970703125" lon="118.68048137985169887542724609375">
        <ele>13.80000019073486328125</ele>
        <time>2026-08-14T12:09:40.000Z</time>
        <extensions>
          <ns3:TrackPointExtension>
            <ns3:hr>132</ns3:hr>
            <ns3:cad>59</ns3:cad>
          </ns3:TrackPointExtension>
        </extensions>
      </trkpt>
      <trkpt lat="31.9637361355125904083251953125" lon="118.68049629963934421539306640625">
        <ele>13.80000019073486328125</ele>
        <time>2026-08-14T12:09:41.000Z</time>
        <extensions>
          <ns3:TrackPointExtension>
            <ns3:hr>131</ns3:hr>
            <ns3:cad>59</ns3:cad>
          </ns3:TrackPointExtension>
        </extensions>
      </trkpt>
      <trkpt lat="31.96373051963746547698974609375" lon="118.680509291589260101318359375">
        <ele>13.80000019073486328125</ele>
        <time>2026-08-14T12:09:42.000Z</time>
        <extensions>
          <ns3:TrackPointExtension>
            <ns3:hr>130</ns3:hr>
            <ns3:cad>59</ns3:cad>
          </ns3:TrackPointExtension>
        </extensions>
      </trkpt>
      <trkpt lat="31.9637237302958965301513671875" lon="118.6805235408246517181396484375">
        <ele>13.80000019073486328125</ele>
        <time>2026-08-14T12:09:43.000Z</time>
        <extensions>
          <ns3:TrackPointExtension>
            <ns3:hr>129</ns3:hr>
            <ns3:cad>59</ns3:cad>
          </ns3:TrackPointExtension>
        </extensions>
      </trkpt>
      <trkpt lat="31.9637187011539936065673828125" lon="118.68053787387907505035400390625">
        <ele>13.80000019073486328125</ele>
        <time>2026-08-14T12:09:44.000Z</time>
        <extensions>
          <ns3:TrackPointExtension>
            <ns3:hr>128</ns3:hr>
            <ns3:cad>59</ns3:cad>
          </ns3:TrackPointExtension>
        </extensions>
      </trkpt>
      <trkpt lat="31.963714174926280975341796875" lon="118.68055321276187896728515625">
        <ele>13.80000019073486328125</ele>
        <time>2026-08-14T12:09:45.000Z</time>
        <extensions>
          <ns3:TrackPointExtension>
            <ns3:hr>128</ns3:hr>
            <ns3:cad>58</ns3:cad>
          </ns3:TrackPointExtension>
        </extensions>
      </trkpt>
      <trkpt lat="31.9637066312134265899658203125" lon="118.68057307787239551544189453125">
        <ele>13.80000019073486328125</ele>
        <time>2026-08-14T12:09:46.000Z</time>
        <extensions>
          <ns3:TrackPointExtension>
            <ns3:hr>127</ns3:hr>
            <ns3:cad>58</ns3:cad>
          </ns3:TrackPointExtension>
        </extensions>
      </trkpt>
      <trkpt lat="31.9637009315192699432373046875" lon="118.6805927753448486328125">
        <ele>13.80000019073486328125</ele>
        <time>2026-08-14T12:09:47.000Z</time>
        <extensions>
          <ns3:TrackPointExtension>
            <ns3:hr>127</ns3:hr>
            <ns3:cad>58</ns3:cad>
          </ns3:TrackPointExtension>
        </extensions>
      </trkpt>
      <trkpt lat="31.9636935554444789886474609375" lon="118.6806075274944305419921875">
        <ele>13.80000019073486328125</ele>
        <time>2026-08-14T12:09:48.000Z</time>
        <extensions>
          <ns3:TrackPointExtension>
            <ns3:hr>127</ns3:hr>
            <ns3:cad>59</ns3:cad>
          </ns3:TrackPointExtension>
        </extensions>
      </trkpt>
      <trkpt lat="31.9636858440935611724853515625" lon="118.68062563240528106689453125">
        <ele>13.80000019073486328125</ele>
        <time>2026-08-14T12:09:49.000Z</time>
        <extensions>
          <ns3:TrackPointExtension>
            <ns3:hr>127</ns3:hr>
            <ns3:cad>59</ns3:cad>
          </ns3:TrackPointExtension>
        </extensions>
      </trkpt>
      <trkpt lat="31.963679976761341094970703125" lon="118.6806415580213069915771484375">
        <ele>13.80000019073486328125</ele>
        <time>2026-08-14T12:09:50.000Z</time>
        <extensions>
          <ns3:TrackPointExtension>
            <ns3:hr>127</ns3:hr>
            <ns3:cad>59</ns3:cad>
          </ns3:TrackPointExtension>
        </extensions>
      </trkpt>
      <trkpt lat="31.9636737741529941558837890625" lon="118.68065555579960346221923828125">
        <ele>13.80000019073486328125</ele>
        <time>2026-08-14T12:09:51.000Z</time>
        <extensions>
          <ns3:TrackPointExtension>
            <ns3:hr>128</ns3:hr>
            <ns3:cad>59</ns3:cad>
          </ns3:TrackPointExtension>
        </extensions>
      </trkpt>
      <trkpt lat="31.96366631425917148590087890625" lon="118.68067332543432712554931640625">
        <ele>13.80000019073486328125</ele>
        <time>2026-08-14T12:09:52.000Z</time>
        <extensions>
          <ns3:TrackPointExtension>
            <ns3:hr>128</ns3:hr>
            <ns3:cad>59</ns3:cad>
          </ns3:TrackPointExtension>
        </extensions>
      </trkpt>
      <trkpt lat="31.96365927346050739288330078125" lon="118.68069310672581195831298828125">
        <ele>13.80000019073486328125</ele>
        <time>2026-08-14T12:09:53.000Z</time>
        <extensions>
          <ns3:TrackPointExtension>
            <ns3:hr>128</ns3:hr>
            <ns3:cad>60</ns3:cad>
          </ns3:TrackPointExtension>
        </extensions>
      </trkpt>
      <trkpt lat="31.96365122683346271514892578125" lon="118.68071816861629486083984375">
        <ele>13.80000019073486328125</ele>
        <time>2026-08-14T12:09:54.000Z</time>
        <extensions>
          <ns3:TrackPointExtension>
            <ns3:hr>129</ns3:hr>
            <ns3:cad>59</ns3:cad>
          </ns3:TrackPointExtension>
        </extensions>
      </trkpt>
      <trkpt lat="31.963643766939640045166015625" lon="118.68074172176420688629150390625">
        <ele>13.80000019073486328125</ele>
        <time>2026-08-14T12:09:55.000Z</time>
        <extensions>
          <ns3:TrackPointExtension>
            <ns3:hr>129</ns3:hr>
            <ns3:cad>59</ns3:cad>
          </ns3:TrackPointExtension>
        </extensions>
      </trkpt>
      <trkpt lat="31.96363831870257854461669921875" lon="118.6807605810463428497314453125">
        <ele>13.80000019073486328125</ele>
        <time>2026-08-14T12:09:56.000Z</time>
        <extensions>
          <ns3:TrackPointExtension>
            <ns3:hr>129</ns3:hr>
            <ns3:cad>59</ns3:cad>
          </ns3:TrackPointExtension>
        </extensions>
      </trkpt>
      <trkpt lat="31.96363278664648532867431640625" lon="118.68077315390110015869140625">
        <ele>13.80000019073486328125</ele>
        <time>2026-08-14T12:09:57.000Z</time>
        <extensions>
          <ns3:TrackPointExtension>
            <ns3:hr>128</ns3:hr>
            <ns3:cad>59</ns3:cad>
          </ns3:TrackPointExtension>
        </extensions>
      </trkpt>
      <trkpt lat="31.9636268354952335357666015625" lon="118.68078312836587429046630859375">
        <ele>13.80000019073486328125</ele>
        <time>2026-08-14T12:09:58.000Z</time>
        <extensions>
          <ns3:TrackPointExtension>
            <ns3:hr>129</ns3:hr>
            <ns3:cad>59</ns3:cad>
          </ns3:TrackPointExtension>
        </extensions>
      </trkpt>
      <trkpt lat="31.96362323127686977386474609375" lon="118.68078832514584064483642578125">
        <ele>13.80000019073486328125</ele>
        <time>2026-08-14T12:09:59.000Z</time>
        <extensions>
          <ns3:TrackPointExtension>
            <ns3:hr>129</ns3:hr>
            <ns3:cad>59</ns3:cad>
          </ns3:TrackPointExtension>
        </extensions>
      </trkpt>
      <trkpt lat="31.96361937560141086578369140625" lon="118.68079285137355327606201171875">
        <ele>13.80000019073486328125</ele>
        <time>2026-08-14T12:10:00.000Z</time>
        <extensions>
          <ns3:TrackPointExtension>
            <ns3:hr>128</ns3:hr>
            <ns3:cad>59</ns3:cad>
          </ns3:TrackPointExtension>
        </extensions>
      </trkpt>
      <trkpt lat="31.96361417882144451141357421875" lon="118.680803664028644561767578125">
        <ele>13.80000019073486328125</ele>
        <time>2026-08-14T12:10:01.000Z</time>
        <extensions>
          <ns3:TrackPointExtension>
            <ns3:hr>129</ns3:hr>
            <ns3:cad>59</ns3:cad>
          </ns3:TrackPointExtension>
        </extensions>
      </trkpt>
      <trkpt lat="31.9636073894798755645751953125" lon="118.68081866763532161712646484375">
        <ele>13.80000019073486328125</ele>
        <time>2026-08-14T12:10:02.000Z</time>
        <extensions>
          <ns3:TrackPointExtension>
            <ns3:hr>129</ns3:hr>
            <ns3:cad>59</ns3:cad>
          </ns3:TrackPointExtension>
        </extensions>
      </trkpt>
      <trkpt lat="31.96359775029122829437255859375" lon="118.68082906119525432586669921875">
        <ele>13.80000019073486328125</ele>
        <time>2026-08-14T12:10:03.000Z</time>
        <extensions>
          <ns3:TrackPointExtension>
            <ns3:hr>128</ns3:hr>
            <ns3:cad>59</ns3:cad>
          </ns3:TrackPointExtension>
        </extensions>
      </trkpt>
      <trkpt lat="31.9635906256735324859619140625" lon="118.68083895184099674224853515625">
        <ele>13.80000019073486328125</ele>
        <time>2026-08-14T12:10:04.000Z</time>
        <extensions>
          <ns3:TrackPointExtension>
            <ns3:hr>128</ns3:hr>
            <ns3:cad>59</ns3:cad>
          </ns3:TrackPointExtension>
        </extensions>
      </trkpt>
      <trkpt lat="31.9635825790464878082275390625" lon="118.680851273238658905029296875">
        <ele>13.80000019073486328125</ele>
        <time>2026-08-14T12:10:05.000Z</time>
        <extensions>
          <ns3:TrackPointExtension>
            <ns3:hr>128</ns3:hr>
            <ns3:cad>59</ns3:cad>
          </ns3:TrackPointExtension>
        </extensions>
      </trkpt>
      <trkpt lat="31.96357528679072856903076171875" lon="118.68086342699825763702392578125">
        <ele>13.80000019073486328125</ele>
        <time>2026-08-14T12:10:06.000Z</time>
        <extensions>
          <ns3:TrackPointExtension>
            <ns3:hr>128</ns3:hr>
            <ns3:cad>59</ns3:cad>
          </ns3:TrackPointExtension>
        </extensions>
      </trkpt>
      <trkpt lat="31.96356791071593761444091796875" lon="118.68087465874850749969482421875">
        <ele>13.80000019073486328125</ele>
        <time>2026-08-14T12:10:07.000Z</time>
        <extensions>
          <ns3:TrackPointExtension>
            <ns3:hr>128</ns3:hr>
            <ns3:cad>59</ns3:cad>
          </ns3:TrackPointExtension>
        </extensions>
      </trkpt>
      <trkpt lat="31.963560283184051513671875" lon="118.68088857270777225494384765625">
        <ele>13.80000019073486328125</ele>
        <time>2026-08-14T12:10:08.000Z</time>
        <extensions>
          <ns3:TrackPointExtension>
            <ns3:hr>127</ns3:hr>
            <ns3:cad>59</ns3:cad>
          </ns3:TrackPointExtension>
        </extensions>
      </trkpt>
      <trkpt lat="31.963553242385387420654296875" lon="118.680902235209941864013671875">
        <ele>13.6000003814697265625</ele>
        <time>2026-08-14T12:10:09.000Z</time>
        <extensions>
          <ns3:TrackPointExtension>
            <ns3:hr>127</ns3:hr>
            <ns3:cad>59</ns3:cad>
          </ns3:TrackPointExtension>
        </extensions>
      </trkpt>
      <trkpt lat="31.9635467045009136199951171875" lon="118.68091556243598461151123046875">
        <ele>13.6000003814697265625</ele>
        <time>2026-08-14T12:10:10.000Z</time>
        <extensions>
          <ns3:TrackPointExtension>
            <ns3:hr>127</ns3:hr>
            <ns3:cad>59</ns3:cad>
          </ns3:TrackPointExtension>
        </extensions>
      </trkpt>
      <trkpt lat="31.96354008279740810394287109375" lon="118.68092872202396392822265625">
        <ele>13.6000003814697265625</ele>
        <time>2026-08-14T12:10:11.000Z</time>
        <extensions>
          <ns3:TrackPointExtension>
            <ns3:hr>127</ns3:hr>
            <ns3:cad>61</ns3:cad>
          </ns3:TrackPointExtension>
        </extensions>
      </trkpt>
      <trkpt lat="31.96353404782712459564208984375" lon="118.68094154633581638336181640625">
        <ele>13.6000003814697265625</ele>
        <time>2026-08-14T12:10:12.000Z</time>
        <extensions>
          <ns3:TrackPointExtension>
            <ns3:hr>127</ns3:hr>
            <ns3:cad>61</ns3:cad>
          </ns3:TrackPointExtension>
        </extensions>
      </trkpt>
      <trkpt lat="31.96352851577103137969970703125" lon="118.68095596320927143096923828125">
        <ele>13.6000003814697265625</ele>
        <time>2026-08-14T12:10:13.000Z</time>
        <extensions>
          <ns3:TrackPointExtension>
            <ns3:hr>127</ns3:hr>
            <ns3:cad>62</ns3:cad>
          </ns3:TrackPointExtension>
        </extensions>
      </trkpt>
      <trkpt lat="31.963523067533969879150390625" lon="118.68097029626369476318359375">
        <ele>13.6000003814697265625</ele>
        <time>2026-08-14T12:10:14.000Z</time>
        <extensions>
          <ns3:TrackPointExtension>
            <ns3:hr>127</ns3:hr>
            <ns3:cad>62</ns3:cad>
          </ns3:TrackPointExtension>
        </extensions>
      </trkpt>
      <trkpt lat="31.96351778693497180938720703125" lon="118.68098395876586437225341796875">
        <ele>13.80000019073486328125</ele>
        <time>2026-08-14T12:10:15.000Z</time>
        <extensions>
          <ns3:TrackPointExtension>
            <ns3:hr>127</ns3:hr>
            <ns3:cad>61</ns3:cad>
          </ns3:TrackPointExtension>
        </extensions>
      </trkpt>
      <trkpt lat="31.9635115005075931549072265625" lon="118.68099954910576343536376953125">
        <ele>13.80000019073486328125</ele>
        <time>2026-08-14T12:10:16.000Z</time>
        <extensions>
          <ns3:TrackPointExtension>
            <ns3:hr>127</ns3:hr>
            <ns3:cad>61</ns3:cad>
          </ns3:TrackPointExtension>
        </extensions>
      </trkpt>
      <trkpt lat="31.963506639003753662109375" lon="118.68101480416953563690185546875">
        <ele>13.80000019073486328125</ele>
        <time>2026-08-14T12:10:17.000Z</time>
        <extensions>
          <ns3:TrackPointExtension>
            <ns3:hr>127</ns3:hr>
            <ns3:cad>60</ns3:cad>
          </ns3:TrackPointExtension>
        </extensions>
      </trkpt>
      <trkpt lat="31.963501609861850738525390625" lon="118.6810304783284664154052734375">
        <ele>14</ele>
        <time>2026-08-14T12:10:18.000Z</time>
        <extensions>
          <ns3:TrackPointExtension>
            <ns3:hr>127</ns3:hr>
            <ns3:cad>60</ns3:cad>
          </ns3:TrackPointExtension>
        </extensions>
      </trkpt>
      <trkpt lat="31.9634972512722015380859375" lon="118.68104615248739719390869140625">
        <ele>14</ele>
        <time>2026-08-14T12:10:19.000Z</time>
        <extensions>
          <ns3:TrackPointExtension>
            <ns3:hr>127</ns3:hr>
            <ns3:cad>60</ns3:cad>
          </ns3:TrackPointExtension>
        </extensions>
      </trkpt>
      <trkpt lat="31.963492222130298614501953125" lon="118.6810619942843914031982421875">
        <ele>14</ele>
        <time>2026-08-14T12:10:20.000Z</time>
        <extensions>
          <ns3:TrackPointExtension>
            <ns3:hr>128</ns3:hr>
            <ns3:cad>60</ns3:cad>
          </ns3:TrackPointExtension>
        </extensions>
      </trkpt>
      <trkpt lat="31.9634873606264591217041015625" lon="118.68107699789106845855712890625">
        <ele>14</ele>
        <time>2026-08-14T12:10:21.000Z</time>
        <extensions>
          <ns3:TrackPointExtension>
            <ns3:hr>127</ns3:hr>
            <ns3:cad>60</ns3:cad>
          </ns3:TrackPointExtension>
        </extensions>
      </trkpt>
      <trkpt lat="31.9634819962084293365478515625" lon="118.681092001497745513916015625">
        <ele>14.19999980926513671875</ele>
        <time>2026-08-14T12:10:22.000Z</time>
        <extensions>
          <ns3:TrackPointExtension>
            <ns3:hr>127</ns3:hr>
            <ns3:cad>60</ns3:cad>
          </ns3:TrackPointExtension>
        </extensions>
      </trkpt>
      <trkpt lat="31.963476128876209259033203125" lon="118.68110750801861286163330078125">
        <ele>14.19999980926513671875</ele>
        <time>2026-08-14T12:10:23.000Z</time>
        <extensions>
          <ns3:TrackPointExtension>
            <ns3:hr>127</ns3:hr>
            <ns3:cad>61</ns3:cad>
          </ns3:TrackPointExtension>
        </extensions>
      </trkpt>
      <trkpt lat="31.96347068063914775848388671875" lon="118.6811223439872264862060546875">
        <ele>14.19999980926513671875</ele>
        <time>2026-08-14T12:10:24.000Z</time>
        <extensions>
          <ns3:TrackPointExtension>
            <ns3:hr>127</ns3:hr>
            <ns3:cad>61</ns3:cad>
          </ns3:TrackPointExtension>
        </extensions>
      </trkpt>
      <trkpt lat="31.96346414275467395782470703125" lon="118.68113969452679157257080078125">
        <ele>14.19999980926513671875</ele>
        <time>2026-08-14T12:10:25.000Z</time>
        <extensions>
          <ns3:TrackPointExtension>
            <ns3:hr>127</ns3:hr>
            <ns3:cad>61</ns3:cad>
          </ns3:TrackPointExtension>
        </extensions>
      </trkpt>
      <trkpt lat="31.96345726959407329559326171875" lon="118.681156374514102935791015625">
        <ele>14.19999980926513671875</ele>
        <time>2026-08-14T12:10:26.000Z</time>
        <extensions>
          <ns3:TrackPointExtension>
            <ns3:hr>127</ns3:hr>
            <ns3:cad>62</ns3:cad>
          </ns3:TrackPointExtension>
        </extensions>
      </trkpt>
      <trkpt lat="31.96345056407153606414794921875" lon="118.68117104284465312957763671875">
        <ele>14.19999980926513671875</ele>
        <time>2026-08-14T12:10:27.000Z</time>
        <extensions>
          <ns3:TrackPointExtension>
            <ns3:hr>127</ns3:hr>
            <ns3:cad>62</ns3:cad>
          </ns3:TrackPointExtension>
        </extensions>
      </trkpt>
      <trkpt lat="31.9634437747299671173095703125" lon="118.68118680082261562347412109375">
        <ele>14.19999980926513671875</ele>
        <time>2026-08-14T12:10:28.000Z</time>
        <extensions>
          <ns3:TrackPointExtension>
            <ns3:hr>127</ns3:hr>
            <ns3:cad>62</ns3:cad>
          </ns3:TrackPointExtension>
        </extensions>
      </trkpt>
      <trkpt lat="31.963437907397747039794921875" lon="118.68120155297219753265380859375">
        <ele>14.19999980926513671875</ele>
        <time>2026-08-14T12:10:29.000Z</time>
        <extensions>
          <ns3:TrackPointExtension>
            <ns3:hr>127</ns3:hr>
            <ns3:cad>62</ns3:cad>
          </ns3:TrackPointExtension>
        </extensions>
      </trkpt>
      <trkpt lat="31.96343346498906612396240234375" lon="118.6812132038176059722900390625">
        <ele>14.19999980926513671875</ele>
        <time>2026-08-14T12:10:30.000Z</time>
        <extensions>
          <ns3:TrackPointExtension>
            <ns3:hr>127</ns3:hr>
            <ns3:cad>62</ns3:cad>
          </ns3:TrackPointExtension>
        </extensions>
      </trkpt>
      <trkpt lat="31.96342776529490947723388671875" lon="118.6812259443104267120361328125">
        <ele>14.19999980926513671875</ele>
        <time>2026-08-14T12:10:31.000Z</time>
        <extensions>
          <ns3:TrackPointExtension>
            <ns3:hr>127</ns3:hr>
            <ns3:cad>61</ns3:cad>
          </ns3:TrackPointExtension>
        </extensions>
      </trkpt>
      <trkpt lat="31.9634203054010868072509765625" lon="118.681239187717437744140625">
        <ele>14.19999980926513671875</ele>
        <time>2026-08-14T12:10:32.000Z</time>
        <extensions>
          <ns3:TrackPointExtension>
            <ns3:hr>127</ns3:hr>
            <ns3:cad>61</ns3:cad>
          </ns3:TrackPointExtension>
        </extensions>
      </trkpt>
      <trkpt lat="31.96341368369758129119873046875" lon="118.68125150911509990692138671875">
        <ele>14.19999980926513671875</ele>
        <time>2026-08-14T12:10:33.000Z</time>
        <extensions>
          <ns3:TrackPointExtension>
            <ns3:hr>127</ns3:hr>
            <ns3:cad>61</ns3:cad>
          </ns3:TrackPointExtension>
        </extensions>
      </trkpt>
      <trkpt lat="31.96340731345117092132568359375" lon="118.6812645010650157928466796875">
        <ele>14.19999980926513671875</ele>
        <time>2026-08-14T12:10:34.000Z</time>
        <extensions>
          <ns3:TrackPointExtension>
            <ns3:hr>127</ns3:hr>
            <ns3:cad>61</ns3:cad>
          </ns3:TrackPointExtension>
        </extensions>
      </trkpt>
      <trkpt lat="31.96340060792863368988037109375" lon="118.68127866648137569427490234375">
        <ele>14.19999980926513671875</ele>
        <time>2026-08-14T12:10:35.000Z</time>
        <extensions>
          <ns3:TrackPointExtension>
            <ns3:hr>127</ns3:hr>
            <ns3:cad>61</ns3:cad>
          </ns3:TrackPointExtension>
        </extensions>
      </trkpt>
      <trkpt lat="31.9633953273296356201171875" lon="118.6812883056700229644775390625">
        <ele>14.19999980926513671875</ele>
        <time>2026-08-14T12:10:36.000Z</time>
        <extensions>
          <ns3:TrackPointExtension>
            <ns3:hr>126</ns3:hr>
            <ns3:cad>61</ns3:cad>
          </ns3:TrackPointExtension>
        </extensions>
      </trkpt>
      <trkpt lat="31.96338937617838382720947265625" lon="118.681299202144145965576171875">
        <ele>14.19999980926513671875</ele>
        <time>2026-08-14T12:10:37.000Z</time>
        <extensions>
          <ns3:TrackPointExtension>
            <ns3:hr>126</ns3:hr>
            <ns3:cad>61</ns3:cad>
          </ns3:TrackPointExtension>
        </extensions>
      </trkpt>
      <trkpt lat="31.9633840955793857574462890625" lon="118.68131638504564762115478515625">
        <ele>14.19999980926513671875</ele>
        <time>2026-08-14T12:10:38.000Z</time>
        <extensions>
          <ns3:TrackPointExtension>
            <ns3:hr>126</ns3:hr>
            <ns3:cad>61</ns3:cad>
          </ns3:TrackPointExtension>
        </extensions>
      </trkpt>
      <trkpt lat="31.963379569351673126220703125" lon="118.6813305504620075225830078125">
        <ele>14.19999980926513671875</ele>
        <time>2026-08-14T12:10:39.000Z</time>
        <extensions>
          <ns3:TrackPointExtension>
            <ns3:hr>126</ns3:hr>
            <ns3:cad>61</ns3:cad>
          </ns3:TrackPointExtension>
        </extensions>
      </trkpt>
      <trkpt lat="31.96337462402880191802978515625" lon="118.68134371004998683929443359375">
        <ele>14.3999996185302734375</ele>
        <time>2026-08-14T12:10:40.000Z</time>
        <extensions>
          <ns3:TrackPointExtension>
            <ns3:hr>126</ns3:hr>
            <ns3:cad>62</ns3:cad>
          </ns3:TrackPointExtension>
        </extensions>
      </trkpt>
      <trkpt lat="31.96336925961077213287353515625" lon="118.68135527707636356353759765625">
        <ele>14.19999980926513671875</ele>
        <time>2026-08-14T12:10:41.000Z</time>
        <extensions>
          <ns3:TrackPointExtension>
            <ns3:hr>125</ns3:hr>
            <ns3:cad>62</ns3:cad>
          </ns3:TrackPointExtension>
        </extensions>
      </trkpt>
      <trkpt lat="31.9633649848401546478271484375" lon="118.681373633444309234619140625">
        <ele>14.19999980926513671875</ele>
        <time>2026-08-14T12:10:42.000Z</time>
        <extensions>
          <ns3:TrackPointExtension>
            <ns3:hr>126</ns3:hr>
            <ns3:cad>62</ns3:cad>
          </ns3:TrackPointExtension>
        </extensions>
      </trkpt>
      <trkpt lat="31.963361464440822601318359375" lon="118.6813885532319545745849609375">
        <ele>14.19999980926513671875</ele>
        <time>2026-08-14T12:10:43.000Z</time>
        <extensions>
          <ns3:TrackPointExtension>
            <ns3:hr>126</ns3:hr>
            <ns3:cad>62</ns3:cad>
          </ns3:TrackPointExtension>
        </extensions>
      </trkpt>
      <trkpt lat="31.963356435298919677734375" lon="118.68140489794313907623291015625">
        <ele>14.19999980926513671875</ele>
        <time>2026-08-14T12:10:44.000Z</time>
        <extensions>
          <ns3:TrackPointExtension>
            <ns3:hr>125</ns3:hr>
            <ns3:cad>62</ns3:cad>
          </ns3:TrackPointExtension>
        </extensions>
      </trkpt>
      <trkpt lat="31.96334981359541416168212890625" lon="118.68142032064497470855712890625">
        <ele>14.19999980926513671875</ele>
        <time>2026-08-14T12:10:45.000Z</time>
        <extensions>
          <ns3:TrackPointExtension>
            <ns3:hr>126</ns3:hr>
            <ns3:cad>62</ns3:cad>
          </ns3:TrackPointExtension>
        </extensions>
      </trkpt>
      <trkpt lat="31.96334302425384521484375" lon="118.6814358271658420562744140625">
        <ele>14.19999980926513671875</ele>
        <time>2026-08-14T12:10:46.000Z</time>
        <extensions>
          <ns3:TrackPointExtension>
            <ns3:hr>126</ns3:hr>
            <ns3:cad>62</ns3:cad>
          </ns3:TrackPointExtension>
        </extensions>
      </trkpt>
      <trkpt lat="31.963335983455181121826171875" lon="118.68145443499088287353515625">
        <ele>14.3999996185302734375</ele>
        <time>2026-08-14T12:10:47.000Z</time>
        <extensions>
          <ns3:TrackPointExtension>
            <ns3:hr>126</ns3:hr>
            <ns3:cad>62</ns3:cad>
          </ns3:TrackPointExtension>
        </extensions>
      </trkpt>
      <trkpt lat="31.9633297808468341827392578125" lon="118.681470192968845367431640625">
        <ele>14.3999996185302734375</ele>
        <time>2026-08-14T12:10:48.000Z</time>
        <extensions>
          <ns3:TrackPointExtension>
            <ns3:hr>126</ns3:hr>
            <ns3:cad>62</ns3:cad>
          </ns3:TrackPointExtension>
        </extensions>
      </trkpt>
      <trkpt lat="31.963324248790740966796875" lon="118.68148662149906158447265625">
        <ele>14.19999980926513671875</ele>
        <time>2026-08-14T12:10:49.000Z</time>
        <extensions>
          <ns3:TrackPointExtension>
            <ns3:hr>126</ns3:hr>
            <ns3:cad>62</ns3:cad>
          </ns3:TrackPointExtension>
        </extensions>
      </trkpt>
      <trkpt lat="31.96331955492496490478515625" lon="118.6815033853054046630859375">
        <ele>14.19999980926513671875</ele>
        <time>2026-08-14T12:10:50.000Z</time>
        <extensions>
          <ns3:TrackPointExtension>
            <ns3:hr>127</ns3:hr>
            <ns3:cad>62</ns3:cad>
          </ns3:TrackPointExtension>
        </extensions>
      </trkpt>
      <trkpt lat="31.96331427432596683502197265625" lon="118.6815183050930500030517578125">
        <ele>14.19999980926513671875</ele>
        <time>2026-08-14T12:10:51.000Z</time>
        <extensions>
          <ns3:TrackPointExtension>
            <ns3:hr>127</ns3:hr>
            <ns3:cad>61</ns3:cad>
          </ns3:TrackPointExtension>
        </extensions>
      </trkpt>
      <trkpt lat="31.96330958046019077301025390625" lon="118.68153280578553676605224609375">
        <ele>14.3999996185302734375</ele>
        <time>2026-08-14T12:10:52.000Z</time>
        <extensions>
          <ns3:TrackPointExtension>
            <ns3:hr>127</ns3:hr>
            <ns3:cad>61</ns3:cad>
          </ns3:TrackPointExtension>
        </extensions>
      </trkpt>
      <trkpt lat="31.9633046351373195648193359375" lon="118.681547641754150390625">
        <ele>14.3999996185302734375</ele>
        <time>2026-08-14T12:10:53.000Z</time>
        <extensions>
          <ns3:TrackPointExtension>
            <ns3:hr>128</ns3:hr>
            <ns3:cad>61</ns3:cad>
          </ns3:TrackPointExtension>
        </extensions>
      </trkpt>
      <trkpt lat="31.9632992707192897796630859375" lon="118.68156264536082744598388671875">
        <ele>14.3999996185302734375</ele>
        <time>2026-08-14T12:10:54.000Z</time>
        <extensions>
          <ns3:TrackPointExtension>
            <ns3:hr>128</ns3:hr>
            <ns3:cad>61</ns3:cad>
          </ns3:TrackPointExtension>
        </extensions>
      </trkpt>
      <trkpt lat="31.96329432539641857147216796875" lon="118.6815776489675045013427734375">
        <ele>14.3999996185302734375</ele>
        <time>2026-08-14T12:10:55.000Z</time>
        <extensions>
          <ns3:TrackPointExtension>
            <ns3:hr>128</ns3:hr>
            <ns3:cad>61</ns3:cad>
          </ns3:TrackPointExtension>
        </extensions>
      </trkpt>
      <trkpt lat="31.96328845806419849395751953125" lon="118.68159390985965728759765625">
        <ele>14.3999996185302734375</ele>
        <time>2026-08-14T12:10:56.000Z</time>
        <extensions>
          <ns3:TrackPointExtension>
            <ns3:hr>128</ns3:hr>
            <ns3:cad>62</ns3:cad>
          </ns3:TrackPointExtension>
        </extensions>
      </trkpt>
      <trkpt lat="31.96328326128423213958740234375" lon="118.6816078238189220428466796875">
        <ele>14.3999996185302734375</ele>
        <time>2026-08-14T12:10:57.000Z</time>
        <extensions>
          <ns3:TrackPointExtension>
            <ns3:hr>128</ns3:hr>
            <ns3:cad>62</ns3:cad>
          </ns3:TrackPointExtension>
        </extensions>
      </trkpt>
      <trkpt lat="31.9632758013904094696044921875" lon="118.6816232465207576751708984375">
        <ele>14.3999996185302734375</ele>
        <time>2026-08-14T12:10:58.000Z</time>
        <extensions>
          <ns3:TrackPointExtension>
            <ns3:hr>127</ns3:hr>
            <ns3:cad>62</ns3:cad>
          </ns3:TrackPointExtension>
        </extensions>
      </trkpt>
      <trkpt lat="31.96326934732496738433837890625" lon="118.68163825012743473052978515625">
        <ele>14.3999996185302734375</ele>
        <time>2026-08-14T12:10:59.000Z</time>
        <extensions>
          <ns3:TrackPointExtension>
            <ns3:hr>128</ns3:hr>
            <ns3:cad>62</ns3:cad>
          </ns3:TrackPointExtension>
        </extensions>
      </trkpt>
      <trkpt lat="31.96326247416436672210693359375" lon="118.681653924286365509033203125">
        <ele>14.3999996185302734375</ele>
        <time>2026-08-14T12:11:00.000Z</time>
        <extensions>
          <ns3:TrackPointExtension>
            <ns3:hr>128</ns3:hr>
            <ns3:cad>62</ns3:cad>
          </ns3:TrackPointExtension>
        </extensions>
      </trkpt>
      <trkpt lat="31.9632556848227977752685546875" lon="118.681668341159820556640625">
        <ele>14.3999996185302734375</ele>
        <time>2026-08-14T12:11:01.000Z</time>
        <extensions>
          <ns3:TrackPointExtension>
            <ns3:hr>129</ns3:hr>
            <ns3:cad>62</ns3:cad>
          </ns3:TrackPointExtension>
        </extensions>
      </trkpt>
      <trkpt lat="31.96324923075735569000244140625" lon="118.68168284185230731964111328125">
        <ele>14.3999996185302734375</ele>
        <time>2026-08-14T12:11:02.000Z</time>
        <extensions>
          <ns3:TrackPointExtension>
            <ns3:hr>128</ns3:hr>
            <ns3:cad>62</ns3:cad>
          </ns3:TrackPointExtension>
        </extensions>
      </trkpt>
      <trkpt lat="31.9632426090538501739501953125" lon="118.68169692344963550567626953125">
        <ele>14.3999996185302734375</ele>
        <time>2026-08-14T12:11:03.000Z</time>
        <extensions>
          <ns3:TrackPointExtension>
            <ns3:hr>128</ns3:hr>
            <ns3:cad>62</ns3:cad>
          </ns3:TrackPointExtension>
        </extensions>
      </trkpt>
      <trkpt lat="31.96323514916002750396728515625" lon="118.68171058595180511474609375">
        <ele>14.3999996185302734375</ele>
        <time>2026-08-14T12:11:04.000Z</time>
        <extensions>
          <ns3:TrackPointExtension>
            <ns3:hr>128</ns3:hr>
            <ns3:cad>62</ns3:cad>
          </ns3:TrackPointExtension>
        </extensions>
      </trkpt>
      <trkpt lat="31.96322659961879253387451171875" lon="118.68172273971140384674072265625">
        <ele>14.3999996185302734375</ele>
        <time>2026-08-14T12:11:05.000Z</time>
        <extensions>
          <ns3:TrackPointExtension>
            <ns3:hr>128</ns3:hr>
            <ns3:cad>62</ns3:cad>
          </ns3:TrackPointExtension>
        </extensions>
      </trkpt>
      <trkpt lat="31.96321872062981128692626953125" lon="118.68173581548035144805908203125">
        <ele>14.3999996185302734375</ele>
        <time>2026-08-14T12:11:06.000Z</time>
        <extensions>
          <ns3:TrackPointExtension>
            <ns3:hr>127</ns3:hr>
            <ns3:cad>62</ns3:cad>
          </ns3:TrackPointExtension>
        </extensions>
      </trkpt>
      <trkpt lat="31.96321100927889347076416015625" lon="118.68174947798252105712890625">
        <ele>14.6000003814697265625</ele>
        <time>2026-08-14T12:11:07.000Z</time>
        <extensions>
          <ns3:TrackPointExtension>
            <ns3:hr>126</ns3:hr>
            <ns3:cad>62</ns3:cad>
          </ns3:TrackPointExtension>
        </extensions>
      </trkpt>
      <trkpt lat="31.96320480667054653167724609375" lon="118.68176154792308807373046875">
        <ele>14.6000003814697265625</ele>
        <time>2026-08-14T12:11:08.000Z</time>
        <extensions>
          <ns3:TrackPointExtension>
            <ns3:hr>126</ns3:hr>
            <ns3:cad>62</ns3:cad>
          </ns3:TrackPointExtension>
        </extensions>
      </trkpt>
      <trkpt lat="31.96319751441478729248046875" lon="118.68177722208201885223388671875">
        <ele>14.6000003814697265625</ele>
        <time>2026-08-14T12:11:09.000Z</time>
        <extensions>
          <ns3:TrackPointExtension>
            <ns3:hr>126</ns3:hr>
            <ns3:cad>62</ns3:cad>
          </ns3:TrackPointExtension>
        </extensions>
      </trkpt>
      <trkpt lat="31.96318946778774261474609375" lon="118.68179415352642536163330078125">
        <ele>14.6000003814697265625</ele>
        <time>2026-08-14T12:11:10.000Z</time>
        <extensions>
          <ns3:TrackPointExtension>
            <ns3:hr>126</ns3:hr>
            <ns3:cad>62</ns3:cad>
          </ns3:TrackPointExtension>
        </extensions>
      </trkpt>
      <trkpt lat="31.96318209171295166015625" lon="118.68180982768535614013671875">
        <ele>14.3999996185302734375</ele>
        <time>2026-08-14T12:11:11.000Z</time>
        <extensions>
          <ns3:TrackPointExtension>
            <ns3:hr>126</ns3:hr>
            <ns3:cad>62</ns3:cad>
          </ns3:TrackPointExtension>
        </extensions>
      </trkpt>
      <trkpt lat="31.96317530237138271331787109375" lon="118.68182499893009662628173828125">
        <ele>14.3999996185302734375</ele>
        <time>2026-08-14T12:11:12.000Z</time>
        <extensions>
          <ns3:TrackPointExtension>
            <ns3:hr>126</ns3:hr>
            <ns3:cad>62</ns3:cad>
          </ns3:TrackPointExtension>
        </extensions>
      </trkpt>
      <trkpt lat="31.96317044086754322052001953125" lon="118.6818398348987102508544921875">
        <ele>14.3999996185302734375</ele>
        <time>2026-08-14T12:11:13.000Z</time>
        <extensions>
          <ns3:TrackPointExtension>
            <ns3:hr>126</ns3:hr>
            <ns3:cad>62</ns3:cad>
          </ns3:TrackPointExtension>
        </extensions>
      </trkpt>
      <trkpt lat="31.96316457353532314300537109375" lon="118.6818529106676578521728515625">
        <ele>14.3999996185302734375</ele>
        <time>2026-08-14T12:11:14.000Z</time>
        <extensions>
          <ns3:TrackPointExtension>
            <ns3:hr>126</ns3:hr>
            <ns3:cad>62</ns3:cad>
          </ns3:TrackPointExtension>
        </extensions>
      </trkpt>
      <trkpt lat="31.96315862238407135009765625" lon="118.6818653158843517303466796875">
        <ele>14.3999996185302734375</ele>
        <time>2026-08-14T12:11:15.000Z</time>
        <extensions>
          <ns3:TrackPointExtension>
            <ns3:hr>125</ns3:hr>
            <ns3:cad>62</ns3:cad>
          </ns3:TrackPointExtension>
        </extensions>
      </trkpt>
      <trkpt lat="31.9631539285182952880859375" lon="118.68187914602458477020263671875">
        <ele>14.3999996185302734375</ele>
        <time>2026-08-14T12:11:16.000Z</time>
        <extensions>
          <ns3:TrackPointExtension>
            <ns3:hr>125</ns3:hr>
            <ns3:cad>62</ns3:cad>
          </ns3:TrackPointExtension>
        </extensions>
      </trkpt>
      <trkpt lat="31.96314998902380466461181640625" lon="118.68189473636448383331298828125">
        <ele>14.6000003814697265625</ele>
        <time>2026-08-14T12:11:17.000Z</time>
        <extensions>
          <ns3:TrackPointExtension>
            <ns3:hr>125</ns3:hr>
            <ns3:cad>62</ns3:cad>
          </ns3:TrackPointExtension>
        </extensions>
      </trkpt>
      <trkpt lat="31.96314713917672634124755859375" lon="118.68190705776214599609375">
        <ele>14.6000003814697265625</ele>
        <time>2026-08-14T12:11:18.000Z</time>
        <extensions>
          <ns3:TrackPointExtension>
            <ns3:hr>124</ns3:hr>
            <ns3:cad>62</ns3:cad>
          </ns3:TrackPointExtension>
        </extensions>
      </trkpt>
      <trkpt lat="31.963142193853855133056640625" lon="118.6819209717214107513427734375">
        <ele>14.6000003814697265625</ele>
        <time>2026-08-14T12:11:19.000Z</time>
        <extensions>
          <ns3:TrackPointExtension>
            <ns3:hr>124</ns3:hr>
            <ns3:cad>62</ns3:cad>
          </ns3:TrackPointExtension>
        </extensions>
      </trkpt>
      <trkpt lat="31.96313641034066677093505859375" lon="118.681936226785182952880859375">
        <ele>14.6000003814697265625</ele>
        <time>2026-08-14T12:11:20.000Z</time>
        <extensions>
          <ns3:TrackPointExtension>
            <ns3:hr>124</ns3:hr>
            <ns3:cad>62</ns3:cad>
          </ns3:TrackPointExtension>
        </extensions>
      </trkpt>
      <trkpt lat="31.9631299562752246856689453125" lon="118.68195441551506519317626953125">
        <ele>14.6000003814697265625</ele>
        <time>2026-08-14T12:11:21.000Z</time>
        <extensions>
          <ns3:TrackPointExtension>
            <ns3:hr>124</ns3:hr>
            <ns3:cad>62</ns3:cad>
          </ns3:TrackPointExtension>
        </extensions>
      </trkpt>
      <trkpt lat="31.9631239213049411773681640625" lon="118.68197076022624969482421875">
        <ele>14.6000003814697265625</ele>
        <time>2026-08-14T12:11:22.000Z</time>
        <extensions>
          <ns3:TrackPointExtension>
            <ns3:hr>124</ns3:hr>
            <ns3:cad>62</ns3:cad>
          </ns3:TrackPointExtension>
        </extensions>
      </trkpt>
      <trkpt lat="31.9631185568869113922119140625" lon="118.68198509328067302703857421875">
        <ele>14.6000003814697265625</ele>
        <time>2026-08-14T12:11:23.000Z</time>
        <extensions>
          <ns3:TrackPointExtension>
            <ns3:hr>123</ns3:hr>
            <ns3:cad>61</ns3:cad>
          </ns3:TrackPointExtension>
        </extensions>
      </trkpt>
      <trkpt lat="31.96311277337372303009033203125" lon="118.681999929249286651611328125">
        <ele>14.6000003814697265625</ele>
        <time>2026-08-14T12:11:24.000Z</time>
        <extensions>
          <ns3:TrackPointExtension>
            <ns3:hr>124</ns3:hr>
            <ns3:cad>61</ns3:cad>
          </ns3:TrackPointExtension>
        </extensions>
      </trkpt>
      <trkpt lat="31.96310891769826412200927734375" lon="118.68201778270304203033447265625">
        <ele>14.6000003814697265625</ele>
        <time>2026-08-14T12:11:25.000Z</time>
        <extensions>
          <ns3:TrackPointExtension>
            <ns3:hr>124</ns3:hr>
            <ns3:cad>61</ns3:cad>
          </ns3:TrackPointExtension>
        </extensions>
      </trkpt>
      <trkpt lat="31.963104307651519775390625" lon="118.68203270249068737030029296875">
        <ele>14.6000003814697265625</ele>
        <time>2026-08-14T12:11:26.000Z</time>
        <extensions>
          <ns3:TrackPointExtension>
            <ns3:hr>123</ns3:hr>
            <ns3:cad>61</ns3:cad>
          </ns3:TrackPointExtension>
        </extensions>
      </trkpt>
      <trkpt lat="31.963099949061870574951171875" lon="118.6820497177541255950927734375">
        <ele>14.6000003814697265625</ele>
        <time>2026-08-14T12:11:27.000Z</time>
        <extensions>
          <ns3:TrackPointExtension>
            <ns3:hr>124</ns3:hr>
            <ns3:cad>61</ns3:cad>
          </ns3:TrackPointExtension>
        </extensions>
      </trkpt>
      <trkpt lat="31.96309483610093593597412109375" lon="118.68206572718918323516845703125">
        <ele>14.6000003814697265625</ele>
        <time>2026-08-14T12:11:28.000Z</time>
        <extensions>
          <ns3:TrackPointExtension>
            <ns3:hr>125</ns3:hr>
            <ns3:cad>61</ns3:cad>
          </ns3:TrackPointExtension>
        </extensions>
      </trkpt>
      <trkpt lat="31.963089890778064727783203125" lon="118.682081736624240875244140625">
        <ele>14.6000003814697265625</ele>
        <time>2026-08-14T12:11:29.000Z</time>
        <extensions>
          <ns3:TrackPointExtension>
            <ns3:hr>125</ns3:hr>
            <ns3:cad>61</ns3:cad>
          </ns3:TrackPointExtension>
        </extensions>
      </trkpt>
      <trkpt lat="31.96308477781713008880615234375" lon="118.68209757842123508453369140625">
        <ele>14.6000003814697265625</ele>
        <time>2026-08-14T12:11:30.000Z</time>
        <extensions>
          <ns3:TrackPointExtension>
            <ns3:hr>125</ns3:hr>
            <ns3:cad>61</ns3:cad>
          </ns3:TrackPointExtension>
        </extensions>
      </trkpt>
      <trkpt lat="31.96308176033198833465576171875" lon="118.68211132474243640899658203125">
        <ele>14.6000003814697265625</ele>
        <time>2026-08-14T12:11:31.000Z</time>
        <extensions>
          <ns3:TrackPointExtension>
            <ns3:hr>125</ns3:hr>
            <ns3:cad>61</ns3:cad>
          </ns3:TrackPointExtension>
        </extensions>
      </trkpt>
      <trkpt lat="31.96307790465652942657470703125" lon="118.68212406523525714874267578125">
        <ele>14.6000003814697265625</ele>
        <time>2026-08-14T12:11:32.000Z</time>
        <extensions>
          <ns3:TrackPointExtension>
            <ns3:hr>125</ns3:hr>
            <ns3:cad>61</ns3:cad>
          </ns3:TrackPointExtension>
        </extensions>
      </trkpt>
      <trkpt lat="31.96307404898107051849365234375" lon="118.6821372248232364654541015625">
        <ele>14.6000003814697265625</ele>
        <time>2026-08-14T12:11:33.000Z</time>
        <extensions>
          <ns3:TrackPointExtension>
            <ns3:hr>125</ns3:hr>
            <ns3:cad>61</ns3:cad>
          </ns3:TrackPointExtension>
        </extensions>
      </trkpt>
      <trkpt lat="31.96306918747723102569580078125" lon="118.6821519769728183746337890625">
        <ele>14.6000003814697265625</ele>
        <time>2026-08-14T12:11:34.000Z</time>
        <extensions>
          <ns3:TrackPointExtension>
            <ns3:hr>126</ns3:hr>
            <ns3:cad>61</ns3:cad>
          </ns3:TrackPointExtension>
        </extensions>
      </trkpt>
      <trkpt lat="31.963063739240169525146484375" lon="118.68216949515044689178466796875">
        <ele>14.80000019073486328125</ele>
        <time>2026-08-14T12:11:35.000Z</time>
        <extensions>
          <ns3:TrackPointExtension>
            <ns3:hr>126</ns3:hr>
            <ns3:cad>61</ns3:cad>
          </ns3:TrackPointExtension>
        </extensions>
      </trkpt>
      <trkpt lat="31.96305879391729831695556640625" lon="118.68218391202390193939208984375">
        <ele>14.80000019073486328125</ele>
        <time>2026-08-14T12:11:36.000Z</time>
        <extensions>
          <ns3:TrackPointExtension>
            <ns3:hr>126</ns3:hr>
            <ns3:cad>61</ns3:cad>
          </ns3:TrackPointExtension>
        </extensions>
      </trkpt>
      <trkpt lat="31.96305527351796627044677734375" lon="118.6821992509067058563232421875">
        <ele>14.80000019073486328125</ele>
        <time>2026-08-14T12:11:37.000Z</time>
        <extensions>
          <ns3:TrackPointExtension>
            <ns3:hr>125</ns3:hr>
            <ns3:cad>61</ns3:cad>
          </ns3:TrackPointExtension>
        </extensions>
      </trkpt>
      <trkpt lat="31.96305108256638050079345703125" lon="118.68221207521855831146240234375">
        <ele>14.80000019073486328125</ele>
        <time>2026-08-14T12:11:38.000Z</time>
        <extensions>
          <ns3:TrackPointExtension>
            <ns3:hr>125</ns3:hr>
            <ns3:cad>61</ns3:cad>
          </ns3:TrackPointExtension>
        </extensions>
      </trkpt>
      <trkpt lat="31.963045299053192138671875" lon="118.6822250671684741973876953125">
        <ele>14.80000019073486328125</ele>
        <time>2026-08-14T12:11:39.000Z</time>
        <extensions>
          <ns3:TrackPointExtension>
            <ns3:hr>124</ns3:hr>
            <ns3:cad>61</ns3:cad>
          </ns3:TrackPointExtension>
        </extensions>
      </trkpt>
      <trkpt lat="31.96303951554000377655029296875" lon="118.6822371371090412139892578125">
        <ele>14.80000019073486328125</ele>
        <time>2026-08-14T12:11:40.000Z</time>
        <extensions>
          <ns3:TrackPointExtension>
            <ns3:hr>124</ns3:hr>
            <ns3:cad>61</ns3:cad>
          </ns3:TrackPointExtension>
        </extensions>
      </trkpt>
      <trkpt lat="31.963033564388751983642578125" lon="118.682253062725067138671875">
        <ele>14.80000019073486328125</ele>
        <time>2026-08-14T12:11:41.000Z</time>
        <extensions>
          <ns3:TrackPointExtension>
            <ns3:hr>124</ns3:hr>
            <ns3:cad>61</ns3:cad>
          </ns3:TrackPointExtension>
        </extensions>
      </trkpt>
      <trkpt lat="31.96302593685686588287353515625" lon="118.6822693236172199249267578125">
        <ele>14.80000019073486328125</ele>
        <time>2026-08-14T12:11:42.000Z</time>
        <extensions>
          <ns3:TrackPointExtension>
            <ns3:hr>124</ns3:hr>
            <ns3:cad>61</ns3:cad>
          </ns3:TrackPointExtension>
        </extensions>
      </trkpt>
      <trkpt lat="31.9630196504294872283935546875" lon="118.6822884343564510345458984375">
        <ele>14.80000019073486328125</ele>
        <time>2026-08-14T12:11:43.000Z</time>
        <extensions>
          <ns3:TrackPointExtension>
            <ns3:hr>124</ns3:hr>
            <ns3:cad>61</ns3:cad>
          </ns3:TrackPointExtension>
        </extensions>
      </trkpt>
      <trkpt lat="31.96301369927823543548583984375" lon="118.68230469524860382080078125">
        <ele>14.80000019073486328125</ele>
        <time>2026-08-14T12:11:44.000Z</time>
        <extensions>
          <ns3:TrackPointExtension>
            <ns3:hr>124</ns3:hr>
            <ns3:cad>60</ns3:cad>
          </ns3:TrackPointExtension>
        </extensions>
      </trkpt>
      <trkpt lat="31.96300816722214221954345703125" lon="118.6823209561407566070556640625">
        <ele>15</ele>
        <time>2026-08-14T12:11:45.000Z</time>
        <extensions>
          <ns3:TrackPointExtension>
            <ns3:hr>124</ns3:hr>
            <ns3:cad>60</ns3:cad>
          </ns3:TrackPointExtension>
        </extensions>
      </trkpt>
      <trkpt lat="31.96300297044217586517333984375" lon="118.68233688175678253173828125">
        <ele>15</ele>
        <time>2026-08-14T12:11:46.000Z</time>
        <extensions>
          <ns3:TrackPointExtension>
            <ns3:hr>124</ns3:hr>
            <ns3:cad>60</ns3:cad>
          </ns3:TrackPointExtension>
        </extensions>
      </trkpt>
      <trkpt lat="31.96299634873867034912109375" lon="118.682353310286998748779296875">
        <ele>15</ele>
        <time>2026-08-14T12:11:47.000Z</time>
        <extensions>
          <ns3:TrackPointExtension>
            <ns3:hr>124</ns3:hr>
            <ns3:cad>60</ns3:cad>
          </ns3:TrackPointExtension>
        </extensions>
      </trkpt>
      <trkpt lat="31.96298955939710140228271484375" lon="118.68236982263624668121337890625">
        <ele>14.80000019073486328125</ele>
        <time>2026-08-14T12:11:48.000Z</time>
        <extensions>
          <ns3:TrackPointExtension>
            <ns3:hr>124</ns3:hr>
            <ns3:cad>60</ns3:cad>
          </ns3:TrackPointExtension>
        </extensions>
      </trkpt>
      <trkpt lat="31.9629831053316593170166015625" lon="118.6823853291571140289306640625">
        <ele>14.80000019073486328125</ele>
        <time>2026-08-14T12:11:49.000Z</time>
        <extensions>
          <ns3:TrackPointExtension>
            <ns3:hr>124</ns3:hr>
            <ns3:cad>60</ns3:cad>
          </ns3:TrackPointExtension>
        </extensions>
      </trkpt>
      <trkpt lat="31.9629774056375026702880859375" lon="118.68240058422088623046875">
        <ele>14.80000019073486328125</ele>
        <time>2026-08-14T12:11:50.000Z</time>
        <extensions>
          <ns3:TrackPointExtension>
            <ns3:hr>124</ns3:hr>
            <ns3:cad>61</ns3:cad>
          </ns3:TrackPointExtension>
        </extensions>
      </trkpt>
      <trkpt lat="31.96297078393399715423583984375" lon="118.68241441436111927032470703125">
        <ele>15</ele>
        <time>2026-08-14T12:11:51.000Z</time>
        <extensions>
          <ns3:TrackPointExtension>
            <ns3:hr>124</ns3:hr>
            <ns3:cad>61</ns3:cad>
          </ns3:TrackPointExtension>
        </extensions>
      </trkpt>
      <trkpt lat="31.96296458132565021514892578125" lon="118.68242765776813030242919921875">
        <ele>15</ele>
        <time>2026-08-14T12:11:52.000Z</time>
        <extensions>
          <ns3:TrackPointExtension>
            <ns3:hr>124</ns3:hr>
            <ns3:cad>61</ns3:cad>
          </ns3:TrackPointExtension>
        </extensions>
      </trkpt>
      <trkpt lat="31.96295955218374729156494140625" lon="118.68244207464158535003662109375">
        <ele>15</ele>
        <time>2026-08-14T12:11:53.000Z</time>
        <extensions>
          <ns3:TrackPointExtension>
            <ns3:hr>124</ns3:hr>
            <ns3:cad>62</ns3:cad>
          </ns3:TrackPointExtension>
        </extensions>
      </trkpt>
      <trkpt lat="31.962954439222812652587890625" lon="118.68245892226696014404296875">
        <ele>15</ele>
        <time>2026-08-14T12:11:54.000Z</time>
        <extensions>
          <ns3:TrackPointExtension>
            <ns3:hr>124</ns3:hr>
            <ns3:cad>62</ns3:cad>
          </ns3:TrackPointExtension>
        </extensions>
      </trkpt>
      <trkpt lat="31.9629502482712268829345703125" lon="118.6824741773307323455810546875">
        <ele>15</ele>
        <time>2026-08-14T12:11:55.000Z</time>
        <extensions>
          <ns3:TrackPointExtension>
            <ns3:hr>124</ns3:hr>
            <ns3:cad>62</ns3:cad>
          </ns3:TrackPointExtension>
        </extensions>
      </trkpt>
      <trkpt lat="31.962944380939006805419921875" lon="118.6824904382228851318359375">
        <ele>14.80000019073486328125</ele>
        <time>2026-08-14T12:11:56.000Z</time>
        <extensions>
          <ns3:TrackPointExtension>
            <ns3:hr>124</ns3:hr>
            <ns3:cad>62</ns3:cad>
          </ns3:TrackPointExtension>
        </extensions>
      </trkpt>
      <trkpt lat="31.9629398547112941741943359375" lon="118.68250728584825992584228515625">
        <ele>14.80000019073486328125</ele>
        <time>2026-08-14T12:11:57.000Z</time>
        <extensions>
          <ns3:TrackPointExtension>
            <ns3:hr>125</ns3:hr>
            <ns3:cad>62</ns3:cad>
          </ns3:TrackPointExtension>
        </extensions>
      </trkpt>
      <trkpt lat="31.96293591521680355072021484375" lon="118.68252371437847614288330078125">
        <ele>14.80000019073486328125</ele>
        <time>2026-08-14T12:11:58.000Z</time>
        <extensions>
          <ns3:TrackPointExtension>
            <ns3:hr>124</ns3:hr>
            <ns3:cad>62</ns3:cad>
          </ns3:TrackPointExtension>
        </extensions>
      </trkpt>
      <trkpt lat="31.96293021552264690399169921875" lon="118.68253712542355060577392578125">
        <ele>14.80000019073486328125</ele>
        <time>2026-08-14T12:11:59.000Z</time>
        <extensions>
          <ns3:TrackPointExtension>
            <ns3:hr>124</ns3:hr>
            <ns3:cad>62</ns3:cad>
          </ns3:TrackPointExtension>
        </extensions>
      </trkpt>
      <trkpt lat="31.96292418055236339569091796875" lon="118.6825509555637836456298828125">
        <ele>14.80000019073486328125</ele>
        <time>2026-08-14T12:12:00.000Z</time>
        <extensions>
          <ns3:TrackPointExtension>
            <ns3:hr>124</ns3:hr>
            <ns3:cad>61</ns3:cad>
          </ns3:TrackPointExtension>
        </extensions>
      </trkpt>
      <trkpt lat="31.962918229401111602783203125" lon="118.68256629444658756256103515625">
        <ele>15</ele>
        <time>2026-08-14T12:12:01.000Z</time>
        <extensions>
          <ns3:TrackPointExtension>
            <ns3:hr>125</ns3:hr>
            <ns3:cad>61</ns3:cad>
          </ns3:TrackPointExtension>
        </extensions>
      </trkpt>
      <trkpt lat="31.962914206087589263916015625" lon="118.68257920257747173309326171875">
        <ele>15</ele>
        <time>2026-08-14T12:12:02.000Z</time>
        <extensions>
          <ns3:TrackPointExtension>
            <ns3:hr>124</ns3:hr>
            <ns3:cad>61</ns3:cad>
          </ns3:TrackPointExtension>
        </extensions>
      </trkpt>
      <trkpt lat="31.962910182774066925048828125" lon="118.6825932003557682037353515625">
        <ele>15.19999980926513671875</ele>
        <time>2026-08-14T12:12:03.000Z</time>
        <extensions>
          <ns3:TrackPointExtension>
            <ns3:hr>125</ns3:hr>
            <ns3:cad>61</ns3:cad>
          </ns3:TrackPointExtension>
        </extensions>
      </trkpt>
      <trkpt lat="31.96290515363216400146484375" lon="118.68260786868631839752197265625">
        <ele>15.19999980926513671875</ele>
        <time>2026-08-14T12:12:04.000Z</time>
        <extensions>
          <ns3:TrackPointExtension>
            <ns3:hr>125</ns3:hr>
            <ns3:cad>61</ns3:cad>
          </ns3:TrackPointExtension>
        </extensions>
      </trkpt>
      <trkpt lat="31.9629009626805782318115234375" lon="118.6826227046549320220947265625">
        <ele>15.19999980926513671875</ele>
        <time>2026-08-14T12:12:05.000Z</time>
        <extensions>
          <ns3:TrackPointExtension>
            <ns3:hr>125</ns3:hr>
            <ns3:cad>61</ns3:cad>
          </ns3:TrackPointExtension>
        </extensions>
      </trkpt>
      <trkpt lat="31.96289484389126300811767578125" lon="118.68264072574675083160400390625">
        <ele>15.19999980926513671875</ele>
        <time>2026-08-14T12:12:06.000Z</time>
        <extensions>
          <ns3:TrackPointExtension>
            <ns3:hr>125</ns3:hr>
            <ns3:cad>61</ns3:cad>
          </ns3:TrackPointExtension>
        </extensions>
      </trkpt>
      <trkpt lat="31.962889730930328369140625" lon="118.68265631608664989471435546875">
        <ele>15.19999980926513671875</ele>
        <time>2026-08-14T12:12:07.000Z</time>
        <extensions>
          <ns3:TrackPointExtension>
            <ns3:hr>125</ns3:hr>
            <ns3:cad>61</ns3:cad>
          </ns3:TrackPointExtension>
        </extensions>
      </trkpt>
      <trkpt lat="31.962884031236171722412109375" lon="118.682673834264278411865234375">
        <ele>15</ele>
        <time>2026-08-14T12:12:08.000Z</time>
        <extensions>
          <ns3:TrackPointExtension>
            <ns3:hr>126</ns3:hr>
            <ns3:cad>61</ns3:cad>
          </ns3:TrackPointExtension>
        </extensions>
      </trkpt>
      <trkpt lat="31.9628803431987762451171875" lon="118.6826864071190357208251953125">
        <ele>15</ele>
        <time>2026-08-14T12:12:09.000Z</time>
        <extensions>
          <ns3:TrackPointExtension>
            <ns3:hr>126</ns3:hr>
            <ns3:cad>61</ns3:cad>
          </ns3:TrackPointExtension>
        </extensions>
      </trkpt>
      <trkpt lat="31.962875984609127044677734375" lon="118.68270174600183963775634765625">
        <ele>15</ele>
        <time>2026-08-14T12:12:10.000Z</time>
        <extensions>
          <ns3:TrackPointExtension>
            <ns3:hr>126</ns3:hr>
            <ns3:cad>61</ns3:cad>
          </ns3:TrackPointExtension>
        </extensions>
      </trkpt>
      <trkpt lat="31.962871961295604705810546875" lon="118.68271775543689727783203125">
        <ele>15</ele>
        <time>2026-08-14T12:12:11.000Z</time>
        <extensions>
          <ns3:TrackPointExtension>
            <ns3:hr>126</ns3:hr>
            <ns3:cad>61</ns3:cad>
          </ns3:TrackPointExtension>
        </extensions>
      </trkpt>
      <trkpt lat="31.96286785416305065155029296875" lon="118.682732172310352325439453125">
        <ele>15</ele>
        <time>2026-08-14T12:12:12.000Z</time>
        <extensions>
          <ns3:TrackPointExtension>
            <ns3:hr>125</ns3:hr>
            <ns3:cad>61</ns3:cad>
          </ns3:TrackPointExtension>
        </extensions>
      </trkpt>
      <trkpt lat="31.96286181919276714324951171875" lon="118.68274566717445850372314453125">
        <ele>15</ele>
        <time>2026-08-14T12:12:13.000Z</time>
        <extensions>
          <ns3:TrackPointExtension>
            <ns3:hr>126</ns3:hr>
            <ns3:cad>62</ns3:cad>
          </ns3:TrackPointExtension>
        </extensions>
      </trkpt>
      <trkpt lat="31.96285762824118137359619140625" lon="118.6827564798295497894287109375">
        <ele>15</ele>
        <time>2026-08-14T12:12:14.000Z</time>
        <extensions>
          <ns3:TrackPointExtension>
            <ns3:hr>126</ns3:hr>
            <ns3:cad>62</ns3:cad>
          </ns3:TrackPointExtension>
        </extensions>
      </trkpt>
      <trkpt lat="31.96285326965153217315673828125" lon="118.6827675439417362213134765625">
        <ele>15</ele>
        <time>2026-08-14T12:12:15.000Z</time>
        <extensions>
          <ns3:TrackPointExtension>
            <ns3:hr>126</ns3:hr>
            <ns3:cad>62</ns3:cad>
          </ns3:TrackPointExtension>
        </extensions>
      </trkpt>
      <trkpt lat="31.96284874342381954193115234375" lon="118.68278187699615955352783203125">
        <ele>15</ele>
        <time>2026-08-14T12:12:16.000Z</time>
        <extensions>
          <ns3:TrackPointExtension>
            <ns3:hr>126</ns3:hr>
            <ns3:cad>62</ns3:cad>
          </ns3:TrackPointExtension>
        </extensions>
      </trkpt>
      <trkpt lat="31.96284421719610691070556640625" lon="118.68279595859348773956298828125">
        <ele>15</ele>
        <time>2026-08-14T12:12:17.000Z</time>
        <extensions>
          <ns3:TrackPointExtension>
            <ns3:hr>126</ns3:hr>
            <ns3:cad>61</ns3:cad>
          </ns3:TrackPointExtension>
        </extensions>
      </trkpt>
      <trkpt lat="31.96283935569226741790771484375" lon="118.682808615267276763916015625">
        <ele>15</ele>
        <time>2026-08-14T12:12:18.000Z</time>
        <extensions>
          <ns3:TrackPointExtension>
            <ns3:hr>125</ns3:hr>
            <ns3:cad>61</ns3:cad>
          </ns3:TrackPointExtension>
        </extensions>
      </trkpt>
      <trkpt lat="31.96283600293099880218505859375" lon="118.682821691036224365234375">
        <ele>14.80000019073486328125</ele>
        <time>2026-08-14T12:12:19.000Z</time>
        <extensions>
          <ns3:TrackPointExtension>
            <ns3:hr>126</ns3:hr>
            <ns3:cad>61</ns3:cad>
          </ns3:TrackPointExtension>
        </extensions>
      </trkpt>
      <trkpt lat="31.96283030323684215545654296875" lon="118.68283619172871112823486328125">
        <ele>14.80000019073486328125</ele>
        <time>2026-08-14T12:12:20.000Z</time>
        <extensions>
          <ns3:TrackPointExtension>
            <ns3:hr>126</ns3:hr>
            <ns3:cad>60</ns3:cad>
          </ns3:TrackPointExtension>
        </extensions>
      </trkpt>
      <trkpt lat="31.962825357913970947265625" lon="118.682850189507007598876953125">
        <ele>14.80000019073486328125</ele>
        <time>2026-08-14T12:12:21.000Z</time>
        <extensions>
          <ns3:TrackPointExtension>
            <ns3:hr>125</ns3:hr>
            <ns3:cad>60</ns3:cad>
          </ns3:TrackPointExtension>
        </extensions>
      </trkpt>
      <trkpt lat="31.96282058022916316986083984375" lon="118.6828632652759552001953125">
        <ele>14.80000019073486328125</ele>
        <time>2026-08-14T12:12:22.000Z</time>
        <extensions>
          <ns3:TrackPointExtension>
            <ns3:hr>125</ns3:hr>
            <ns3:cad>60</ns3:cad>
          </ns3:TrackPointExtension>
        </extensions>
      </trkpt>
      <trkpt lat="31.9628159701824188232421875" lon="118.68287625722587108612060546875">
        <ele>14.80000019073486328125</ele>
        <time>2026-08-14T12:12:23.000Z</time>
        <extensions>
          <ns3:TrackPointExtension>
            <ns3:hr>124</ns3:hr>
            <ns3:cad>60</ns3:cad>
          </ns3:TrackPointExtension>
        </extensions>
      </trkpt>
      <trkpt lat="31.96281127631664276123046875" lon="118.68288950063288211822509765625">
        <ele>14.80000019073486328125</ele>
        <time>2026-08-14T12:12:24.000Z</time>
        <extensions>
          <ns3:TrackPointExtension>
            <ns3:hr>123</ns3:hr>
            <ns3:cad>59</ns3:cad>
          </ns3:TrackPointExtension>
        </extensions>
      </trkpt>
      <trkpt lat="31.96280649863183498382568359375" lon="118.6829034984111785888671875">
        <ele>14.80000019073486328125</ele>
        <time>2026-08-14T12:12:25.000Z</time>
        <extensions>
          <ns3:TrackPointExtension>
            <ns3:hr>122</ns3:hr>
            <ns3:cad>59</ns3:cad>
          </ns3:TrackPointExtension>
        </extensions>
      </trkpt>
      <trkpt lat="31.96280180476605892181396484375" lon="118.682917915284633636474609375">
        <ele>14.80000019073486328125</ele>
        <time>2026-08-14T12:12:26.000Z</time>
        <extensions>
          <ns3:TrackPointExtension>
            <ns3:hr>122</ns3:hr>
            <ns3:cad>59</ns3:cad>
          </ns3:TrackPointExtension>
        </extensions>
      </trkpt>
      <trkpt lat="31.96279711090028285980224609375" lon="118.682931326329708099365234375">
        <ele>14.80000019073486328125</ele>
        <time>2026-08-14T12:12:27.000Z</time>
        <extensions>
          <ns3:TrackPointExtension>
            <ns3:hr>121</ns3:hr>
            <ns3:cad>59</ns3:cad>
          </ns3:TrackPointExtension>
        </extensions>
      </trkpt>
      <trkpt lat="31.96279275231063365936279296875" lon="118.68294440209865570068359375">
        <ele>14.80000019073486328125</ele>
        <time>2026-08-14T12:12:28.000Z</time>
        <extensions>
          <ns3:TrackPointExtension>
            <ns3:hr>120</ns3:hr>
            <ns3:cad>60</ns3:cad>
          </ns3:TrackPointExtension>
        </extensions>
      </trkpt>
      <trkpt lat="31.96278981864452362060546875" lon="118.6829573102295398712158203125">
        <ele>14.80000019073486328125</ele>
        <time>2026-08-14T12:12:29.000Z</time>
        <extensions>
          <ns3:TrackPointExtension>
            <ns3:hr>120</ns3:hr>
            <ns3:cad>60</ns3:cad>
          </ns3:TrackPointExtension>
        </extensions>
      </trkpt>
      <trkpt lat="31.962787471711635589599609375" lon="118.6829700507223606109619140625">
        <ele>15</ele>
        <time>2026-08-14T12:12:30.000Z</time>
        <extensions>
          <ns3:TrackPointExtension>
            <ns3:hr>120</ns3:hr>
            <ns3:cad>60</ns3:cad>
          </ns3:TrackPointExtension>
        </extensions>
      </trkpt>
      <trkpt lat="31.9627819396555423736572265625" lon="118.6829848028719425201416015625">
        <ele>15</ele>
        <time>2026-08-14T12:12:31.000Z</time>
        <extensions>
          <ns3:TrackPointExtension>
            <ns3:hr>120</ns3:hr>
            <ns3:cad>59</ns3:cad>
          </ns3:TrackPointExtension>
        </extensions>
      </trkpt>
      <trkpt lat="31.96277598850429058074951171875" lon="118.6830022372305393218994140625">
        <ele>15</ele>
        <time>2026-08-14T12:12:32.000Z</time>
        <extensions>
          <ns3:TrackPointExtension>
            <ns3:hr>119</ns3:hr>
            <ns3:cad>59</ns3:cad>
          </ns3:TrackPointExtension>
        </extensions>
      </trkpt>
      <trkpt lat="31.96277246810495853424072265625" lon="118.68301539681851863861083984375">
        <ele>15.19999980926513671875</ele>
        <time>2026-08-14T12:12:33.000Z</time>
        <extensions>
          <ns3:TrackPointExtension>
            <ns3:hr>119</ns3:hr>
            <ns3:cad>59</ns3:cad>
          </ns3:TrackPointExtension>
        </extensions>
      </trkpt>
      <trkpt lat="31.96276442147791385650634765625" lon="118.68303065188229084014892578125">
        <ele>15.19999980926513671875</ele>
        <time>2026-08-14T12:12:34.000Z</time>
        <extensions>
          <ns3:TrackPointExtension>
            <ns3:hr>119</ns3:hr>
            <ns3:cad>58</ns3:cad>
          </ns3:TrackPointExtension>
        </extensions>
      </trkpt>
      <trkpt lat="31.962758637964725494384765625" lon="118.683043979108333587646484375">
        <ele>15.19999980926513671875</ele>
        <time>2026-08-14T12:12:35.000Z</time>
        <extensions>
          <ns3:TrackPointExtension>
            <ns3:hr>118</ns3:hr>
            <ns3:cad>57</ns3:cad>
          </ns3:TrackPointExtension>
        </extensions>
      </trkpt>
      <trkpt lat="31.96275285445153713226318359375" lon="118.6830588988959789276123046875">
        <ele>15.19999980926513671875</ele>
        <time>2026-08-14T12:12:36.000Z</time>
        <extensions>
          <ns3:TrackPointExtension>
            <ns3:hr>118</ns3:hr>
            <ns3:cad>57</ns3:cad>
          </ns3:TrackPointExtension>
        </extensions>
      </trkpt>
      <trkpt lat="31.9627464003860950469970703125" lon="118.68307289667427539825439453125">
        <ele>15.19999980926513671875</ele>
        <time>2026-08-14T12:12:37.000Z</time>
        <extensions>
          <ns3:TrackPointExtension>
            <ns3:hr>118</ns3:hr>
            <ns3:cad>57</ns3:cad>
          </ns3:TrackPointExtension>
        </extensions>
      </trkpt>
      <trkpt lat="31.96274011395871639251708984375" lon="118.68308764882385730743408203125">
        <ele>15.19999980926513671875</ele>
        <time>2026-08-14T12:12:38.000Z</time>
        <extensions>
          <ns3:TrackPointExtension>
            <ns3:hr>118</ns3:hr>
            <ns3:cad>57</ns3:cad>
          </ns3:TrackPointExtension>
        </extensions>
      </trkpt>
      <trkpt lat="31.96273491717875003814697265625" lon="118.6831061728298664093017578125">
        <ele>15.3999996185302734375</ele>
        <time>2026-08-14T12:12:39.000Z</time>
        <extensions>
          <ns3:TrackPointExtension>
            <ns3:hr>119</ns3:hr>
            <ns3:cad>57</ns3:cad>
          </ns3:TrackPointExtension>
        </extensions>
      </trkpt>
      <trkpt lat="31.96272946894168853759765625" lon="118.68312469683587551116943359375">
        <ele>15.3999996185302734375</ele>
        <time>2026-08-14T12:12:40.000Z</time>
        <extensions>
          <ns3:TrackPointExtension>
            <ns3:hr>119</ns3:hr>
            <ns3:cad>60</ns3:cad>
          </ns3:TrackPointExtension>
        </extensions>
      </trkpt>
      <trkpt lat="31.96272452361881732940673828125" lon="118.68314531631767749786376953125">
        <ele>15.3999996185302734375</ele>
        <time>2026-08-14T12:12:41.000Z</time>
        <extensions>
          <ns3:TrackPointExtension>
            <ns3:hr>119</ns3:hr>
            <ns3:cad>61</ns3:cad>
          </ns3:TrackPointExtension>
        </extensions>
      </trkpt>
      <trkpt lat="31.96272066794335842132568359375" lon="118.68316258303821086883544921875">
        <ele>15.3999996185302734375</ele>
        <time>2026-08-14T12:12:42.000Z</time>
        <extensions>
          <ns3:TrackPointExtension>
            <ns3:hr>119</ns3:hr>
            <ns3:cad>61</ns3:cad>
          </ns3:TrackPointExtension>
        </extensions>
      </trkpt>
      <trkpt lat="31.96271605789661407470703125" lon="118.68317783810198307037353515625">
        <ele>15.3999996185302734375</ele>
        <time>2026-08-14T12:12:43.000Z</time>
        <extensions>
          <ns3:TrackPointExtension>
            <ns3:hr>119</ns3:hr>
            <ns3:cad>61</ns3:cad>
          </ns3:TrackPointExtension>
        </extensions>
      </trkpt>
      <trkpt lat="31.96270960383117198944091796875" lon="118.68319342844188213348388671875">
        <ele>15.3999996185302734375</ele>
        <time>2026-08-14T12:12:44.000Z</time>
        <extensions>
          <ns3:TrackPointExtension>
            <ns3:hr>120</ns3:hr>
            <ns3:cad>61</ns3:cad>
          </ns3:TrackPointExtension>
        </extensions>
      </trkpt>
      <trkpt lat="31.96270423941314220428466796875" lon="118.6832077614963054656982421875">
        <ele>15.3999996185302734375</ele>
        <time>2026-08-14T12:12:45.000Z</time>
        <extensions>
          <ns3:TrackPointExtension>
            <ns3:hr>120</ns3:hr>
            <ns3:cad>61</ns3:cad>
          </ns3:TrackPointExtension>
        </extensions>
      </trkpt>
      <trkpt lat="31.9626981206238269805908203125" lon="118.68322410620748996734619140625">
        <ele>15.3999996185302734375</ele>
        <time>2026-08-14T12:12:46.000Z</time>
        <extensions>
          <ns3:TrackPointExtension>
            <ns3:hr>120</ns3:hr>
            <ns3:cad>61</ns3:cad>
          </ns3:TrackPointExtension>
        </extensions>
      </trkpt>
      <trkpt lat="31.96269300766289234161376953125" lon="118.683239109814167022705078125">
        <ele>15.3999996185302734375</ele>
        <time>2026-08-14T12:12:47.000Z</time>
        <extensions>
          <ns3:TrackPointExtension>
            <ns3:hr>120</ns3:hr>
            <ns3:cad>61</ns3:cad>
          </ns3:TrackPointExtension>
        </extensions>
      </trkpt>
      <trkpt lat="31.962686218321323394775390625" lon="118.68325578980147838592529296875">
        <ele>15.3999996185302734375</ele>
        <time>2026-08-14T12:12:48.000Z</time>
        <extensions>
          <ns3:TrackPointExtension>
            <ns3:hr>120</ns3:hr>
            <ns3:cad>61</ns3:cad>
          </ns3:TrackPointExtension>
        </extensions>
      </trkpt>
      <trkpt lat="31.9626793451607227325439453125" lon="118.68327138014137744903564453125">
        <ele>15.3999996185302734375</ele>
        <time>2026-08-14T12:12:49.000Z</time>
        <extensions>
          <ns3:TrackPointExtension>
            <ns3:hr>120</ns3:hr>
            <ns3:cad>61</ns3:cad>
          </ns3:TrackPointExtension>
        </extensions>
      </trkpt>
      <trkpt lat="31.962675154209136962890625" lon="118.6832870543003082275390625">
        <ele>15.6000003814697265625</ele>
        <time>2026-08-14T12:12:50.000Z</time>
        <extensions>
          <ns3:TrackPointExtension>
            <ns3:hr>120</ns3:hr>
            <ns3:cad>61</ns3:cad>
          </ns3:TrackPointExtension>
        </extensions>
      </trkpt>
      <trkpt lat="31.9626711308956146240234375" lon="118.68330172263085842132568359375">
        <ele>15.6000003814697265625</ele>
        <time>2026-08-14T12:12:51.000Z</time>
        <extensions>
          <ns3:TrackPointExtension>
            <ns3:hr>121</ns3:hr>
            <ns3:cad>61</ns3:cad>
          </ns3:TrackPointExtension>
        </extensions>
      </trkpt>
      <trkpt lat="31.96266685612499713897705078125" lon="118.68331613950431346893310546875">
        <ele>15.80000019073486328125</ele>
        <time>2026-08-14T12:12:52.000Z</time>
        <extensions>
          <ns3:TrackPointExtension>
            <ns3:hr>120</ns3:hr>
            <ns3:cad>61</ns3:cad>
          </ns3:TrackPointExtension>
        </extensions>
      </trkpt>
      <trkpt lat="31.962662748992443084716796875" lon="118.68332820944488048553466796875">
        <ele>15.6000003814697265625</ele>
        <time>2026-08-14T12:12:53.000Z</time>
        <extensions>
          <ns3:TrackPointExtension>
            <ns3:hr>120</ns3:hr>
            <ns3:cad>61</ns3:cad>
          </ns3:TrackPointExtension>
        </extensions>
      </trkpt>
      <trkpt lat="31.96265948005020618438720703125" lon="118.6833405308425426483154296875">
        <ele>15.6000003814697265625</ele>
        <time>2026-08-14T12:12:54.000Z</time>
        <extensions>
          <ns3:TrackPointExtension>
            <ns3:hr>120</ns3:hr>
            <ns3:cad>61</ns3:cad>
          </ns3:TrackPointExtension>
        </extensions>
      </trkpt>
      <trkpt lat="31.9626568816602230072021484375" lon="118.6833532713353633880615234375">
        <ele>15.3999996185302734375</ele>
        <time>2026-08-14T12:12:55.000Z</time>
        <extensions>
          <ns3:TrackPointExtension>
            <ns3:hr>120</ns3:hr>
            <ns3:cad>61</ns3:cad>
          </ns3:TrackPointExtension>
        </extensions>
      </trkpt>
      <trkpt lat="31.96265327744185924530029296875" lon="118.68336609564721584320068359375">
        <ele>15.3999996185302734375</ele>
        <time>2026-08-14T12:12:56.000Z</time>
        <extensions>
          <ns3:TrackPointExtension>
            <ns3:hr>121</ns3:hr>
            <ns3:cad>61</ns3:cad>
          </ns3:TrackPointExtension>
        </extensions>
      </trkpt>
      <trkpt lat="31.9626491703093051910400390625" lon="118.6833790875971317291259765625">
        <ele>15.3999996185302734375</ele>
        <time>2026-08-14T12:12:57.000Z</time>
        <extensions>
          <ns3:TrackPointExtension>
            <ns3:hr>121</ns3:hr>
            <ns3:cad>61</ns3:cad>
          </ns3:TrackPointExtension>
        </extensions>
      </trkpt>
      <trkpt lat="31.96264456026256084442138671875" lon="118.68339392356574535369873046875">
        <ele>15.3999996185302734375</ele>
        <time>2026-08-14T12:12:58.000Z</time>
        <extensions>
          <ns3:TrackPointExtension>
            <ns3:hr>121</ns3:hr>
            <ns3:cad>61</ns3:cad>
          </ns3:TrackPointExtension>
        </extensions>
      </trkpt>
      <trkpt lat="31.9626407884061336517333984375" lon="118.6834085918962955474853515625">
        <ele>15.3999996185302734375</ele>
        <time>2026-08-14T12:12:59.000Z</time>
        <extensions>
          <ns3:TrackPointExtension>
            <ns3:hr>122</ns3:hr>
            <ns3:cad>61</ns3:cad>
          </ns3:TrackPointExtension>
        </extensions>
      </trkpt>
      <trkpt lat="31.96263827383518218994140625" lon="118.68342342786490917205810546875">
        <ele>15.3999996185302734375</ele>
        <time>2026-08-14T12:13:00.000Z</time>
        <extensions>
          <ns3:TrackPointExtension>
            <ns3:hr>122</ns3:hr>
            <ns3:cad>61</ns3:cad>
          </ns3:TrackPointExtension>
        </extensions>
      </trkpt>
      <trkpt lat="31.9626360945403575897216796875" lon="118.68343985639512538909912109375">
        <ele>15.6000003814697265625</ele>
        <time>2026-08-14T12:13:01.000Z</time>
        <extensions>
          <ns3:TrackPointExtension>
            <ns3:hr>122</ns3:hr>
            <ns3:cad>60</ns3:cad>
          </ns3:TrackPointExtension>
        </extensions>
      </trkpt>
      <trkpt lat="31.9626335799694061279296875" lon="118.683454692363739013671875">
        <ele>15.6000003814697265625</ele>
        <time>2026-08-14T12:13:02.000Z</time>
        <extensions>
          <ns3:TrackPointExtension>
            <ns3:hr>122</ns3:hr>
            <ns3:cad>59</ns3:cad>
          </ns3:TrackPointExtension>
        </extensions>
      </trkpt>
      <trkpt lat="31.9626308977603912353515625" lon="118.6834699474275112152099609375">
        <ele>15.6000003814697265625</ele>
        <time>2026-08-14T12:13:03.000Z</time>
        <extensions>
          <ns3:TrackPointExtension>
            <ns3:hr>122</ns3:hr>
            <ns3:cad>59</ns3:cad>
          </ns3:TrackPointExtension>
        </extensions>
      </trkpt>
      <trkpt lat="31.96262930519878864288330078125" lon="118.68348830379545688629150390625">
        <ele>15.3999996185302734375</ele>
        <time>2026-08-14T12:13:04.000Z</time>
        <extensions>
          <ns3:TrackPointExtension>
            <ns3:hr>122</ns3:hr>
            <ns3:cad>59</ns3:cad>
          </ns3:TrackPointExtension>
        </extensions>
      </trkpt>
      <trkpt lat="31.962627209722995758056640625" lon="118.6835054866969585418701171875">
        <ele>15.3999996185302734375</ele>
        <time>2026-08-14T12:13:05.000Z</time>
        <extensions>
          <ns3:TrackPointExtension>
            <ns3:hr>122</ns3:hr>
            <ns3:cad>59</ns3:cad>
          </ns3:TrackPointExtension>
        </extensions>
      </trkpt>
      <trkpt lat="31.96262477897107601165771484375" lon="118.68351965211331844329833984375">
        <ele>15.3999996185302734375</ele>
        <time>2026-08-14T12:13:06.000Z</time>
        <extensions>
          <ns3:TrackPointExtension>
            <ns3:hr>122</ns3:hr>
            <ns3:cad>60</ns3:cad>
          </ns3:TrackPointExtension>
        </extensions>
      </trkpt>
      <trkpt lat="31.9626233540475368499755859375" lon="118.68353507481515407562255859375">
        <ele>15.3999996185302734375</ele>
        <time>2026-08-14T12:13:07.000Z</time>
        <extensions>
          <ns3:TrackPointExtension>
            <ns3:hr>122</ns3:hr>
            <ns3:cad>60</ns3:cad>
          </ns3:TrackPointExtension>
        </extensions>
      </trkpt>
      <trkpt lat="31.96262192912399768829345703125" lon="118.6835527606308460235595703125">
        <ele>15.3999996185302734375</ele>
        <time>2026-08-14T12:13:08.000Z</time>
        <extensions>
          <ns3:TrackPointExtension>
            <ns3:hr>122</ns3:hr>
            <ns3:cad>60</ns3:cad>
          </ns3:TrackPointExtension>
        </extensions>
      </trkpt>
      <trkpt lat="31.9626196660101413726806640625" lon="118.6835665069520473480224609375">
        <ele>15.3999996185302734375</ele>
        <time>2026-08-14T12:13:09.000Z</time>
        <extensions>
          <ns3:TrackPointExtension>
            <ns3:hr>122</ns3:hr>
            <ns3:cad>60</ns3:cad>
          </ns3:TrackPointExtension>
        </extensions>
      </trkpt>
      <trkpt lat="31.9626163132488727569580078125" lon="118.68358218111097812652587890625">
        <ele>15.6000003814697265625</ele>
        <time>2026-08-14T12:13:10.000Z</time>
        <extensions>
          <ns3:TrackPointExtension>
            <ns3:hr>122</ns3:hr>
            <ns3:cad>61</ns3:cad>
          </ns3:TrackPointExtension>
        </extensions>
      </trkpt>
      <trkpt lat="31.9626139663159847259521484375" lon="118.68359911255538463592529296875">
        <ele>15.6000003814697265625</ele>
        <time>2026-08-14T12:13:11.000Z</time>
        <extensions>
          <ns3:TrackPointExtension>
            <ns3:hr>122</ns3:hr>
            <ns3:cad>61</ns3:cad>
          </ns3:TrackPointExtension>
        </extensions>
      </trkpt>
      <trkpt lat="31.9626122899353504180908203125" lon="118.68361629545688629150390625">
        <ele>15.6000003814697265625</ele>
        <time>2026-08-14T12:13:12.000Z</time>
        <extensions>
          <ns3:TrackPointExtension>
            <ns3:hr>123</ns3:hr>
            <ns3:cad>60</ns3:cad>
          </ns3:TrackPointExtension>
        </extensions>
      </trkpt>
      <trkpt lat="31.96260952390730381011962890625" lon="118.68363096378743648529052734375">
        <ele>15.6000003814697265625</ele>
        <time>2026-08-14T12:13:13.000Z</time>
        <extensions>
          <ns3:TrackPointExtension>
            <ns3:hr>122</ns3:hr>
            <ns3:cad>60</ns3:cad>
          </ns3:TrackPointExtension>
        </extensions>
      </trkpt>
      <trkpt lat="31.96260650642216205596923828125" lon="118.68364739231765270233154296875">
        <ele>15.6000003814697265625</ele>
        <time>2026-08-14T12:13:14.000Z</time>
        <extensions>
          <ns3:TrackPointExtension>
            <ns3:hr>122</ns3:hr>
            <ns3:cad>60</ns3:cad>
          </ns3:TrackPointExtension>
        </extensions>
      </trkpt>
      <trkpt lat="31.96260315366089344024658203125" lon="118.683661557734012603759765625">
        <ele>15.80000019073486328125</ele>
        <time>2026-08-14T12:13:15.000Z</time>
        <extensions>
          <ns3:TrackPointExtension>
            <ns3:hr>122</ns3:hr>
            <ns3:cad>60</ns3:cad>
          </ns3:TrackPointExtension>
        </extensions>
      </trkpt>
      <trkpt lat="31.9626018963754177093505859375" lon="118.68367924354970455169677734375">
        <ele>15.80000019073486328125</ele>
        <time>2026-08-14T12:13:16.000Z</time>
        <extensions>
          <ns3:TrackPointExtension>
            <ns3:hr>122</ns3:hr>
            <ns3:cad>60</ns3:cad>
          </ns3:TrackPointExtension>
        </extensions>
      </trkpt>
      <trkpt lat="31.962598375976085662841796875" lon="118.6836920678615570068359375">
        <ele>16</ele>
        <time>2026-08-14T12:13:17.000Z</time>
        <extensions>
          <ns3:TrackPointExtension>
            <ns3:hr>122</ns3:hr>
            <ns3:cad>61</ns3:cad>
          </ns3:TrackPointExtension>
        </extensions>
      </trkpt>
      <trkpt lat="31.96259544230997562408447265625" lon="118.68370614945888519287109375">
        <ele>16</ele>
        <time>2026-08-14T12:13:18.000Z</time>
        <extensions>
          <ns3:TrackPointExtension>
            <ns3:hr>122</ns3:hr>
            <ns3:cad>61</ns3:cad>
          </ns3:TrackPointExtension>
        </extensions>
      </trkpt>
      <trkpt lat="31.962590329349040985107421875" lon="118.68372852914035320281982421875">
        <ele>16</ele>
        <time>2026-08-14T12:13:19.000Z</time>
        <extensions>
          <ns3:TrackPointExtension>
            <ns3:hr>123</ns3:hr>
            <ns3:cad>61</ns3:cad>
          </ns3:TrackPointExtension>
        </extensions>
      </trkpt>
      <trkpt lat="31.96258706040680408477783203125" lon="118.6837465502321720123291015625">
        <ele>16</ele>
        <time>2026-08-14T12:13:20.000Z</time>
        <extensions>
          <ns3:TrackPointExtension>
            <ns3:hr>123</ns3:hr>
            <ns3:cad>62</ns3:cad>
          </ns3:TrackPointExtension>
        </extensions>
      </trkpt>
      <trkpt lat="31.962582282721996307373046875" lon="118.68376976810395717620849609375">
        <ele>16</ele>
        <time>2026-08-14T12:13:21.000Z</time>
        <extensions>
          <ns3:TrackPointExtension>
            <ns3:hr>123</ns3:hr>
            <ns3:cad>62</ns3:cad>
          </ns3:TrackPointExtension>
        </extensions>
      </trkpt>
      <trkpt lat="31.9625794328749179840087890625" lon="118.68379139341413974761962890625">
        <ele>16</ele>
        <time>2026-08-14T12:13:22.000Z</time>
        <extensions>
          <ns3:TrackPointExtension>
            <ns3:hr>123</ns3:hr>
            <ns3:cad>62</ns3:cad>
          </ns3:TrackPointExtension>
        </extensions>
      </trkpt>
      <trkpt lat="31.9625764153897762298583984375" lon="118.68381653912365436553955078125">
        <ele>15.80000019073486328125</ele>
        <time>2026-08-14T12:13:23.000Z</time>
        <extensions>
          <ns3:TrackPointExtension>
            <ns3:hr>123</ns3:hr>
            <ns3:cad>62</ns3:cad>
          </ns3:TrackPointExtension>
        </extensions>
      </trkpt>
      <trkpt lat="31.96257348172366619110107421875" lon="118.683839924633502960205078125">
        <ele>15.80000019073486328125</ele>
        <time>2026-08-14T12:13:24.000Z</time>
        <extensions>
          <ns3:TrackPointExtension>
            <ns3:hr>123</ns3:hr>
            <ns3:cad>91</ns3:cad>
          </ns3:TrackPointExtension>
        </extensions>
      </trkpt>
      <trkpt lat="31.9625697098672389984130859375" lon="118.68386548943817615509033203125">
        <ele>15.80000019073486328125</ele>
        <time>2026-08-14T12:13:25.000Z</time>
        <extensions>
          <ns3:TrackPointExtension>
            <ns3:hr>123</ns3:hr>
            <ns3:cad>91</ns3:cad>
          </ns3:TrackPointExtension>
        </extensions>
      </trkpt>
      <trkpt lat="31.96257482282817363739013671875" lon="118.6838856898248195648193359375">
        <ele>15.80000019073486328125</ele>
        <time>2026-08-14T12:13:26.000Z</time>
        <extensions>
          <ns3:TrackPointExtension>
            <ns3:hr>123</ns3:hr>
            <ns3:cad>91</ns3:cad>
          </ns3:TrackPointExtension>
        </extensions>
      </trkpt>
      <trkpt lat="31.96256593801081180572509765625" lon="118.68391309864819049835205078125">
        <ele>15.80000019073486328125</ele>
        <time>2026-08-14T12:13:27.000Z</time>
        <extensions>
          <ns3:TrackPointExtension>
            <ns3:hr>123</ns3:hr>
            <ns3:cad>91</ns3:cad>
          </ns3:TrackPointExtension>
        </extensions>
      </trkpt>
      <trkpt lat="31.9625666923820972442626953125" lon="118.6839322932064533233642578125">
        <ele>15.80000019073486328125</ele>
        <time>2026-08-14T12:13:28.000Z</time>
        <extensions>
          <ns3:TrackPointExtension>
            <ns3:hr>124</ns3:hr>
            <ns3:cad>90</ns3:cad>
          </ns3:TrackPointExtension>
        </extensions>
      </trkpt>
      <trkpt lat="31.96255940012633800506591796875" lon="118.6839567683637142181396484375">
        <ele>15.80000019073486328125</ele>
        <time>2026-08-14T12:13:29.000Z</time>
        <extensions>
          <ns3:TrackPointExtension>
            <ns3:hr>124</ns3:hr>
            <ns3:cad>90</ns3:cad>
          </ns3:TrackPointExtension>
        </extensions>
      </trkpt>
      <trkpt lat="31.96256090886890888214111328125" lon="118.683973364531993865966796875">
        <ele>15.80000019073486328125</ele>
        <time>2026-08-14T12:13:30.000Z</time>
        <extensions>
          <ns3:TrackPointExtension>
            <ns3:hr>125</ns3:hr>
            <ns3:cad>89</ns3:cad>
          </ns3:TrackPointExtension>
        </extensions>
      </trkpt>
      <trkpt lat="31.9625539518892765045166015625" lon="118.68399876169860363006591796875">
        <ele>15.80000019073486328125</ele>
        <time>2026-08-14T12:13:31.000Z</time>
        <extensions>
          <ns3:TrackPointExtension>
            <ns3:hr>125</ns3:hr>
            <ns3:cad>89</ns3:cad>
          </ns3:TrackPointExtension>
        </extensions>
      </trkpt>
      <trkpt lat="31.96255437098443508148193359375" lon="118.68401653133332729339599609375">
        <ele>15.80000019073486328125</ele>
        <time>2026-08-14T12:13:32.000Z</time>
        <extensions>
          <ns3:TrackPointExtension>
            <ns3:hr>126</ns3:hr>
            <ns3:cad>89</ns3:cad>
          </ns3:TrackPointExtension>
        </extensions>
      </trkpt>
      <trkpt lat="31.9625512696802616119384765625" lon="118.68404402397572994232177734375">
        <ele>15.80000019073486328125</ele>
        <time>2026-08-14T12:13:33.000Z</time>
        <extensions>
          <ns3:TrackPointExtension>
            <ns3:hr>126</ns3:hr>
            <ns3:cad>90</ns3:cad>
          </ns3:TrackPointExtension>
        </extensions>
      </trkpt>
      <trkpt lat="31.96255152113735675811767578125" lon="118.68406380526721477508544921875">
        <ele>15.80000019073486328125</ele>
        <time>2026-08-14T12:13:34.000Z</time>
        <extensions>
          <ns3:TrackPointExtension>
            <ns3:hr>127</ns3:hr>
            <ns3:cad>90</ns3:cad>
          </ns3:TrackPointExtension>
        </extensions>
      </trkpt>
      <trkpt lat="31.96254582144320011138916015625" lon="118.684087358415126800537109375">
        <ele>15.80000019073486328125</ele>
        <time>2026-08-14T12:13:35.000Z</time>
        <extensions>
          <ns3:TrackPointExtension>
            <ns3:hr>127</ns3:hr>
            <ns3:cad>90</ns3:cad>
          </ns3:TrackPointExtension>
        </extensions>
      </trkpt>
      <trkpt lat="31.96254481561481952667236328125" lon="118.68410437367856502532958984375">
        <ele>15.80000019073486328125</ele>
        <time>2026-08-14T12:13:36.000Z</time>
        <extensions>
          <ns3:TrackPointExtension>
            <ns3:hr>127</ns3:hr>
            <ns3:cad>90</ns3:cad>
          </ns3:TrackPointExtension>
        </extensions>
      </trkpt>
      <trkpt lat="31.962537355720996856689453125" lon="118.684129603207111358642578125">
        <ele>15.80000019073486328125</ele>
        <time>2026-08-14T12:13:37.000Z</time>
        <extensions>
          <ns3:TrackPointExtension>
            <ns3:hr>127</ns3:hr>
            <ns3:cad>90</ns3:cad>
          </ns3:TrackPointExtension>
        </extensions>
      </trkpt>
      <trkpt lat="31.9625371880829334259033203125" lon="118.68414879776537418365478515625">
        <ele>15.80000019073486328125</ele>
        <time>2026-08-14T12:13:38.000Z</time>
        <extensions>
          <ns3:TrackPointExtension>
            <ns3:hr>127</ns3:hr>
            <ns3:cad>90</ns3:cad>
          </ns3:TrackPointExtension>
        </extensions>
      </trkpt>
      <trkpt lat="31.96252838708460330963134765625" lon="118.68417645804584026336669921875">
        <ele>15.6000003814697265625</ele>
        <time>2026-08-14T12:13:39.000Z</time>
        <extensions>
          <ns3:TrackPointExtension>
            <ns3:hr>127</ns3:hr>
            <ns3:cad>89</ns3:cad>
          </ns3:TrackPointExtension>
        </extensions>
      </trkpt>
      <trkpt lat="31.96252704598009586334228515625" lon="118.68419808335602283477783203125">
        <ele>15.80000019073486328125</ele>
        <time>2026-08-14T12:13:40.000Z</time>
        <extensions>
          <ns3:TrackPointExtension>
            <ns3:hr>128</ns3:hr>
            <ns3:cad>90</ns3:cad>
          </ns3:TrackPointExtension>
        </extensions>
      </trkpt>
      <trkpt lat="31.96252268739044666290283203125" lon="118.68422473780810832977294921875">
        <ele>15.80000019073486328125</ele>
        <time>2026-08-14T12:13:41.000Z</time>
        <extensions>
          <ns3:TrackPointExtension>
            <ns3:hr>128</ns3:hr>
            <ns3:cad>89</ns3:cad>
          </ns3:TrackPointExtension>
        </extensions>
      </trkpt>
      <trkpt lat="31.9625210948288440704345703125" lon="118.6842444352805614471435546875">
        <ele>15.80000019073486328125</ele>
        <time>2026-08-14T12:13:42.000Z</time>
        <extensions>
          <ns3:TrackPointExtension>
            <ns3:hr>129</ns3:hr>
            <ns3:cad>90</ns3:cad>
          </ns3:TrackPointExtension>
        </extensions>
      </trkpt>
      <trkpt lat="31.9625128805637359619140625" lon="118.68427134118974208831787109375">
        <ele>15.80000019073486328125</ele>
        <time>2026-08-14T12:13:43.000Z</time>
        <extensions>
          <ns3:TrackPointExtension>
            <ns3:hr>131</ns3:hr>
            <ns3:cad>90</ns3:cad>
          </ns3:TrackPointExtension>
        </extensions>
      </trkpt>
      <trkpt lat="31.9625096954405307769775390625" lon="118.68429145775735378265380859375">
        <ele>16</ele>
        <time>2026-08-14T12:13:44.000Z</time>
        <extensions>
          <ns3:TrackPointExtension>
            <ns3:hr>132</ns3:hr>
            <ns3:cad>90</ns3:cad>
          </ns3:TrackPointExtension>
        </extensions>
      </trkpt>
      <trkpt lat="31.96250206790864467620849609375" lon="118.684316016733646392822265625">
        <ele>16</ele>
        <time>2026-08-14T12:13:45.000Z</time>
        <extensions>
          <ns3:TrackPointExtension>
            <ns3:hr>134</ns3:hr>
            <ns3:cad>90</ns3:cad>
          </ns3:TrackPointExtension>
        </extensions>
      </trkpt>
      <trkpt lat="31.96249804459512233734130859375" lon="118.68433512747287750244140625">
        <ele>16</ele>
        <time>2026-08-14T12:13:46.000Z</time>
        <extensions>
          <ns3:TrackPointExtension>
            <ns3:hr>135</ns3:hr>
            <ns3:cad>90</ns3:cad>
          </ns3:TrackPointExtension>
        </extensions>
      </trkpt>
      <trkpt lat="31.9624914228916168212890625" lon="118.6843580938875675201416015625">
        <ele>16</ele>
        <time>2026-08-14T12:13:47.000Z</time>
        <extensions>
          <ns3:TrackPointExtension>
            <ns3:hr>136</ns3:hr>
            <ns3:cad>90</ns3:cad>
          </ns3:TrackPointExtension>
        </extensions>
      </trkpt>
      <trkpt lat="31.96248915977776050567626953125" lon="118.68437980301678180694580078125">
        <ele>16</ele>
        <time>2026-08-14T12:13:48.000Z</time>
        <extensions>
          <ns3:TrackPointExtension>
            <ns3:hr>137</ns3:hr>
            <ns3:cad>90</ns3:cad>
          </ns3:TrackPointExtension>
        </extensions>
      </trkpt>
      <trkpt lat="31.96248329244554042816162109375" lon="118.684405870735645294189453125">
        <ele>16</ele>
        <time>2026-08-14T12:13:49.000Z</time>
        <extensions>
          <ns3:TrackPointExtension>
            <ns3:hr>138</ns3:hr>
            <ns3:cad>90</ns3:cad>
          </ns3:TrackPointExtension>
        </extensions>
      </trkpt>
      <trkpt lat="31.96247977204620838165283203125" lon="118.6844271607697010040283203125">
        <ele>16</ele>
        <time>2026-08-14T12:13:50.000Z</time>
        <extensions>
          <ns3:TrackPointExtension>
            <ns3:hr>138</ns3:hr>
            <ns3:cad>91</ns3:cad>
          </ns3:TrackPointExtension>
        </extensions>
      </trkpt>
      <trkpt lat="31.9624724797904491424560546875" lon="118.68445306085050106048583984375">
        <ele>16</ele>
        <time>2026-08-14T12:13:51.000Z</time>
        <extensions>
          <ns3:TrackPointExtension>
            <ns3:hr>139</ns3:hr>
            <ns3:cad>90</ns3:cad>
          </ns3:TrackPointExtension>
        </extensions>
      </trkpt>
      <trkpt lat="31.9624684564769268035888671875" lon="118.6844744347035884857177734375">
        <ele>16</ele>
        <time>2026-08-14T12:13:52.000Z</time>
        <extensions>
          <ns3:TrackPointExtension>
            <ns3:hr>139</ns3:hr>
            <ns3:cad>90</ns3:cad>
          </ns3:TrackPointExtension>
        </extensions>
      </trkpt>
      <trkpt lat="31.9624614156782627105712890625" lon="118.6844942159950733184814453125">
        <ele>16</ele>
        <time>2026-08-14T12:13:53.000Z</time>
        <extensions>
          <ns3:TrackPointExtension>
            <ns3:hr>140</ns3:hr>
            <ns3:cad>90</ns3:cad>
          </ns3:TrackPointExtension>
        </extensions>
      </trkpt>
      <trkpt lat="31.9624587334692478179931640625" lon="118.6845143325626850128173828125">
        <ele>16</ele>
        <time>2026-08-14T12:13:54.000Z</time>
        <extensions>
          <ns3:TrackPointExtension>
            <ns3:hr>140</ns3:hr>
            <ns3:cad>91</ns3:cad>
          </ns3:TrackPointExtension>
        </extensions>
      </trkpt>
      <trkpt lat="31.9624516926705837249755859375" lon="118.68453134782612323760986328125">
        <ele>16</ele>
        <time>2026-08-14T12:13:55.000Z</time>
        <extensions>
          <ns3:TrackPointExtension>
            <ns3:hr>141</ns3:hr>
            <ns3:cad>91</ns3:cad>
          </ns3:TrackPointExtension>
        </extensions>
      </trkpt>
      <trkpt lat="31.96244716644287109375" lon="118.6845535598695278167724609375">
        <ele>16</ele>
        <time>2026-08-14T12:13:56.000Z</time>
        <extensions>
          <ns3:TrackPointExtension>
            <ns3:hr>141</ns3:hr>
            <ns3:cad>92</ns3:cad>
          </ns3:TrackPointExtension>
        </extensions>
      </trkpt>
      <trkpt lat="31.96244255639612674713134765625" lon="118.68457342498004436492919921875">
        <ele>16</ele>
        <time>2026-08-14T12:13:57.000Z</time>
        <extensions>
          <ns3:TrackPointExtension>
            <ns3:hr>141</ns3:hr>
            <ns3:cad>92</ns3:cad>
          </ns3:TrackPointExtension>
        </extensions>
      </trkpt>
      <trkpt lat="31.9624386169016361236572265625" lon="118.68459722958505153656005859375">
        <ele>16</ele>
        <time>2026-08-14T12:13:58.000Z</time>
        <extensions>
          <ns3:TrackPointExtension>
            <ns3:hr>142</ns3:hr>
            <ns3:cad>92</ns3:cad>
          </ns3:TrackPointExtension>
        </extensions>
      </trkpt>
      <trkpt lat="31.96243786253035068511962890625" lon="118.68461969308555126190185546875">
        <ele>16</ele>
        <time>2026-08-14T12:13:59.000Z</time>
        <extensions>
          <ns3:TrackPointExtension>
            <ns3:hr>142</ns3:hr>
            <ns3:cad>90</ns3:cad>
          </ns3:TrackPointExtension>
        </extensions>
      </trkpt>
      <trkpt lat="31.9624325819313526153564453125" lon="118.684645593166351318359375">
        <ele>16</ele>
        <time>2026-08-14T12:14:00.000Z</time>
        <extensions>
          <ns3:TrackPointExtension>
            <ns3:hr>143</ns3:hr>
            <ns3:cad>90</ns3:cad>
          </ns3:TrackPointExtension>
        </extensions>
      </trkpt>
      <trkpt lat="31.962429396808147430419921875" lon="118.68466696701943874359130859375">
        <ele>16</ele>
        <time>2026-08-14T12:14:01.000Z</time>
        <extensions>
          <ns3:TrackPointExtension>
            <ns3:hr>143</ns3:hr>
            <ns3:cad>90</ns3:cad>
          </ns3:TrackPointExtension>
        </extensions>
      </trkpt>
      <trkpt lat="31.96242528967559337615966796875" lon="118.6846933700144290924072265625">
        <ele>16</ele>
        <time>2026-08-14T12:14:02.000Z</time>
        <extensions>
          <ns3:TrackPointExtension>
            <ns3:hr>144</ns3:hr>
            <ns3:cad>90</ns3:cad>
          </ns3:TrackPointExtension>
        </extensions>
      </trkpt>
      <trkpt lat="31.96242369711399078369140625" lon="118.68471273221075534820556640625">
        <ele>16</ele>
        <time>2026-08-14T12:14:03.000Z</time>
        <extensions>
          <ns3:TrackPointExtension>
            <ns3:hr>144</ns3:hr>
            <ns3:cad>92</ns3:cad>
          </ns3:TrackPointExtension>
        </extensions>
      </trkpt>
      <trkpt lat="31.9624185003340244293212890625" lon="118.68474206887185573577880859375">
        <ele>16</ele>
        <time>2026-08-14T12:14:04.000Z</time>
        <extensions>
          <ns3:TrackPointExtension>
            <ns3:hr>145</ns3:hr>
            <ns3:cad>92</ns3:cad>
          </ns3:TrackPointExtension>
        </extensions>
      </trkpt>
      <trkpt lat="31.96241858415305614471435546875" lon="118.68475983850657939910888671875">
        <ele>16</ele>
        <time>2026-08-14T12:14:05.000Z</time>
        <extensions>
          <ns3:TrackPointExtension>
            <ns3:hr>145</ns3:hr>
            <ns3:cad>92</ns3:cad>
          </ns3:TrackPointExtension>
        </extensions>
      </trkpt>
      <trkpt lat="31.962414644658565521240234375" lon="118.6847835592925548553466796875">
        <ele>16</ele>
        <time>2026-08-14T12:14:06.000Z</time>
        <extensions>
          <ns3:TrackPointExtension>
            <ns3:hr>146</ns3:hr>
            <ns3:cad>92</ns3:cad>
          </ns3:TrackPointExtension>
        </extensions>
      </trkpt>
      <trkpt lat="31.96241565048694610595703125" lon="118.6847989819943904876708984375">
        <ele>16</ele>
        <time>2026-08-14T12:14:07.000Z</time>
        <extensions>
          <ns3:TrackPointExtension>
            <ns3:hr>146</ns3:hr>
            <ns3:cad>92</ns3:cad>
          </ns3:TrackPointExtension>
        </extensions>
      </trkpt>
      <trkpt lat="31.96241003461182117462158203125" lon="118.684826306998729705810546875">
        <ele>16</ele>
        <time>2026-08-14T12:14:08.000Z</time>
        <extensions>
          <ns3:TrackPointExtension>
            <ns3:hr>147</ns3:hr>
            <ns3:cad>91</ns3:cad>
          </ns3:TrackPointExtension>
        </extensions>
      </trkpt>
      <trkpt lat="31.9624107889831066131591796875" lon="118.68484231643378734588623046875">
        <ele>16</ele>
        <time>2026-08-14T12:14:09.000Z</time>
        <extensions>
          <ns3:TrackPointExtension>
            <ns3:hr>147</ns3:hr>
            <ns3:cad>91</ns3:cad>
          </ns3:TrackPointExtension>
        </extensions>
      </trkpt>
      <trkpt lat="31.96240752004086971282958984375" lon="118.684867210686206817626953125">
        <ele>16</ele>
        <time>2026-08-14T12:14:10.000Z</time>
        <extensions>
          <ns3:TrackPointExtension>
            <ns3:hr>148</ns3:hr>
            <ns3:cad>91</ns3:cad>
          </ns3:TrackPointExtension>
        </extensions>
      </trkpt>
      <trkpt lat="31.96240894496440887451171875" lon="118.68488606996834278106689453125">
        <ele>16</ele>
        <time>2026-08-14T12:14:11.000Z</time>
        <extensions>
          <ns3:TrackPointExtension>
            <ns3:hr>149</ns3:hr>
            <ns3:cad>91</ns3:cad>
          </ns3:TrackPointExtension>
        </extensions>
      </trkpt>
      <trkpt lat="31.96240701712667942047119140625" lon="118.68491356261074542999267578125">
        <ele>16.200000762939453125</ele>
        <time>2026-08-14T12:14:12.000Z</time>
        <extensions>
          <ns3:TrackPointExtension>
            <ns3:hr>149</ns3:hr>
            <ns3:cad>90</ns3:cad>
          </ns3:TrackPointExtension>
        </extensions>
      </trkpt>
      <trkpt lat="31.9624087773263454437255859375" lon="118.684931583702564239501953125">
        <ele>16</ele>
        <time>2026-08-14T12:14:13.000Z</time>
        <extensions>
          <ns3:TrackPointExtension>
            <ns3:hr>149</ns3:hr>
            <ns3:cad>90</ns3:cad>
          </ns3:TrackPointExtension>
        </extensions>
      </trkpt>
      <trkpt lat="31.9624027423560619354248046875" lon="118.6849599145352840423583984375">
        <ele>16</ele>
        <time>2026-08-14T12:14:14.000Z</time>
        <extensions>
          <ns3:TrackPointExtension>
            <ns3:hr>149</ns3:hr>
            <ns3:cad>90</ns3:cad>
          </ns3:TrackPointExtension>
        </extensions>
      </trkpt>
      <trkpt lat="31.9624029099941253662109375" lon="118.6849793605506420135498046875">
        <ele>16</ele>
        <time>2026-08-14T12:14:15.000Z</time>
        <extensions>
          <ns3:TrackPointExtension>
            <ns3:hr>150</ns3:hr>
            <ns3:cad>91</ns3:cad>
          </ns3:TrackPointExtension>
        </extensions>
      </trkpt>
      <trkpt lat="31.9623975455760955810546875" lon="118.68500425480306148529052734375">
        <ele>16</ele>
        <time>2026-08-14T12:14:16.000Z</time>
        <extensions>
          <ns3:TrackPointExtension>
            <ns3:hr>150</ns3:hr>
            <ns3:cad>91</ns3:cad>
          </ns3:TrackPointExtension>
        </extensions>
      </trkpt>
      <trkpt lat="31.96239578537642955780029296875" lon="118.6850202642381191253662109375">
        <ele>16</ele>
        <time>2026-08-14T12:14:17.000Z</time>
        <extensions>
          <ns3:TrackPointExtension>
            <ns3:hr>150</ns3:hr>
            <ns3:cad>92</ns3:cad>
          </ns3:TrackPointExtension>
        </extensions>
      </trkpt>
      <trkpt lat="31.96238656528294086456298828125" lon="118.68504230864346027374267578125">
        <ele>16</ele>
        <time>2026-08-14T12:14:18.000Z</time>
        <extensions>
          <ns3:TrackPointExtension>
            <ns3:hr>150</ns3:hr>
            <ns3:cad>92</ns3:cad>
          </ns3:TrackPointExtension>
        </extensions>
      </trkpt>
      <trkpt lat="31.96238354779779911041259765625" lon="118.6850598268210887908935546875">
        <ele>16</ele>
        <time>2026-08-14T12:14:19.000Z</time>
        <extensions>
          <ns3:TrackPointExtension>
            <ns3:hr>150</ns3:hr>
            <ns3:cad>92</ns3:cad>
          </ns3:TrackPointExtension>
        </extensions>
      </trkpt>
      <trkpt lat="31.962373070418834686279296875" lon="118.68508589453995227813720703125">
        <ele>16</ele>
        <time>2026-08-14T12:14:20.000Z</time>
        <extensions>
          <ns3:TrackPointExtension>
            <ns3:hr>150</ns3:hr>
            <ns3:cad>91</ns3:cad>
          </ns3:TrackPointExtension>
        </extensions>
      </trkpt>
      <trkpt lat="31.96237080730497837066650390625" lon="118.68510366417467594146728515625">
        <ele>16</ele>
        <time>2026-08-14T12:14:21.000Z</time>
        <extensions>
          <ns3:TrackPointExtension>
            <ns3:hr>151</ns3:hr>
            <ns3:cad>90</ns3:cad>
          </ns3:TrackPointExtension>
        </extensions>
      </trkpt>
      <trkpt lat="31.962364353239536285400390625" lon="118.685128390789031982421875">
        <ele>16</ele>
        <time>2026-08-14T12:14:22.000Z</time>
        <extensions>
          <ns3:TrackPointExtension>
            <ns3:hr>151</ns3:hr>
            <ns3:cad>90</ns3:cad>
          </ns3:TrackPointExtension>
        </extensions>
      </trkpt>
      <trkpt lat="31.9623658619821071624755859375" lon="118.6851453222334384918212890625">
        <ele>16</ele>
        <time>2026-08-14T12:14:23.000Z</time>
        <extensions>
          <ns3:TrackPointExtension>
            <ns3:hr>151</ns3:hr>
            <ns3:cad>89</ns3:cad>
          </ns3:TrackPointExtension>
        </extensions>
      </trkpt>
      <trkpt lat="31.9623599946498870849609375" lon="118.68517197668552398681640625">
        <ele>16</ele>
        <time>2026-08-14T12:14:24.000Z</time>
        <extensions>
          <ns3:TrackPointExtension>
            <ns3:hr>151</ns3:hr>
            <ns3:cad>89</ns3:cad>
          </ns3:TrackPointExtension>
        </extensions>
      </trkpt>
      <trkpt lat="31.96235856972634792327880859375" lon="118.6851889081299304962158203125">
        <ele>16</ele>
        <time>2026-08-14T12:14:25.000Z</time>
        <extensions>
          <ns3:TrackPointExtension>
            <ns3:hr>151</ns3:hr>
            <ns3:cad>89</ns3:cad>
          </ns3:TrackPointExtension>
        </extensions>
      </trkpt>
      <trkpt lat="31.9623524509370326995849609375" lon="118.68521279655396938323974609375">
        <ele>16</ele>
        <time>2026-08-14T12:14:26.000Z</time>
        <extensions>
          <ns3:TrackPointExtension>
            <ns3:hr>151</ns3:hr>
            <ns3:cad>89</ns3:cad>
          </ns3:TrackPointExtension>
        </extensions>
      </trkpt>
      <trkpt lat="31.96235203184187412261962890625" lon="118.685230650007724761962890625">
        <ele>16</ele>
        <time>2026-08-14T12:14:27.000Z</time>
        <extensions>
          <ns3:TrackPointExtension>
            <ns3:hr>152</ns3:hr>
            <ns3:cad>89</ns3:cad>
          </ns3:TrackPointExtension>
        </extensions>
      </trkpt>
      <trkpt lat="31.96234482340514659881591796875" lon="118.685257472097873687744140625">
        <ele>16</ele>
        <time>2026-08-14T12:14:28.000Z</time>
        <extensions>
          <ns3:TrackPointExtension>
            <ns3:hr>152</ns3:hr>
            <ns3:cad>89</ns3:cad>
          </ns3:TrackPointExtension>
        </extensions>
      </trkpt>
      <trkpt lat="31.96234323084354400634765625" lon="118.68527465499937534332275390625">
        <ele>16</ele>
        <time>2026-08-14T12:14:29.000Z</time>
        <extensions>
          <ns3:TrackPointExtension>
            <ns3:hr>152</ns3:hr>
            <ns3:cad>89</ns3:cad>
          </ns3:TrackPointExtension>
        </extensions>
      </trkpt>
      <trkpt lat="31.962334848940372467041015625" lon="118.685301057994365692138671875">
        <ele>16</ele>
        <time>2026-08-14T12:14:30.000Z</time>
        <extensions>
          <ns3:TrackPointExtension>
            <ns3:hr>152</ns3:hr>
            <ns3:cad>89</ns3:cad>
          </ns3:TrackPointExtension>
        </extensions>
      </trkpt>
      <trkpt lat="31.9623353518545627593994140625" lon="118.6853176541626453399658203125">
        <ele>16</ele>
        <time>2026-08-14T12:14:31.000Z</time>
        <extensions>
          <ns3:TrackPointExtension>
            <ns3:hr>153</ns3:hr>
            <ns3:cad>89</ns3:cad>
          </ns3:TrackPointExtension>
        </extensions>
      </trkpt>
      <trkpt lat="31.9623279757797718048095703125" lon="118.6853441409766674041748046875">
        <ele>16</ele>
        <time>2026-08-14T12:14:32.000Z</time>
        <extensions>
          <ns3:TrackPointExtension>
            <ns3:hr>153</ns3:hr>
            <ns3:cad>90</ns3:cad>
          </ns3:TrackPointExtension>
        </extensions>
      </trkpt>
      <trkpt lat="31.96232487447559833526611328125" lon="118.68536216206848621368408203125">
        <ele>16</ele>
        <time>2026-08-14T12:14:33.000Z</time>
        <extensions>
          <ns3:TrackPointExtension>
            <ns3:hr>154</ns3:hr>
            <ns3:cad>91</ns3:cad>
          </ns3:TrackPointExtension>
        </extensions>
      </trkpt>
      <trkpt lat="31.9623189233243465423583984375" lon="118.6853890679776668548583984375">
        <ele>16</ele>
        <time>2026-08-14T12:14:34.000Z</time>
        <extensions>
          <ns3:TrackPointExtension>
            <ns3:hr>154</ns3:hr>
            <ns3:cad>90</ns3:cad>
          </ns3:TrackPointExtension>
        </extensions>
      </trkpt>
      <trkpt lat="31.96231774985790252685546875" lon="118.68540591560304164886474609375">
        <ele>16</ele>
        <time>2026-08-14T12:14:35.000Z</time>
        <extensions>
          <ns3:TrackPointExtension>
            <ns3:hr>154</ns3:hr>
            <ns3:cad>89</ns3:cad>
          </ns3:TrackPointExtension>
        </extensions>
      </trkpt>
      <trkpt lat="31.9623142294585704803466796875" lon="118.68543089367449283599853515625">
        <ele>16</ele>
        <time>2026-08-14T12:14:36.000Z</time>
        <extensions>
          <ns3:TrackPointExtension>
            <ns3:hr>155</ns3:hr>
            <ns3:cad>89</ns3:cad>
          </ns3:TrackPointExtension>
        </extensions>
      </trkpt>
      <trkpt lat="31.96231397800147533416748046875" lon="118.68544614873826503753662109375">
        <ele>16</ele>
        <time>2026-08-14T12:14:37.000Z</time>
        <extensions>
          <ns3:TrackPointExtension>
            <ns3:hr>155</ns3:hr>
            <ns3:cad>89</ns3:cad>
          </ns3:TrackPointExtension>
        </extensions>
      </trkpt>
      <trkpt lat="31.96231096051633358001708984375" lon="118.68547146208584308624267578125">
        <ele>16</ele>
        <time>2026-08-14T12:14:38.000Z</time>
        <extensions>
          <ns3:TrackPointExtension>
            <ns3:hr>156</ns3:hr>
            <ns3:cad>89</ns3:cad>
          </ns3:TrackPointExtension>
        </extensions>
      </trkpt>
      <trkpt lat="31.96231129579246044158935546875" lon="118.68548822589218616485595703125">
        <ele>16</ele>
        <time>2026-08-14T12:14:39.000Z</time>
        <extensions>
          <ns3:TrackPointExtension>
            <ns3:hr>156</ns3:hr>
            <ns3:cad>90</ns3:cad>
          </ns3:TrackPointExtension>
        </extensions>
      </trkpt>
      <trkpt lat="31.962303332984447479248046875" lon="118.68551454506814479827880859375">
        <ele>16</ele>
        <time>2026-08-14T12:14:40.000Z</time>
        <extensions>
          <ns3:TrackPointExtension>
            <ns3:hr>157</ns3:hr>
            <ns3:cad>90</ns3:cad>
          </ns3:TrackPointExtension>
        </extensions>
      </trkpt>
      <trkpt lat="31.96230442263185977935791015625" lon="118.68553130887448787689208984375">
        <ele>16</ele>
        <time>2026-08-14T12:14:41.000Z</time>
        <extensions>
          <ns3:TrackPointExtension>
            <ns3:hr>158</ns3:hr>
            <ns3:cad>89</ns3:cad>
          </ns3:TrackPointExtension>
        </extensions>
      </trkpt>
      <trkpt lat="31.962296962738037109375" lon="118.68555863387882709503173828125">
        <ele>16</ele>
        <time>2026-08-14T12:14:42.000Z</time>
        <extensions>
          <ns3:TrackPointExtension>
            <ns3:hr>159</ns3:hr>
            <ns3:cad>89</ns3:cad>
          </ns3:TrackPointExtension>
        </extensions>
      </trkpt>
      <trkpt lat="31.96229469962418079376220703125" lon="118.68557774461805820465087890625">
        <ele>16</ele>
        <time>2026-08-14T12:14:43.000Z</time>
        <extensions>
          <ns3:TrackPointExtension>
            <ns3:hr>159</ns3:hr>
            <ns3:cad>89</ns3:cad>
          </ns3:TrackPointExtension>
        </extensions>
      </trkpt>
      <trkpt lat="31.96228866465389728546142578125" lon="118.68560339324176311492919921875">
        <ele>16</ele>
        <time>2026-08-14T12:14:44.000Z</time>
        <extensions>
          <ns3:TrackPointExtension>
            <ns3:hr>159</ns3:hr>
            <ns3:cad>89</ns3:cad>
          </ns3:TrackPointExtension>
        </extensions>
      </trkpt>
      <trkpt lat="31.9622887484729290008544921875" lon="118.68561797775328159332275390625">
        <ele>16</ele>
        <time>2026-08-14T12:14:45.000Z</time>
        <extensions>
          <ns3:TrackPointExtension>
            <ns3:hr>160</ns3:hr>
            <ns3:cad>89</ns3:cad>
          </ns3:TrackPointExtension>
        </extensions>
      </trkpt>
      <trkpt lat="31.96228531189262866973876953125" lon="118.68564077652990818023681640625">
        <ele>16</ele>
        <time>2026-08-14T12:14:46.000Z</time>
        <extensions>
          <ns3:TrackPointExtension>
            <ns3:hr>160</ns3:hr>
            <ns3:cad>89</ns3:cad>
          </ns3:TrackPointExtension>
        </extensions>
      </trkpt>
      <trkpt lat="31.9622843898832798004150390625" lon="118.68565670214593410491943359375">
        <ele>16</ele>
        <time>2026-08-14T12:14:47.000Z</time>
        <extensions>
          <ns3:TrackPointExtension>
            <ns3:hr>160</ns3:hr>
            <ns3:cad>89</ns3:cad>
          </ns3:TrackPointExtension>
        </extensions>
      </trkpt>
      <trkpt lat="31.9622795283794403076171875" lon="118.68568168021738529205322265625">
        <ele>16</ele>
        <time>2026-08-14T12:14:48.000Z</time>
        <extensions>
          <ns3:TrackPointExtension>
            <ns3:hr>161</ns3:hr>
            <ns3:cad>90</ns3:cad>
          </ns3:TrackPointExtension>
        </extensions>
      </trkpt>
      <trkpt lat="31.9622768461704254150390625" lon="118.68569768965244293212890625">
        <ele>16</ele>
        <time>2026-08-14T12:14:49.000Z</time>
        <extensions>
          <ns3:TrackPointExtension>
            <ns3:hr>161</ns3:hr>
            <ns3:cad>89</ns3:cad>
          </ns3:TrackPointExtension>
        </extensions>
      </trkpt>
      <trkpt lat="31.9622689671814441680908203125" lon="118.68572392500936985015869140625">
        <ele>16</ele>
        <time>2026-08-14T12:14:50.000Z</time>
        <extensions>
          <ns3:TrackPointExtension>
            <ns3:hr>161</ns3:hr>
            <ns3:cad>90</ns3:cad>
          </ns3:TrackPointExtension>
        </extensions>
      </trkpt>
      <trkpt lat="31.96226787753403186798095703125" lon="118.6857441253960132598876953125">
        <ele>16</ele>
        <time>2026-08-14T12:14:51.000Z</time>
        <extensions>
          <ns3:TrackPointExtension>
            <ns3:hr>161</ns3:hr>
            <ns3:cad>89</ns3:cad>
          </ns3:TrackPointExtension>
        </extensions>
      </trkpt>
      <trkpt lat="31.9622619263827800750732421875" lon="118.685771785676479339599609375">
        <ele>15.80000019073486328125</ele>
        <time>2026-08-14T12:14:52.000Z</time>
        <extensions>
          <ns3:TrackPointExtension>
            <ns3:hr>161</ns3:hr>
            <ns3:cad>89</ns3:cad>
          </ns3:TrackPointExtension>
        </extensions>
      </trkpt>
      <trkpt lat="31.96226008236408233642578125" lon="118.68578947149217128753662109375">
        <ele>15.80000019073486328125</ele>
        <time>2026-08-14T12:14:53.000Z</time>
        <extensions>
          <ns3:TrackPointExtension>
            <ns3:hr>162</ns3:hr>
            <ns3:cad>89</ns3:cad>
          </ns3:TrackPointExtension>
        </extensions>
      </trkpt>
      <trkpt lat="31.96225882507860660552978515625" lon="118.68581729941070079803466796875">
        <ele>15.80000019073486328125</ele>
        <time>2026-08-14T12:14:54.000Z</time>
        <extensions>
          <ns3:TrackPointExtension>
            <ns3:hr>162</ns3:hr>
            <ns3:cad>89</ns3:cad>
          </ns3:TrackPointExtension>
        </extensions>
      </trkpt>
      <trkpt lat="31.9622568972408771514892578125" lon="118.68583607487380504608154296875">
        <ele>15.80000019073486328125</ele>
        <time>2026-08-14T12:14:55.000Z</time>
        <extensions>
          <ns3:TrackPointExtension>
            <ns3:hr>162</ns3:hr>
            <ns3:cad>89</ns3:cad>
          </ns3:TrackPointExtension>
        </extensions>
      </trkpt>
      <trkpt lat="31.962250359356403350830078125" lon="118.68586398661136627197265625">
        <ele>15.80000019073486328125</ele>
        <time>2026-08-14T12:14:56.000Z</time>
        <extensions>
          <ns3:TrackPointExtension>
            <ns3:hr>162</ns3:hr>
            <ns3:cad>90</ns3:cad>
          </ns3:TrackPointExtension>
        </extensions>
      </trkpt>
      <trkpt lat="31.962248347699642181396484375" lon="118.685879744589328765869140625">
        <ele>16</ele>
        <time>2026-08-14T12:14:57.000Z</time>
        <extensions>
          <ns3:TrackPointExtension>
            <ns3:hr>163</ns3:hr>
            <ns3:cad>90</ns3:cad>
          </ns3:TrackPointExtension>
        </extensions>
      </trkpt>
      <trkpt lat="31.96224264800548553466796875" lon="118.68590765632688999176025390625">
        <ele>16</ele>
        <time>2026-08-14T12:14:58.000Z</time>
        <extensions>
          <ns3:TrackPointExtension>
            <ns3:hr>162</ns3:hr>
            <ns3:cad>90</ns3:cad>
          </ns3:TrackPointExtension>
        </extensions>
      </trkpt>
      <trkpt lat="31.96224055252969264984130859375" lon="118.6859265156090259552001953125">
        <ele>16</ele>
        <time>2026-08-14T12:14:59.000Z</time>
        <extensions>
          <ns3:TrackPointExtension>
            <ns3:hr>163</ns3:hr>
            <ns3:cad>91</ns3:cad>
          </ns3:TrackPointExtension>
        </extensions>
      </trkpt>
      <trkpt lat="31.96223736740648746490478515625" lon="118.68595191277563571929931640625">
        <ele>15.80000019073486328125</ele>
        <time>2026-08-14T12:15:00.000Z</time>
        <extensions>
          <ns3:TrackPointExtension>
            <ns3:hr>163</ns3:hr>
            <ns3:cad>91</ns3:cad>
          </ns3:TrackPointExtension>
        </extensions>
      </trkpt>
      <trkpt lat="31.962238959968090057373046875" lon="118.685969598591327667236328125">
        <ele>15.80000019073486328125</ele>
        <time>2026-08-14T12:15:01.000Z</time>
        <extensions>
          <ns3:TrackPointExtension>
            <ns3:hr>163</ns3:hr>
            <ns3:cad>91</ns3:cad>
          </ns3:TrackPointExtension>
        </extensions>
      </trkpt>
      <trkpt lat="31.9622340984642505645751953125" lon="118.685993067920207977294921875">
        <ele>15.80000019073486328125</ele>
        <time>2026-08-14T12:15:02.000Z</time>
        <extensions>
          <ns3:TrackPointExtension>
            <ns3:hr>163</ns3:hr>
            <ns3:cad>91</ns3:cad>
          </ns3:TrackPointExtension>
        </extensions>
      </trkpt>
      <trkpt lat="31.96223535574972629547119140625" lon="118.68600991554558277130126953125">
        <ele>15.80000019073486328125</ele>
        <time>2026-08-14T12:15:03.000Z</time>
        <extensions>
          <ns3:TrackPointExtension>
            <ns3:hr>163</ns3:hr>
            <ns3:cad>91</ns3:cad>
          </ns3:TrackPointExtension>
        </extensions>
      </trkpt>
      <trkpt lat="31.9622267223894596099853515625" lon="118.686037324368953704833984375">
        <ele>15.80000019073486328125</ele>
        <time>2026-08-14T12:15:04.000Z</time>
        <extensions>
          <ns3:TrackPointExtension>
            <ns3:hr>164</ns3:hr>
            <ns3:cad>91</ns3:cad>
          </ns3:TrackPointExtension>
        </extensions>
      </trkpt>
      <trkpt lat="31.96222697384655475616455078125" lon="118.6860522441565990447998046875">
        <ele>16</ele>
        <time>2026-08-14T12:15:05.000Z</time>
        <extensions>
          <ns3:TrackPointExtension>
            <ns3:hr>164</ns3:hr>
            <ns3:cad>91</ns3:cad>
          </ns3:TrackPointExtension>
        </extensions>
      </trkpt>
      <trkpt lat="31.96222194470465183258056640625" lon="118.68608132936060428619384765625">
        <ele>16</ele>
        <time>2026-08-14T12:15:06.000Z</time>
        <extensions>
          <ns3:TrackPointExtension>
            <ns3:hr>164</ns3:hr>
            <ns3:cad>91</ns3:cad>
          </ns3:TrackPointExtension>
        </extensions>
      </trkpt>
      <trkpt lat="31.96222110651433467864990234375" lon="118.686099685728549957275390625">
        <ele>15.80000019073486328125</ele>
        <time>2026-08-14T12:15:07.000Z</time>
        <extensions>
          <ns3:TrackPointExtension>
            <ns3:hr>164</ns3:hr>
            <ns3:cad>89</ns3:cad>
          </ns3:TrackPointExtension>
        </extensions>
      </trkpt>
      <trkpt lat="31.96221607737243175506591796875" lon="118.68612726218998432159423828125">
        <ele>15.80000019073486328125</ele>
        <time>2026-08-14T12:15:08.000Z</time>
        <extensions>
          <ns3:TrackPointExtension>
            <ns3:hr>164</ns3:hr>
            <ns3:cad>89</ns3:cad>
          </ns3:TrackPointExtension>
        </extensions>
      </trkpt>
      <trkpt lat="31.9622124731540679931640625" lon="118.6861457861959934234619140625">
        <ele>15.80000019073486328125</ele>
        <time>2026-08-14T12:15:09.000Z</time>
        <extensions>
          <ns3:TrackPointExtension>
            <ns3:hr>164</ns3:hr>
            <ns3:cad>88</ns3:cad>
          </ns3:TrackPointExtension>
        </extensions>
      </trkpt>
      <trkpt lat="31.96220777928829193115234375" lon="118.68617386557161808013916015625">
        <ele>16</ele>
        <time>2026-08-14T12:15:10.000Z</time>
        <extensions>
          <ns3:TrackPointExtension>
            <ns3:hr>165</ns3:hr>
            <ns3:cad>89</ns3:cad>
          </ns3:TrackPointExtension>
        </extensions>
      </trkpt>
      <trkpt lat="31.96220300160348415374755859375" lon="118.68619230575859546661376953125">
        <ele>16</ele>
        <time>2026-08-14T12:15:11.000Z</time>
        <extensions>
          <ns3:TrackPointExtension>
            <ns3:hr>165</ns3:hr>
            <ns3:cad>88</ns3:cad>
          </ns3:TrackPointExtension>
        </extensions>
      </trkpt>
      <trkpt lat="31.96219478733837604522705078125" lon="118.68621661327779293060302734375">
        <ele>16</ele>
        <time>2026-08-14T12:15:12.000Z</time>
        <extensions>
          <ns3:TrackPointExtension>
            <ns3:hr>165</ns3:hr>
            <ns3:cad>89</ns3:cad>
          </ns3:TrackPointExtension>
        </extensions>
      </trkpt>
      <trkpt lat="31.96218858473002910614013671875" lon="118.68623404763638973236083984375">
        <ele>16.200000762939453125</ele>
        <time>2026-08-14T12:15:13.000Z</time>
        <extensions>
          <ns3:TrackPointExtension>
            <ns3:hr>165</ns3:hr>
            <ns3:cad>89</ns3:cad>
          </ns3:TrackPointExtension>
        </extensions>
      </trkpt>
      <trkpt lat="31.962181292474269866943359375" lon="118.68625693023204803466796875">
        <ele>16.200000762939453125</ele>
        <time>2026-08-14T12:15:14.000Z</time>
        <extensions>
          <ns3:TrackPointExtension>
            <ns3:hr>165</ns3:hr>
            <ns3:cad>89</ns3:cad>
          </ns3:TrackPointExtension>
        </extensions>
      </trkpt>
      <trkpt lat="31.962175257503986358642578125" lon="118.68627746589481830596923828125">
        <ele>16.200000762939453125</ele>
        <time>2026-08-14T12:15:15.000Z</time>
        <extensions>
          <ns3:TrackPointExtension>
            <ns3:hr>165</ns3:hr>
            <ns3:cad>89</ns3:cad>
          </ns3:TrackPointExtension>
        </extensions>
      </trkpt>
      <trkpt lat="31.96217014454305171966552734375" lon="118.6862969957292079925537109375">
        <ele>16.200000762939453125</ele>
        <time>2026-08-14T12:15:16.000Z</time>
        <extensions>
          <ns3:TrackPointExtension>
            <ns3:hr>165</ns3:hr>
            <ns3:cad>89</ns3:cad>
          </ns3:TrackPointExtension>
        </extensions>
      </trkpt>
      <trkpt lat="31.962163858115673065185546875" lon="118.6863154359161853790283203125">
        <ele>16.3999996185302734375</ele>
        <time>2026-08-14T12:15:17.000Z</time>
        <extensions>
          <ns3:TrackPointExtension>
            <ns3:hr>165</ns3:hr>
            <ns3:cad>89</ns3:cad>
          </ns3:TrackPointExtension>
        </extensions>
      </trkpt>
      <trkpt lat="31.9621566496789455413818359375" lon="118.6863348819315433502197265625">
        <ele>16.200000762939453125</ele>
        <time>2026-08-14T12:15:18.000Z</time>
        <extensions>
          <ns3:TrackPointExtension>
            <ns3:hr>165</ns3:hr>
            <ns3:cad>89</ns3:cad>
          </ns3:TrackPointExtension>
        </extensions>
      </trkpt>
      <trkpt lat="31.962151117622852325439453125" lon="118.6863519810140132904052734375">
        <ele>16.200000762939453125</ele>
        <time>2026-08-14T12:15:19.000Z</time>
        <extensions>
          <ns3:TrackPointExtension>
            <ns3:hr>165</ns3:hr>
            <ns3:cad>88</ns3:cad>
          </ns3:TrackPointExtension>
        </extensions>
      </trkpt>
      <trkpt lat="31.96214633993804454803466796875" lon="118.6863714270293712615966796875">
        <ele>16.200000762939453125</ele>
        <time>2026-08-14T12:15:20.000Z</time>
        <extensions>
          <ns3:TrackPointExtension>
            <ns3:hr>165</ns3:hr>
            <ns3:cad>88</ns3:cad>
          </ns3:TrackPointExtension>
        </extensions>
      </trkpt>
      <trkpt lat="31.9621427357196807861328125" lon="118.68638793937861919403076171875">
        <ele>16</ele>
        <time>2026-08-14T12:15:21.000Z</time>
        <extensions>
          <ns3:TrackPointExtension>
            <ns3:hr>165</ns3:hr>
            <ns3:cad>88</ns3:cad>
          </ns3:TrackPointExtension>
        </extensions>
      </trkpt>
      <trkpt lat="31.96214097552001476287841796875" lon="118.6864052899181842803955078125">
        <ele>16</ele>
        <time>2026-08-14T12:15:22.000Z</time>
        <extensions>
          <ns3:TrackPointExtension>
            <ns3:hr>165</ns3:hr>
            <ns3:cad>88</ns3:cad>
          </ns3:TrackPointExtension>
        </extensions>
      </trkpt>
      <trkpt lat="31.96213980205357074737548828125" lon="118.686420880258083343505859375">
        <ele>16</ele>
        <time>2026-08-14T12:15:23.000Z</time>
        <extensions>
          <ns3:TrackPointExtension>
            <ns3:hr>165</ns3:hr>
            <ns3:cad>88</ns3:cad>
          </ns3:TrackPointExtension>
        </extensions>
      </trkpt>
      <trkpt lat="31.962138377130031585693359375" lon="118.686436302959918975830078125">
        <ele>16</ele>
        <time>2026-08-14T12:15:24.000Z</time>
        <extensions>
          <ns3:TrackPointExtension>
            <ns3:hr>164</ns3:hr>
            <ns3:cad>88</ns3:cad>
          </ns3:TrackPointExtension>
        </extensions>
      </trkpt>
      <trkpt lat="31.96213611401617527008056640625" lon="118.68645281530916690826416015625">
        <ele>16</ele>
        <time>2026-08-14T12:15:25.000Z</time>
        <extensions>
          <ns3:TrackPointExtension>
            <ns3:hr>165</ns3:hr>
            <ns3:cad>62</ns3:cad>
          </ns3:TrackPointExtension>
        </extensions>
      </trkpt>
      <trkpt lat="31.9621331803500652313232421875" lon="118.68646823801100254058837890625">
        <ele>16</ele>
        <time>2026-08-14T12:15:26.000Z</time>
        <extensions>
          <ns3:TrackPointExtension>
            <ns3:hr>165</ns3:hr>
            <ns3:cad>62</ns3:cad>
          </ns3:TrackPointExtension>
        </extensions>
      </trkpt>
      <trkpt lat="31.9621301628649234771728515625" lon="118.68648500181734561920166015625">
        <ele>16</ele>
        <time>2026-08-14T12:15:27.000Z</time>
        <extensions>
          <ns3:TrackPointExtension>
            <ns3:hr>165</ns3:hr>
            <ns3:cad>61</ns3:cad>
          </ns3:TrackPointExtension>
        </extensions>
      </trkpt>
      <trkpt lat="31.96212957613170146942138671875" lon="118.686502017080783843994140625">
        <ele>16</ele>
        <time>2026-08-14T12:15:28.000Z</time>
        <extensions>
          <ns3:TrackPointExtension>
            <ns3:hr>164</ns3:hr>
            <ns3:cad>61</ns3:cad>
          </ns3:TrackPointExtension>
        </extensions>
      </trkpt>
      <trkpt lat="31.9621274806559085845947265625" lon="118.68651802651584148406982421875">
        <ele>16</ele>
        <time>2026-08-14T12:15:29.000Z</time>
        <extensions>
          <ns3:TrackPointExtension>
            <ns3:hr>164</ns3:hr>
            <ns3:cad>61</ns3:cad>
          </ns3:TrackPointExtension>
        </extensions>
      </trkpt>
      <trkpt lat="31.962126977741718292236328125" lon="118.68653428740799427032470703125">
        <ele>16</ele>
        <time>2026-08-14T12:15:30.000Z</time>
        <extensions>
          <ns3:TrackPointExtension>
            <ns3:hr>164</ns3:hr>
            <ns3:cad>62</ns3:cad>
          </ns3:TrackPointExtension>
        </extensions>
      </trkpt>
      <trkpt lat="31.96212588809430599212646484375" lon="118.6865474469959735870361328125">
        <ele>16.200000762939453125</ele>
        <time>2026-08-14T12:15:31.000Z</time>
        <extensions>
          <ns3:TrackPointExtension>
            <ns3:hr>163</ns3:hr>
            <ns3:cad>62</ns3:cad>
          </ns3:TrackPointExtension>
        </extensions>
      </trkpt>
      <trkpt lat="31.96212454698979854583740234375" lon="118.686560690402984619140625">
        <ele>16.200000762939453125</ele>
        <time>2026-08-14T12:15:32.000Z</time>
        <extensions>
          <ns3:TrackPointExtension>
            <ns3:hr>163</ns3:hr>
            <ns3:cad>62</ns3:cad>
          </ns3:TrackPointExtension>
        </extensions>
      </trkpt>
      <trkpt lat="31.96212119422852993011474609375" lon="118.68657485581934452056884765625">
        <ele>16.200000762939453125</ele>
        <time>2026-08-14T12:15:33.000Z</time>
        <extensions>
          <ns3:TrackPointExtension>
            <ns3:hr>162</ns3:hr>
            <ns3:cad>62</ns3:cad>
          </ns3:TrackPointExtension>
        </extensions>
      </trkpt>
      <trkpt lat="31.962117590010166168212890625" lon="118.68658994324505329132080078125">
        <ele>16.3999996185302734375</ele>
        <time>2026-08-14T12:15:34.000Z</time>
        <extensions>
          <ns3:TrackPointExtension>
            <ns3:hr>161</ns3:hr>
            <ns3:cad>62</ns3:cad>
          </ns3:TrackPointExtension>
        </extensions>
      </trkpt>
      <trkpt lat="31.96211381815373897552490234375" lon="118.6866049468517303466796875">
        <ele>16.3999996185302734375</ele>
        <time>2026-08-14T12:15:35.000Z</time>
        <extensions>
          <ns3:TrackPointExtension>
            <ns3:hr>161</ns3:hr>
            <ns3:cad>62</ns3:cad>
          </ns3:TrackPointExtension>
        </extensions>
      </trkpt>
      <trkpt lat="31.9621103815734386444091796875" lon="118.686620034277439117431640625">
        <ele>16.3999996185302734375</ele>
        <time>2026-08-14T12:15:36.000Z</time>
        <extensions>
          <ns3:TrackPointExtension>
            <ns3:hr>160</ns3:hr>
            <ns3:cad>62</ns3:cad>
          </ns3:TrackPointExtension>
        </extensions>
      </trkpt>
      <trkpt lat="31.9621063582599163055419921875" lon="118.6866332776844501495361328125">
        <ele>16.3999996185302734375</ele>
        <time>2026-08-14T12:15:37.000Z</time>
        <extensions>
          <ns3:TrackPointExtension>
            <ns3:hr>160</ns3:hr>
            <ns3:cad>62</ns3:cad>
          </ns3:TrackPointExtension>
        </extensions>
      </trkpt>
      <trkpt lat="31.96210409514605998992919921875" lon="118.6866478621959686279296875">
        <ele>16.3999996185302734375</ele>
        <time>2026-08-14T12:15:38.000Z</time>
        <extensions>
          <ns3:TrackPointExtension>
            <ns3:hr>160</ns3:hr>
            <ns3:cad>62</ns3:cad>
          </ns3:TrackPointExtension>
        </extensions>
      </trkpt>
      <trkpt lat="31.9621016643941402435302734375" lon="118.68666303344070911407470703125">
        <ele>16.3999996185302734375</ele>
        <time>2026-08-14T12:15:39.000Z</time>
        <extensions>
          <ns3:TrackPointExtension>
            <ns3:hr>159</ns3:hr>
            <ns3:cad>61</ns3:cad>
          </ns3:TrackPointExtension>
        </extensions>
      </trkpt>
      <trkpt lat="31.96209973655641078948974609375" lon="118.68667761795222759246826171875">
        <ele>16.3999996185302734375</ele>
        <time>2026-08-14T12:15:40.000Z</time>
        <extensions>
          <ns3:TrackPointExtension>
            <ns3:hr>159</ns3:hr>
            <ns3:cad>61</ns3:cad>
          </ns3:TrackPointExtension>
        </extensions>
      </trkpt>
      <trkpt lat="31.96209638379514217376708984375" lon="118.68669337593019008636474609375">
        <ele>16.3999996185302734375</ele>
        <time>2026-08-14T12:15:41.000Z</time>
        <extensions>
          <ns3:TrackPointExtension>
            <ns3:hr>158</ns3:hr>
            <ns3:cad>62</ns3:cad>
          </ns3:TrackPointExtension>
        </extensions>
      </trkpt>
      <trkpt lat="31.962092109024524688720703125" lon="118.6867122352123260498046875">
        <ele>16.3999996185302734375</ele>
        <time>2026-08-14T12:15:42.000Z</time>
        <extensions>
          <ns3:TrackPointExtension>
            <ns3:hr>158</ns3:hr>
            <ns3:cad>62</ns3:cad>
          </ns3:TrackPointExtension>
        </extensions>
      </trkpt>
      <trkpt lat="31.96208666078746318817138671875" lon="118.68673176504671573638916015625">
        <ele>16.3999996185302734375</ele>
        <time>2026-08-14T12:15:43.000Z</time>
        <extensions>
          <ns3:TrackPointExtension>
            <ns3:hr>158</ns3:hr>
            <ns3:cad>63</ns3:cad>
          </ns3:TrackPointExtension>
        </extensions>
      </trkpt>
      <trkpt lat="31.9620795361697673797607421875" lon="118.68675171397626399993896484375">
        <ele>16.3999996185302734375</ele>
        <time>2026-08-14T12:15:44.000Z</time>
        <extensions>
          <ns3:TrackPointExtension>
            <ns3:hr>158</ns3:hr>
            <ns3:cad>63</ns3:cad>
          </ns3:TrackPointExtension>
        </extensions>
      </trkpt>
      <trkpt lat="31.96207475848495960235595703125" lon="118.686769902706146240234375">
        <ele>16.3999996185302734375</ele>
        <time>2026-08-14T12:15:45.000Z</time>
        <extensions>
          <ns3:TrackPointExtension>
            <ns3:hr>158</ns3:hr>
            <ns3:cad>62</ns3:cad>
          </ns3:TrackPointExtension>
        </extensions>
      </trkpt>
      <trkpt lat="31.96207073517143726348876953125" lon="118.68678809143602848052978515625">
        <ele>16.3999996185302734375</ele>
        <time>2026-08-14T12:15:46.000Z</time>
        <extensions>
          <ns3:TrackPointExtension>
            <ns3:hr>158</ns3:hr>
            <ns3:cad>62</ns3:cad>
          </ns3:TrackPointExtension>
        </extensions>
      </trkpt>
      <trkpt lat="31.962068974971771240234375" lon="118.68680720217525959014892578125">
        <ele>16.3999996185302734375</ele>
        <time>2026-08-14T12:15:47.000Z</time>
        <extensions>
          <ns3:TrackPointExtension>
            <ns3:hr>158</ns3:hr>
            <ns3:cad>62</ns3:cad>
          </ns3:TrackPointExtension>
        </extensions>
      </trkpt>
      <trkpt lat="31.96206721477210521697998046875" lon="118.6868237145245075225830078125">
        <ele>16.3999996185302734375</ele>
        <time>2026-08-14T12:15:48.000Z</time>
        <extensions>
          <ns3:TrackPointExtension>
            <ns3:hr>158</ns3:hr>
            <ns3:cad>62</ns3:cad>
          </ns3:TrackPointExtension>
        </extensions>
      </trkpt>
      <trkpt lat="31.96206637658178806304931640625" lon="118.6868408136069774627685546875">
        <ele>16.3999996185302734375</ele>
        <time>2026-08-14T12:15:49.000Z</time>
        <extensions>
          <ns3:TrackPointExtension>
            <ns3:hr>158</ns3:hr>
            <ns3:cad>62</ns3:cad>
          </ns3:TrackPointExtension>
        </extensions>
      </trkpt>
      <trkpt lat="31.96206486783921718597412109375" lon="118.6868572421371936798095703125">
        <ele>16.3999996185302734375</ele>
        <time>2026-08-14T12:15:50.000Z</time>
        <extensions>
          <ns3:TrackPointExtension>
            <ns3:hr>157</ns3:hr>
            <ns3:cad>62</ns3:cad>
          </ns3:TrackPointExtension>
        </extensions>
      </trkpt>
      <trkpt lat="31.96206302382051944732666015625" lon="118.68687408976256847381591796875">
        <ele>16.3999996185302734375</ele>
        <time>2026-08-14T12:15:51.000Z</time>
        <extensions>
          <ns3:TrackPointExtension>
            <ns3:hr>156</ns3:hr>
            <ns3:cad>62</ns3:cad>
          </ns3:TrackPointExtension>
        </extensions>
      </trkpt>
      <trkpt lat="31.96206101216375827789306640625" lon="118.6868944577872753143310546875">
        <ele>16.3999996185302734375</ele>
        <time>2026-08-14T12:15:52.000Z</time>
        <extensions>
          <ns3:TrackPointExtension>
            <ns3:hr>155</ns3:hr>
            <ns3:cad>63</ns3:cad>
          </ns3:TrackPointExtension>
        </extensions>
      </trkpt>
      <trkpt lat="31.9620617665350437164306640625" lon="118.6869118921458721160888671875">
        <ele>16.3999996185302734375</ele>
        <time>2026-08-14T12:15:53.000Z</time>
        <extensions>
          <ns3:TrackPointExtension>
            <ns3:hr>155</ns3:hr>
            <ns3:cad>63</ns3:cad>
          </ns3:TrackPointExtension>
        </extensions>
      </trkpt>
      <trkpt lat="31.96206000633537769317626953125" lon="118.68692790158092975616455078125">
        <ele>16.3999996185302734375</ele>
        <time>2026-08-14T12:15:54.000Z</time>
        <extensions>
          <ns3:TrackPointExtension>
            <ns3:hr>155</ns3:hr>
            <ns3:cad>63</ns3:cad>
          </ns3:TrackPointExtension>
        </extensions>
      </trkpt>
      <trkpt lat="31.96205832995474338531494140625" lon="118.686945252120494842529296875">
        <ele>16.3999996185302734375</ele>
        <time>2026-08-14T12:15:55.000Z</time>
        <extensions>
          <ns3:TrackPointExtension>
            <ns3:hr>154</ns3:hr>
            <ns3:cad>62</ns3:cad>
          </ns3:TrackPointExtension>
        </extensions>
      </trkpt>
      <trkpt lat="31.96205665357410907745361328125" lon="118.68696193210780620574951171875">
        <ele>16.3999996185302734375</ele>
        <time>2026-08-14T12:15:56.000Z</time>
        <extensions>
          <ns3:TrackPointExtension>
            <ns3:hr>155</ns3:hr>
            <ns3:cad>62</ns3:cad>
          </ns3:TrackPointExtension>
        </extensions>
      </trkpt>
      <trkpt lat="31.96205564774572849273681640625" lon="118.68697819299995899200439453125">
        <ele>16.3999996185302734375</ele>
        <time>2026-08-14T12:15:57.000Z</time>
        <extensions>
          <ns3:TrackPointExtension>
            <ns3:hr>155</ns3:hr>
            <ns3:cad>62</ns3:cad>
          </ns3:TrackPointExtension>
        </extensions>
      </trkpt>
      <trkpt lat="31.9620527140796184539794921875" lon="118.68699663318693637847900390625">
        <ele>16.200000762939453125</ele>
        <time>2026-08-14T12:15:58.000Z</time>
        <extensions>
          <ns3:TrackPointExtension>
            <ns3:hr>154</ns3:hr>
            <ns3:cad>62</ns3:cad>
          </ns3:TrackPointExtension>
        </extensions>
      </trkpt>
      <trkpt lat="31.9620503671467304229736328125" lon="118.68701389990746974945068359375">
        <ele>16.200000762939453125</ele>
        <time>2026-08-14T12:15:59.000Z</time>
        <extensions>
          <ns3:TrackPointExtension>
            <ns3:hr>154</ns3:hr>
            <ns3:cad>62</ns3:cad>
          </ns3:TrackPointExtension>
        </extensions>
      </trkpt>
      <trkpt lat="31.96204776875674724578857421875" lon="118.6870295740664005279541015625">
        <ele>16.200000762939453125</ele>
        <time>2026-08-14T12:16:00.000Z</time>
        <extensions>
          <ns3:TrackPointExtension>
            <ns3:hr>154</ns3:hr>
            <ns3:cad>63</ns3:cad>
          </ns3:TrackPointExtension>
        </extensions>
      </trkpt>
      <trkpt lat="31.962045170366764068603515625" lon="118.687047176063060760498046875">
        <ele>16.200000762939453125</ele>
        <time>2026-08-14T12:16:01.000Z</time>
        <extensions>
          <ns3:TrackPointExtension>
            <ns3:hr>154</ns3:hr>
            <ns3:cad>63</ns3:cad>
          </ns3:TrackPointExtension>
        </extensions>
      </trkpt>
      <trkpt lat="31.96204290725290775299072265625" lon="118.687061257660388946533203125">
        <ele>16.200000762939453125</ele>
        <time>2026-08-14T12:16:02.000Z</time>
        <extensions>
          <ns3:TrackPointExtension>
            <ns3:hr>153</ns3:hr>
            <ns3:cad>62</ns3:cad>
          </ns3:TrackPointExtension>
        </extensions>
      </trkpt>
      <trkpt lat="31.96204139851033687591552734375" lon="118.68707508780062198638916015625">
        <ele>16.200000762939453125</ele>
        <time>2026-08-14T12:16:03.000Z</time>
        <extensions>
          <ns3:TrackPointExtension>
            <ns3:hr>153</ns3:hr>
            <ns3:cad>62</ns3:cad>
          </ns3:TrackPointExtension>
        </extensions>
      </trkpt>
      <trkpt lat="31.96203838102519512176513671875" lon="118.6870902590453624725341796875">
        <ele>16.200000762939453125</ele>
        <time>2026-08-14T12:16:04.000Z</time>
        <extensions>
          <ns3:TrackPointExtension>
            <ns3:hr>153</ns3:hr>
            <ns3:cad>62</ns3:cad>
          </ns3:TrackPointExtension>
        </extensions>
      </trkpt>
      <trkpt lat="31.96203603409230709075927734375" lon="118.68710643611848354339599609375">
        <ele>16.200000762939453125</ele>
        <time>2026-08-14T12:16:05.000Z</time>
        <extensions>
          <ns3:TrackPointExtension>
            <ns3:hr>153</ns3:hr>
            <ns3:cad>64</ns3:cad>
          </ns3:TrackPointExtension>
        </extensions>
      </trkpt>
      <trkpt lat="31.9620329327881336212158203125" lon="118.68712236173450946807861328125">
        <ele>16.200000762939453125</ele>
        <time>2026-08-14T12:16:06.000Z</time>
        <extensions>
          <ns3:TrackPointExtension>
            <ns3:hr>153</ns3:hr>
            <ns3:cad>64</ns3:cad>
          </ns3:TrackPointExtension>
        </extensions>
      </trkpt>
      <trkpt lat="31.9620302505791187286376953125" lon="118.6871388740837574005126953125">
        <ele>16.200000762939453125</ele>
        <time>2026-08-14T12:16:07.000Z</time>
        <extensions>
          <ns3:TrackPointExtension>
            <ns3:hr>153</ns3:hr>
            <ns3:cad>62</ns3:cad>
          </ns3:TrackPointExtension>
        </extensions>
      </trkpt>
      <trkpt lat="31.96202748455107212066650390625" lon="118.68715681135654449462890625">
        <ele>16.3999996185302734375</ele>
        <time>2026-08-14T12:16:08.000Z</time>
        <extensions>
          <ns3:TrackPointExtension>
            <ns3:hr>153</ns3:hr>
            <ns3:cad>62</ns3:cad>
          </ns3:TrackPointExtension>
        </extensions>
      </trkpt>
      <trkpt lat="31.96202463470399379730224609375" lon="118.6871757544577121734619140625">
        <ele>16.3999996185302734375</ele>
        <time>2026-08-14T12:16:09.000Z</time>
        <extensions>
          <ns3:TrackPointExtension>
            <ns3:hr>152</ns3:hr>
            <ns3:cad>62</ns3:cad>
          </ns3:TrackPointExtension>
        </extensions>
      </trkpt>
      <trkpt lat="31.96202228777110576629638671875" lon="118.68719394318759441375732421875">
        <ele>16.3999996185302734375</ele>
        <time>2026-08-14T12:16:10.000Z</time>
        <extensions>
          <ns3:TrackPointExtension>
            <ns3:hr>152</ns3:hr>
            <ns3:cad>62</ns3:cad>
          </ns3:TrackPointExtension>
        </extensions>
      </trkpt>
      <trkpt lat="31.96201927028596401214599609375" lon="118.687212131917476654052734375">
        <ele>16.200000762939453125</ele>
        <time>2026-08-14T12:16:11.000Z</time>
        <extensions>
          <ns3:TrackPointExtension>
            <ns3:hr>151</ns3:hr>
            <ns3:cad>62</ns3:cad>
          </ns3:TrackPointExtension>
        </extensions>
      </trkpt>
      <trkpt lat="31.9620178453624248504638671875" lon="118.6872307397425174713134765625">
        <ele>16.200000762939453125</ele>
        <time>2026-08-14T12:16:12.000Z</time>
        <extensions>
          <ns3:TrackPointExtension>
            <ns3:hr>151</ns3:hr>
            <ns3:cad>63</ns3:cad>
          </ns3:TrackPointExtension>
        </extensions>
      </trkpt>
      <trkpt lat="31.9620171748101711273193359375" lon="118.68724859319627285003662109375">
        <ele>16.200000762939453125</ele>
        <time>2026-08-14T12:16:13.000Z</time>
        <extensions>
          <ns3:TrackPointExtension>
            <ns3:hr>151</ns3:hr>
            <ns3:cad>63</ns3:cad>
          </ns3:TrackPointExtension>
        </extensions>
      </trkpt>
      <trkpt lat="31.9620166718959808349609375" lon="118.68726535700261592864990234375">
        <ele>16.200000762939453125</ele>
        <time>2026-08-14T12:16:14.000Z</time>
        <extensions>
          <ns3:TrackPointExtension>
            <ns3:hr>150</ns3:hr>
            <ns3:cad>63</ns3:cad>
          </ns3:TrackPointExtension>
        </extensions>
      </trkpt>
      <trkpt lat="31.9620148278772830963134765625" lon="118.6872835457324981689453125">
        <ele>16.200000762939453125</ele>
        <time>2026-08-14T12:16:15.000Z</time>
        <extensions>
          <ns3:TrackPointExtension>
            <ns3:hr>150</ns3:hr>
            <ns3:cad>63</ns3:cad>
          </ns3:TrackPointExtension>
        </extensions>
      </trkpt>
      <trkpt lat="31.96201172657310962677001953125" lon="118.68730123154819011688232421875">
        <ele>16.200000762939453125</ele>
        <time>2026-08-14T12:16:16.000Z</time>
        <extensions>
          <ns3:TrackPointExtension>
            <ns3:hr>150</ns3:hr>
            <ns3:cad>63</ns3:cad>
          </ns3:TrackPointExtension>
        </extensions>
      </trkpt>
      <trkpt lat="31.96200887672603130340576171875" lon="118.68731766007840633392333984375">
        <ele>16.200000762939453125</ele>
        <time>2026-08-14T12:16:17.000Z</time>
        <extensions>
          <ns3:TrackPointExtension>
            <ns3:hr>150</ns3:hr>
            <ns3:cad>63</ns3:cad>
          </ns3:TrackPointExtension>
        </extensions>
      </trkpt>
      <trkpt lat="31.9620067812502384185791015625" lon="118.68733442388474941253662109375">
        <ele>16.200000762939453125</ele>
        <time>2026-08-14T12:16:18.000Z</time>
        <extensions>
          <ns3:TrackPointExtension>
            <ns3:hr>150</ns3:hr>
            <ns3:cad>64</ns3:cad>
          </ns3:TrackPointExtension>
        </extensions>
      </trkpt>
      <trkpt lat="31.962003596127033233642578125" lon="118.68735152296721935272216796875">
        <ele>16.200000762939453125</ele>
        <time>2026-08-14T12:16:19.000Z</time>
        <extensions>
          <ns3:TrackPointExtension>
            <ns3:hr>150</ns3:hr>
            <ns3:cad>65</ns3:cad>
          </ns3:TrackPointExtension>
        </extensions>
      </trkpt>
      <trkpt lat="31.962000243365764617919921875" lon="118.687368370592594146728515625">
        <ele>16.200000762939453125</ele>
        <time>2026-08-14T12:16:20.000Z</time>
        <extensions>
          <ns3:TrackPointExtension>
            <ns3:hr>150</ns3:hr>
            <ns3:cad>65</ns3:cad>
          </ns3:TrackPointExtension>
        </extensions>
      </trkpt>
      <trkpt lat="31.96199580095708370208740234375" lon="118.687384463846683502197265625">
        <ele>16.3999996185302734375</ele>
        <time>2026-08-14T12:16:21.000Z</time>
        <extensions>
          <ns3:TrackPointExtension>
            <ns3:hr>150</ns3:hr>
            <ns3:cad>64</ns3:cad>
          </ns3:TrackPointExtension>
        </extensions>
      </trkpt>
      <trkpt lat="31.96199186146259307861328125" lon="118.6873993836343288421630859375">
        <ele>16.3999996185302734375</ele>
        <time>2026-08-14T12:16:22.000Z</time>
        <extensions>
          <ns3:TrackPointExtension>
            <ns3:hr>149</ns3:hr>
            <ns3:cad>64</ns3:cad>
          </ns3:TrackPointExtension>
        </extensions>
      </trkpt>
      <trkpt lat="31.96198658086359500885009765625" lon="118.68741489015519618988037109375">
        <ele>16.3999996185302734375</ele>
        <time>2026-08-14T12:16:23.000Z</time>
        <extensions>
          <ns3:TrackPointExtension>
            <ns3:hr>149</ns3:hr>
            <ns3:cad>63</ns3:cad>
          </ns3:TrackPointExtension>
        </extensions>
      </trkpt>
      <trkpt lat="31.9619813002645969390869140625" lon="118.687430061399936676025390625">
        <ele>16.3999996185302734375</ele>
        <time>2026-08-14T12:16:24.000Z</time>
        <extensions>
          <ns3:TrackPointExtension>
            <ns3:hr>149</ns3:hr>
            <ns3:cad>63</ns3:cad>
          </ns3:TrackPointExtension>
        </extensions>
      </trkpt>
      <trkpt lat="31.96197585202753543853759765625" lon="118.6874463222920894622802734375">
        <ele>16.3999996185302734375</ele>
        <time>2026-08-14T12:16:25.000Z</time>
        <extensions>
          <ns3:TrackPointExtension>
            <ns3:hr>148</ns3:hr>
            <ns3:cad>64</ns3:cad>
          </ns3:TrackPointExtension>
        </extensions>
      </trkpt>
      <trkpt lat="31.96197316981852054595947265625" lon="118.68746384046971797943115234375">
        <ele>16.3999996185302734375</ele>
        <time>2026-08-14T12:16:26.000Z</time>
        <extensions>
          <ns3:TrackPointExtension>
            <ns3:hr>148</ns3:hr>
            <ns3:cad>64</ns3:cad>
          </ns3:TrackPointExtension>
        </extensions>
      </trkpt>
      <trkpt lat="31.96196914650499820709228515625" lon="118.6874811910092830657958984375">
        <ele>16.3999996185302734375</ele>
        <time>2026-08-14T12:16:27.000Z</time>
        <extensions>
          <ns3:TrackPointExtension>
            <ns3:hr>148</ns3:hr>
            <ns3:cad>64</ns3:cad>
          </ns3:TrackPointExtension>
        </extensions>
      </trkpt>
      <trkpt lat="31.96196512319147586822509765625" lon="118.687501810491085052490234375">
        <ele>16.3999996185302734375</ele>
        <time>2026-08-14T12:16:28.000Z</time>
        <extensions>
          <ns3:TrackPointExtension>
            <ns3:hr>147</ns3:hr>
            <ns3:cad>64</ns3:cad>
          </ns3:TrackPointExtension>
        </extensions>
      </trkpt>
      <trkpt lat="31.961960680782794952392578125" lon="118.687525950372219085693359375">
        <ele>16.3999996185302734375</ele>
        <time>2026-08-14T12:16:29.000Z</time>
        <extensions>
          <ns3:TrackPointExtension>
            <ns3:hr>147</ns3:hr>
            <ns3:cad>63</ns3:cad>
          </ns3:TrackPointExtension>
        </extensions>
      </trkpt>
      <trkpt lat="31.96195774711668491363525390625" lon="118.6875435523688793182373046875">
        <ele>16.3999996185302734375</ele>
        <time>2026-08-14T12:16:30.000Z</time>
        <extensions>
          <ns3:TrackPointExtension>
            <ns3:hr>145</ns3:hr>
            <ns3:cad>63</ns3:cad>
          </ns3:TrackPointExtension>
        </extensions>
      </trkpt>
      <trkpt lat="31.96195506490767002105712890625" lon="118.6875606514513492584228515625">
        <ele>16.3999996185302734375</ele>
        <time>2026-08-14T12:16:31.000Z</time>
        <extensions>
          <ns3:TrackPointExtension>
            <ns3:hr>145</ns3:hr>
            <ns3:cad>63</ns3:cad>
          </ns3:TrackPointExtension>
        </extensions>
      </trkpt>
      <trkpt lat="31.96195104159414768218994140625" lon="118.68757800199091434478759765625">
        <ele>16.3999996185302734375</ele>
        <time>2026-08-14T12:16:32.000Z</time>
        <extensions>
          <ns3:TrackPointExtension>
            <ns3:hr>144</ns3:hr>
            <ns3:cad>63</ns3:cad>
          </ns3:TrackPointExtension>
        </extensions>
      </trkpt>
      <trkpt lat="31.96194936521351337432861328125" lon="118.68759409524500370025634765625">
        <ele>16.3999996185302734375</ele>
        <time>2026-08-14T12:16:33.000Z</time>
        <extensions>
          <ns3:TrackPointExtension>
            <ns3:hr>144</ns3:hr>
            <ns3:cad>63</ns3:cad>
          </ns3:TrackPointExtension>
        </extensions>
      </trkpt>
      <trkpt lat="31.9619469344615936279296875" lon="118.6876107752323150634765625">
        <ele>16.3999996185302734375</ele>
        <time>2026-08-14T12:16:34.000Z</time>
        <extensions>
          <ns3:TrackPointExtension>
            <ns3:hr>144</ns3:hr>
            <ns3:cad>63</ns3:cad>
          </ns3:TrackPointExtension>
        </extensions>
      </trkpt>
      <trkpt lat="31.96194433607161045074462890625" lon="118.6876253597438335418701171875">
        <ele>16.3999996185302734375</ele>
        <time>2026-08-14T12:16:35.000Z</time>
        <extensions>
          <ns3:TrackPointExtension>
            <ns3:hr>144</ns3:hr>
            <ns3:cad>63</ns3:cad>
          </ns3:TrackPointExtension>
        </extensions>
      </trkpt>
      <trkpt lat="31.9619414024055004119873046875" lon="118.68764095008373260498046875">
        <ele>16.3999996185302734375</ele>
        <time>2026-08-14T12:16:36.000Z</time>
        <extensions>
          <ns3:TrackPointExtension>
            <ns3:hr>145</ns3:hr>
            <ns3:cad>63</ns3:cad>
          </ns3:TrackPointExtension>
        </extensions>
      </trkpt>
      <trkpt lat="31.9619380496442317962646484375" lon="118.68765645660459995269775390625">
        <ele>16.3999996185302734375</ele>
        <time>2026-08-14T12:16:37.000Z</time>
        <extensions>
          <ns3:TrackPointExtension>
            <ns3:hr>146</ns3:hr>
            <ns3:cad>64</ns3:cad>
          </ns3:TrackPointExtension>
        </extensions>
      </trkpt>
      <trkpt lat="31.961935199797153472900390625" lon="118.6876733042299747467041015625">
        <ele>16.3999996185302734375</ele>
        <time>2026-08-14T12:16:38.000Z</time>
        <extensions>
          <ns3:TrackPointExtension>
            <ns3:hr>147</ns3:hr>
            <ns3:cad>64</ns3:cad>
          </ns3:TrackPointExtension>
        </extensions>
      </trkpt>
      <trkpt lat="31.9619316793978214263916015625" lon="118.68769099004566669464111328125">
        <ele>16.3999996185302734375</ele>
        <time>2026-08-14T12:16:39.000Z</time>
        <extensions>
          <ns3:TrackPointExtension>
            <ns3:hr>147</ns3:hr>
            <ns3:cad>64</ns3:cad>
          </ns3:TrackPointExtension>
        </extensions>
      </trkpt>
      <trkpt lat="31.96192874573171138763427734375" lon="118.687709681689739227294921875">
        <ele>16.3999996185302734375</ele>
        <time>2026-08-14T12:16:40.000Z</time>
        <extensions>
          <ns3:TrackPointExtension>
            <ns3:hr>147</ns3:hr>
            <ns3:cad>64</ns3:cad>
          </ns3:TrackPointExtension>
        </extensions>
      </trkpt>
      <trkpt lat="31.9619243033230304718017578125" lon="118.687726445496082305908203125">
        <ele>16.3999996185302734375</ele>
        <time>2026-08-14T12:16:41.000Z</time>
        <extensions>
          <ns3:TrackPointExtension>
            <ns3:hr>147</ns3:hr>
            <ns3:cad>64</ns3:cad>
          </ns3:TrackPointExtension>
        </extensions>
      </trkpt>
      <trkpt lat="31.96192036382853984832763671875" lon="118.6877437122166156768798828125">
        <ele>16.3999996185302734375</ele>
        <time>2026-08-14T12:16:42.000Z</time>
        <extensions>
          <ns3:TrackPointExtension>
            <ns3:hr>147</ns3:hr>
            <ns3:cad>64</ns3:cad>
          </ns3:TrackPointExtension>
        </extensions>
      </trkpt>
      <trkpt lat="31.96191617287695407867431640625" lon="118.68776106275618076324462890625">
        <ele>16.3999996185302734375</ele>
        <time>2026-08-14T12:16:43.000Z</time>
        <extensions>
          <ns3:TrackPointExtension>
            <ns3:hr>147</ns3:hr>
            <ns3:cad>63</ns3:cad>
          </ns3:TrackPointExtension>
        </extensions>
      </trkpt>
      <trkpt lat="31.96191181428730487823486328125" lon="118.68777799420058727264404296875">
        <ele>16.3999996185302734375</ele>
        <time>2026-08-14T12:16:44.000Z</time>
        <extensions>
          <ns3:TrackPointExtension>
            <ns3:hr>146</ns3:hr>
            <ns3:cad>63</ns3:cad>
          </ns3:TrackPointExtension>
        </extensions>
      </trkpt>
      <trkpt lat="31.961909048259258270263671875" lon="118.68779492564499378204345703125">
        <ele>16.3999996185302734375</ele>
        <time>2026-08-14T12:16:45.000Z</time>
        <extensions>
          <ns3:TrackPointExtension>
            <ns3:hr>147</ns3:hr>
            <ns3:cad>63</ns3:cad>
          </ns3:TrackPointExtension>
        </extensions>
      </trkpt>
      <trkpt lat="31.96190628223121166229248046875" lon="118.68781336583197116851806640625">
        <ele>16.3999996185302734375</ele>
        <time>2026-08-14T12:16:46.000Z</time>
        <extensions>
          <ns3:TrackPointExtension>
            <ns3:hr>147</ns3:hr>
            <ns3:cad>63</ns3:cad>
          </ns3:TrackPointExtension>
        </extensions>
      </trkpt>
      <trkpt lat="31.9619038514792919158935546875" lon="118.68783080019056797027587890625">
        <ele>16.6000003814697265625</ele>
        <time>2026-08-14T12:16:47.000Z</time>
        <extensions>
          <ns3:TrackPointExtension>
            <ns3:hr>147</ns3:hr>
            <ns3:cad>63</ns3:cad>
          </ns3:TrackPointExtension>
        </extensions>
      </trkpt>
      <trkpt lat="31.96190041489899158477783203125" lon="118.68785007856786251068115234375">
        <ele>16.3999996185302734375</ele>
        <time>2026-08-14T12:16:48.000Z</time>
        <extensions>
          <ns3:TrackPointExtension>
            <ns3:hr>147</ns3:hr>
            <ns3:cad>63</ns3:cad>
          </ns3:TrackPointExtension>
        </extensions>
      </trkpt>
      <trkpt lat="31.9618974812328815460205078125" lon="118.68786902166903018951416015625">
        <ele>16.3999996185302734375</ele>
        <time>2026-08-14T12:16:49.000Z</time>
        <extensions>
          <ns3:TrackPointExtension>
            <ns3:hr>147</ns3:hr>
            <ns3:cad>63</ns3:cad>
          </ns3:TrackPointExtension>
        </extensions>
      </trkpt>
      <trkpt lat="31.9618934579193592071533203125" lon="118.68788729421794414520263671875">
        <ele>16.3999996185302734375</ele>
        <time>2026-08-14T12:16:50.000Z</time>
        <extensions>
          <ns3:TrackPointExtension>
            <ns3:hr>147</ns3:hr>
            <ns3:cad>63</ns3:cad>
          </ns3:TrackPointExtension>
        </extensions>
      </trkpt>
      <trkpt lat="31.96189069189131259918212890625" lon="118.68790321983397006988525390625">
        <ele>16.3999996185302734375</ele>
        <time>2026-08-14T12:16:51.000Z</time>
        <extensions>
          <ns3:TrackPointExtension>
            <ns3:hr>147</ns3:hr>
            <ns3:cad>63</ns3:cad>
          </ns3:TrackPointExtension>
        </extensions>
      </trkpt>
      <trkpt lat="31.96188884787261486053466796875" lon="118.6879197321832180023193359375">
        <ele>16.3999996185302734375</ele>
        <time>2026-08-14T12:16:52.000Z</time>
        <extensions>
          <ns3:TrackPointExtension>
            <ns3:hr>147</ns3:hr>
            <ns3:cad>63</ns3:cad>
          </ns3:TrackPointExtension>
        </extensions>
      </trkpt>
      <trkpt lat="31.9618879258632659912109375" lon="118.68793926201760768890380859375">
        <ele>16.3999996185302734375</ele>
        <time>2026-08-14T12:16:53.000Z</time>
        <extensions>
          <ns3:TrackPointExtension>
            <ns3:hr>148</ns3:hr>
            <ns3:cad>63</ns3:cad>
          </ns3:TrackPointExtension>
        </extensions>
      </trkpt>
      <trkpt lat="31.96188532747328281402587890625" lon="118.687961809337139129638671875">
        <ele>16.3999996185302734375</ele>
        <time>2026-08-14T12:16:54.000Z</time>
        <extensions>
          <ns3:TrackPointExtension>
            <ns3:hr>147</ns3:hr>
            <ns3:cad>63</ns3:cad>
          </ns3:TrackPointExtension>
        </extensions>
      </trkpt>
      <trkpt lat="31.96188348345458507537841796875" lon="118.68798268027603626251220703125">
        <ele>16.3999996185302734375</ele>
        <time>2026-08-14T12:16:55.000Z</time>
        <extensions>
          <ns3:TrackPointExtension>
            <ns3:hr>147</ns3:hr>
            <ns3:cad>63</ns3:cad>
          </ns3:TrackPointExtension>
        </extensions>
      </trkpt>
      <trkpt lat="31.961879543960094451904296875" lon="118.68800640106201171875">
        <ele>16.3999996185302734375</ele>
        <time>2026-08-14T12:16:56.000Z</time>
        <extensions>
          <ns3:TrackPointExtension>
            <ns3:hr>147</ns3:hr>
            <ns3:cad>63</ns3:cad>
          </ns3:TrackPointExtension>
        </extensions>
      </trkpt>
      <trkpt lat="31.96187694557011127471923828125" lon="118.6880273558199405670166015625">
        <ele>16.3999996185302734375</ele>
        <time>2026-08-14T12:16:57.000Z</time>
        <extensions>
          <ns3:TrackPointExtension>
            <ns3:hr>147</ns3:hr>
            <ns3:cad>63</ns3:cad>
          </ns3:TrackPointExtension>
        </extensions>
      </trkpt>
      <trkpt lat="31.96187208406627178192138671875" lon="118.68805174715816974639892578125">
        <ele>16.3999996185302734375</ele>
        <time>2026-08-14T12:16:58.000Z</time>
        <extensions>
          <ns3:TrackPointExtension>
            <ns3:hr>146</ns3:hr>
            <ns3:cad>88</ns3:cad>
          </ns3:TrackPointExtension>
        </extensions>
      </trkpt>
      <trkpt lat="31.9618689827620983123779296875" lon="118.68807521648705005645751953125">
        <ele>16.6000003814697265625</ele>
        <time>2026-08-14T12:16:59.000Z</time>
        <extensions>
          <ns3:TrackPointExtension>
            <ns3:hr>145</ns3:hr>
            <ns3:cad>88</ns3:cad>
          </ns3:TrackPointExtension>
        </extensions>
      </trkpt>
      <trkpt lat="31.9618679769337177276611328125" lon="118.6881044693291187286376953125">
        <ele>16.6000003814697265625</ele>
        <time>2026-08-14T12:17:00.000Z</time>
        <extensions>
          <ns3:TrackPointExtension>
            <ns3:hr>145</ns3:hr>
            <ns3:cad>88</ns3:cad>
          </ns3:TrackPointExtension>
        </extensions>
      </trkpt>
      <trkpt lat="31.96186772547662258148193359375" lon="118.6881244182586669921875">
        <ele>16.6000003814697265625</ele>
        <time>2026-08-14T12:17:01.000Z</time>
        <extensions>
          <ns3:TrackPointExtension>
            <ns3:hr>144</ns3:hr>
            <ns3:cad>89</ns3:cad>
          </ns3:TrackPointExtension>
        </extensions>
      </trkpt>
      <trkpt lat="31.96186420507729053497314453125" lon="118.6881540901958942413330078125">
        <ele>16.6000003814697265625</ele>
        <time>2026-08-14T12:17:02.000Z</time>
        <extensions>
          <ns3:TrackPointExtension>
            <ns3:hr>144</ns3:hr>
            <ns3:cad>88</ns3:cad>
          </ns3:TrackPointExtension>
        </extensions>
      </trkpt>
      <trkpt lat="31.96186319924890995025634765625" lon="118.6881728656589984893798828125">
        <ele>16.3999996185302734375</ele>
        <time>2026-08-14T12:17:03.000Z</time>
        <extensions>
          <ns3:TrackPointExtension>
            <ns3:hr>143</ns3:hr>
            <ns3:cad>89</ns3:cad>
          </ns3:TrackPointExtension>
        </extensions>
      </trkpt>
      <trkpt lat="31.9618562422692775726318359375" lon="118.6881986819207668304443359375">
        <ele>16.3999996185302734375</ele>
        <time>2026-08-14T12:17:04.000Z</time>
        <extensions>
          <ns3:TrackPointExtension>
            <ns3:hr>143</ns3:hr>
            <ns3:cad>89</ns3:cad>
          </ns3:TrackPointExtension>
        </extensions>
      </trkpt>
      <trkpt lat="31.9618532247841358184814453125" lon="118.6882187984883785247802734375">
        <ele>16.3999996185302734375</ele>
        <time>2026-08-14T12:17:05.000Z</time>
        <extensions>
          <ns3:TrackPointExtension>
            <ns3:hr>143</ns3:hr>
            <ns3:cad>89</ns3:cad>
          </ns3:TrackPointExtension>
        </extensions>
      </trkpt>
      <trkpt lat="31.96184559725224971771240234375" lon="118.6882456205785274505615234375">
        <ele>16.3999996185302734375</ele>
        <time>2026-08-14T12:17:06.000Z</time>
        <extensions>
          <ns3:TrackPointExtension>
            <ns3:hr>143</ns3:hr>
            <ns3:cad>89</ns3:cad>
          </ns3:TrackPointExtension>
        </extensions>
      </trkpt>
      <trkpt lat="31.96184593252837657928466796875" lon="118.6882664076983928680419921875">
        <ele>16.6000003814697265625</ele>
        <time>2026-08-14T12:17:07.000Z</time>
        <extensions>
          <ns3:TrackPointExtension>
            <ns3:hr>143</ns3:hr>
            <ns3:cad>89</ns3:cad>
          </ns3:TrackPointExtension>
        </extensions>
      </trkpt>
      <trkpt lat="31.96184056811034679412841796875" lon="118.68829348124563694000244140625">
        <ele>16.6000003814697265625</ele>
        <time>2026-08-14T12:17:08.000Z</time>
        <extensions>
          <ns3:TrackPointExtension>
            <ns3:hr>142</ns3:hr>
            <ns3:cad>89</ns3:cad>
          </ns3:TrackPointExtension>
        </extensions>
      </trkpt>
      <trkpt lat="31.96184174157679080963134765625" lon="118.68831376545131206512451171875">
        <ele>16.6000003814697265625</ele>
        <time>2026-08-14T12:17:09.000Z</time>
        <extensions>
          <ns3:TrackPointExtension>
            <ns3:hr>142</ns3:hr>
            <ns3:cad>90</ns3:cad>
          </ns3:TrackPointExtension>
        </extensions>
      </trkpt>
      <trkpt lat="31.96183470077812671661376953125" lon="118.68834226392209529876708984375">
        <ele>16.6000003814697265625</ele>
        <time>2026-08-14T12:17:10.000Z</time>
        <extensions>
          <ns3:TrackPointExtension>
            <ns3:hr>142</ns3:hr>
            <ns3:cad>91</ns3:cad>
          </ns3:TrackPointExtension>
        </extensions>
      </trkpt>
      <trkpt lat="31.9618334434926509857177734375" lon="118.68836204521358013153076171875">
        <ele>16.6000003814697265625</ele>
        <time>2026-08-14T12:17:11.000Z</time>
        <extensions>
          <ns3:TrackPointExtension>
            <ns3:hr>143</ns3:hr>
            <ns3:cad>91</ns3:cad>
          </ns3:TrackPointExtension>
        </extensions>
      </trkpt>
      <trkpt lat="31.96182447485625743865966796875" lon="118.688391633331775665283203125">
        <ele>16.6000003814697265625</ele>
        <time>2026-08-14T12:17:12.000Z</time>
        <extensions>
          <ns3:TrackPointExtension>
            <ns3:hr>143</ns3:hr>
            <ns3:cad>91</ns3:cad>
          </ns3:TrackPointExtension>
        </extensions>
      </trkpt>
      <trkpt lat="31.96182212792336940765380859375" lon="118.6884119175374507904052734375">
        <ele>16.6000003814697265625</ele>
        <time>2026-08-14T12:17:13.000Z</time>
        <extensions>
          <ns3:TrackPointExtension>
            <ns3:hr>143</ns3:hr>
            <ns3:cad>91</ns3:cad>
          </ns3:TrackPointExtension>
        </extensions>
      </trkpt>
      <trkpt lat="31.96181391365826129913330078125" lon="118.68844066746532917022705078125">
        <ele>16.6000003814697265625</ele>
        <time>2026-08-14T12:17:14.000Z</time>
        <extensions>
          <ns3:TrackPointExtension>
            <ns3:hr>144</ns3:hr>
            <ns3:cad>90</ns3:cad>
          </ns3:TrackPointExtension>
        </extensions>
      </trkpt>
      <trkpt lat="31.96181475184857845306396484375" lon="118.6884601972997188568115234375">
        <ele>16.6000003814697265625</ele>
        <time>2026-08-14T12:17:15.000Z</time>
        <extensions>
          <ns3:TrackPointExtension>
            <ns3:hr>145</ns3:hr>
            <ns3:cad>90</ns3:cad>
          </ns3:TrackPointExtension>
        </extensions>
      </trkpt>
      <trkpt lat="31.96181123144924640655517578125" lon="118.68848861195147037506103515625">
        <ele>16.6000003814697265625</ele>
        <time>2026-08-14T12:17:16.000Z</time>
        <extensions>
          <ns3:TrackPointExtension>
            <ns3:hr>145</ns3:hr>
            <ns3:cad>90</ns3:cad>
          </ns3:TrackPointExtension>
        </extensions>
      </trkpt>
      <trkpt lat="31.96180938743054866790771484375" lon="118.68851074017584323883056640625">
        <ele>16.6000003814697265625</ele>
        <time>2026-08-14T12:17:17.000Z</time>
        <extensions>
          <ns3:TrackPointExtension>
            <ns3:hr>145</ns3:hr>
            <ns3:cad>90</ns3:cad>
          </ns3:TrackPointExtension>
        </extensions>
      </trkpt>
      <trkpt lat="31.96180318482220172882080078125" lon="118.68853454478085041046142578125">
        <ele>16.6000003814697265625</ele>
        <time>2026-08-14T12:17:18.000Z</time>
        <extensions>
          <ns3:TrackPointExtension>
            <ns3:hr>145</ns3:hr>
            <ns3:cad>91</ns3:cad>
          </ns3:TrackPointExtension>
        </extensions>
      </trkpt>
      <trkpt lat="31.96179807186126708984375" lon="118.6885602772235870361328125">
        <ele>16.6000003814697265625</ele>
        <time>2026-08-14T12:17:19.000Z</time>
        <extensions>
          <ns3:TrackPointExtension>
            <ns3:hr>146</ns3:hr>
            <ns3:cad>91</ns3:cad>
          </ns3:TrackPointExtension>
        </extensions>
      </trkpt>
      <trkpt lat="31.96179329417645931243896484375" lon="118.68858374655246734619140625">
        <ele>16.799999237060546875</ele>
        <time>2026-08-14T12:17:20.000Z</time>
        <extensions>
          <ns3:TrackPointExtension>
            <ns3:hr>147</ns3:hr>
            <ns3:cad>91</ns3:cad>
          </ns3:TrackPointExtension>
        </extensions>
      </trkpt>
      <trkpt lat="31.96178893558681011199951171875" lon="118.68860931135714054107666015625">
        <ele>16.799999237060546875</ele>
        <time>2026-08-14T12:17:21.000Z</time>
        <extensions>
          <ns3:TrackPointExtension>
            <ns3:hr>147</ns3:hr>
            <ns3:cad>92</ns3:cad>
          </ns3:TrackPointExtension>
        </extensions>
      </trkpt>
      <trkpt lat="31.96177921257913112640380859375" lon="118.68862942792475223541259765625">
        <ele>16.799999237060546875</ele>
        <time>2026-08-14T12:17:22.000Z</time>
        <extensions>
          <ns3:TrackPointExtension>
            <ns3:hr>149</ns3:hr>
            <ns3:cad>92</ns3:cad>
          </ns3:TrackPointExtension>
        </extensions>
      </trkpt>
      <trkpt lat="31.961774267256259918212890625" lon="118.68865742348134517669677734375">
        <ele>16.799999237060546875</ele>
        <time>2026-08-14T12:17:23.000Z</time>
        <extensions>
          <ns3:TrackPointExtension>
            <ns3:hr>150</ns3:hr>
            <ns3:cad>92</ns3:cad>
          </ns3:TrackPointExtension>
        </extensions>
      </trkpt>
      <trkpt lat="31.96177057921886444091796875" lon="118.68868055753409862518310546875">
        <ele>16.799999237060546875</ele>
        <time>2026-08-14T12:17:24.000Z</time>
        <extensions>
          <ns3:TrackPointExtension>
            <ns3:hr>151</ns3:hr>
            <ns3:cad>92</ns3:cad>
          </ns3:TrackPointExtension>
        </extensions>
      </trkpt>
      <trkpt lat="31.9617670588195323944091796875" lon="118.68870805017650127410888671875">
        <ele>16.799999237060546875</ele>
        <time>2026-08-14T12:17:25.000Z</time>
        <extensions>
          <ns3:TrackPointExtension>
            <ns3:hr>151</ns3:hr>
            <ns3:cad>92</ns3:cad>
          </ns3:TrackPointExtension>
        </extensions>
      </trkpt>
      <trkpt lat="31.9617623649537563323974609375" lon="118.6887319386005401611328125">
        <ele>16.799999237060546875</ele>
        <time>2026-08-14T12:17:26.000Z</time>
        <extensions>
          <ns3:TrackPointExtension>
            <ns3:hr>152</ns3:hr>
            <ns3:cad>92</ns3:cad>
          </ns3:TrackPointExtension>
        </extensions>
      </trkpt>
      <trkpt lat="31.96175725199282169342041015625" lon="118.6887587606906890869140625">
        <ele>16.799999237060546875</ele>
        <time>2026-08-14T12:17:27.000Z</time>
        <extensions>
          <ns3:TrackPointExtension>
            <ns3:hr>152</ns3:hr>
            <ns3:cad>92</ns3:cad>
          </ns3:TrackPointExtension>
        </extensions>
      </trkpt>
      <trkpt lat="31.96175574325025081634521484375" lon="118.688781224191188812255859375">
        <ele>16.799999237060546875</ele>
        <time>2026-08-14T12:17:28.000Z</time>
        <extensions>
          <ns3:TrackPointExtension>
            <ns3:hr>152</ns3:hr>
            <ns3:cad>92</ns3:cad>
          </ns3:TrackPointExtension>
        </extensions>
      </trkpt>
      <trkpt lat="31.96175054647028446197509765625" lon="118.6888085491955280303955078125">
        <ele>16.6000003814697265625</ele>
        <time>2026-08-14T12:17:29.000Z</time>
        <extensions>
          <ns3:TrackPointExtension>
            <ns3:hr>152</ns3:hr>
            <ns3:cad>92</ns3:cad>
          </ns3:TrackPointExtension>
        </extensions>
      </trkpt>
      <trkpt lat="31.9617476128041744232177734375" lon="118.688830845057964324951171875">
        <ele>16.799999237060546875</ele>
        <time>2026-08-14T12:17:30.000Z</time>
        <extensions>
          <ns3:TrackPointExtension>
            <ns3:hr>152</ns3:hr>
            <ns3:cad>92</ns3:cad>
          </ns3:TrackPointExtension>
        </extensions>
      </trkpt>
      <trkpt lat="31.9617422483861446380615234375" lon="118.68885590694844722747802734375">
        <ele>16.799999237060546875</ele>
        <time>2026-08-14T12:17:31.000Z</time>
        <extensions>
          <ns3:TrackPointExtension>
            <ns3:hr>152</ns3:hr>
            <ns3:cad>92</ns3:cad>
          </ns3:TrackPointExtension>
        </extensions>
      </trkpt>
      <trkpt lat="31.96173814125359058380126953125" lon="118.68887610733509063720703125">
        <ele>16.799999237060546875</ele>
        <time>2026-08-14T12:17:32.000Z</time>
        <extensions>
          <ns3:TrackPointExtension>
            <ns3:hr>153</ns3:hr>
            <ns3:cad>92</ns3:cad>
          </ns3:TrackPointExtension>
        </extensions>
      </trkpt>
      <trkpt lat="31.96173076517879962921142578125" lon="118.68890427052974700927734375">
        <ele>16.799999237060546875</ele>
        <time>2026-08-14T12:17:33.000Z</time>
        <extensions>
          <ns3:TrackPointExtension>
            <ns3:hr>154</ns3:hr>
            <ns3:cad>92</ns3:cad>
          </ns3:TrackPointExtension>
        </extensions>
      </trkpt>
      <trkpt lat="31.961726658046245574951171875" lon="118.6889275722205638885498046875">
        <ele>16.799999237060546875</ele>
        <time>2026-08-14T12:17:34.000Z</time>
        <extensions>
          <ns3:TrackPointExtension>
            <ns3:hr>154</ns3:hr>
            <ns3:cad>92</ns3:cad>
          </ns3:TrackPointExtension>
        </extensions>
      </trkpt>
      <trkpt lat="31.96171936579048633575439453125" lon="118.68895632214844226837158203125">
        <ele>16.799999237060546875</ele>
        <time>2026-08-14T12:17:35.000Z</time>
        <extensions>
          <ns3:TrackPointExtension>
            <ns3:hr>154</ns3:hr>
            <ns3:cad>92</ns3:cad>
          </ns3:TrackPointExtension>
        </extensions>
      </trkpt>
      <trkpt lat="31.9617176055908203125" lon="118.688978366553783416748046875">
        <ele>16.799999237060546875</ele>
        <time>2026-08-14T12:17:36.000Z</time>
        <extensions>
          <ns3:TrackPointExtension>
            <ns3:hr>155</ns3:hr>
            <ns3:cad>91</ns3:cad>
          </ns3:TrackPointExtension>
        </extensions>
      </trkpt>
      <trkpt lat="31.9617135822772979736328125" lon="118.689003847539424896240234375">
        <ele>16.799999237060546875</ele>
        <time>2026-08-14T12:17:37.000Z</time>
        <extensions>
          <ns3:TrackPointExtension>
            <ns3:hr>156</ns3:hr>
            <ns3:cad>92</ns3:cad>
          </ns3:TrackPointExtension>
        </extensions>
      </trkpt>
      <trkpt lat="31.96171517483890056610107421875" lon="118.68902362883090972900390625">
        <ele>16.799999237060546875</ele>
        <time>2026-08-14T12:17:38.000Z</time>
        <extensions>
          <ns3:TrackPointExtension>
            <ns3:hr>156</ns3:hr>
            <ns3:cad>92</ns3:cad>
          </ns3:TrackPointExtension>
        </extensions>
      </trkpt>
      <trkpt lat="31.96170947514474391937255859375" lon="118.68904910981655120849609375">
        <ele>16.799999237060546875</ele>
        <time>2026-08-14T12:17:39.000Z</time>
        <extensions>
          <ns3:TrackPointExtension>
            <ns3:hr>157</ns3:hr>
            <ns3:cad>92</ns3:cad>
          </ns3:TrackPointExtension>
        </extensions>
      </trkpt>
      <trkpt lat="31.96170645765960216522216796875" lon="118.68906981311738491058349609375">
        <ele>16.799999237060546875</ele>
        <time>2026-08-14T12:17:40.000Z</time>
        <extensions>
          <ns3:TrackPointExtension>
            <ns3:hr>158</ns3:hr>
            <ns3:cad>92</ns3:cad>
          </ns3:TrackPointExtension>
        </extensions>
      </trkpt>
      <trkpt lat="31.9616983272135257720947265625" lon="118.689092695713043212890625">
        <ele>16.799999237060546875</ele>
        <time>2026-08-14T12:17:41.000Z</time>
        <extensions>
          <ns3:TrackPointExtension>
            <ns3:hr>158</ns3:hr>
            <ns3:cad>92</ns3:cad>
          </ns3:TrackPointExtension>
        </extensions>
      </trkpt>
      <trkpt lat="31.96169539354741573333740234375" lon="118.68911423720419406890869140625">
        <ele>16.799999237060546875</ele>
        <time>2026-08-14T12:17:42.000Z</time>
        <extensions>
          <ns3:TrackPointExtension>
            <ns3:hr>159</ns3:hr>
            <ns3:cad>92</ns3:cad>
          </ns3:TrackPointExtension>
        </extensions>
      </trkpt>
      <trkpt lat="31.96169036440551280975341796875" lon="118.68913938291370868682861328125">
        <ele>16.799999237060546875</ele>
        <time>2026-08-14T12:17:43.000Z</time>
        <extensions>
          <ns3:TrackPointExtension>
            <ns3:hr>159</ns3:hr>
            <ns3:cad>91</ns3:cad>
          </ns3:TrackPointExtension>
        </extensions>
      </trkpt>
      <trkpt lat="31.961691118776798248291015625" lon="118.68915664963424205780029296875">
        <ele>16.799999237060546875</ele>
        <time>2026-08-14T12:17:44.000Z</time>
        <extensions>
          <ns3:TrackPointExtension>
            <ns3:hr>160</ns3:hr>
            <ns3:cad>90</ns3:cad>
          </ns3:TrackPointExtension>
        </extensions>
      </trkpt>
      <trkpt lat="31.9616875983774662017822265625" lon="118.68918414227664470672607421875">
        <ele>16.799999237060546875</ele>
        <time>2026-08-14T12:17:45.000Z</time>
        <extensions>
          <ns3:TrackPointExtension>
            <ns3:hr>160</ns3:hr>
            <ns3:cad>90</ns3:cad>
          </ns3:TrackPointExtension>
        </extensions>
      </trkpt>
      <trkpt lat="31.96168516762554645538330078125" lon="118.68920375593006610870361328125">
        <ele>16.799999237060546875</ele>
        <time>2026-08-14T12:17:46.000Z</time>
        <extensions>
          <ns3:TrackPointExtension>
            <ns3:hr>161</ns3:hr>
            <ns3:cad>90</ns3:cad>
          </ns3:TrackPointExtension>
        </extensions>
      </trkpt>
      <trkpt lat="31.961677037179470062255859375" lon="118.689231164753437042236328125">
        <ele>16.799999237060546875</ele>
        <time>2026-08-14T12:17:47.000Z</time>
        <extensions>
          <ns3:TrackPointExtension>
            <ns3:hr>161</ns3:hr>
            <ns3:cad>90</ns3:cad>
          </ns3:TrackPointExtension>
        </extensions>
      </trkpt>
      <trkpt lat="31.96167544461786746978759765625" lon="118.68925027549266815185546875">
        <ele>16.799999237060546875</ele>
        <time>2026-08-14T12:17:48.000Z</time>
        <extensions>
          <ns3:TrackPointExtension>
            <ns3:hr>161</ns3:hr>
            <ns3:cad>89</ns3:cad>
          </ns3:TrackPointExtension>
        </extensions>
      </trkpt>
      <trkpt lat="31.9616694934666156768798828125" lon="118.6892812885344028472900390625">
        <ele>16.6000003814697265625</ele>
        <time>2026-08-14T12:17:49.000Z</time>
        <extensions>
          <ns3:TrackPointExtension>
            <ns3:hr>161</ns3:hr>
            <ns3:cad>88</ns3:cad>
          </ns3:TrackPointExtension>
        </extensions>
      </trkpt>
      <trkpt lat="31.96166689507663249969482421875" lon="118.6892993934452533721923828125">
        <ele>16.3999996185302734375</ele>
        <time>2026-08-14T12:17:50.000Z</time>
        <extensions>
          <ns3:TrackPointExtension>
            <ns3:hr>162</ns3:hr>
            <ns3:cad>88</ns3:cad>
          </ns3:TrackPointExtension>
        </extensions>
      </trkpt>
      <trkpt lat="31.9616601057350635528564453125" lon="118.6893252097070217132568359375">
        <ele>16.3999996185302734375</ele>
        <time>2026-08-14T12:17:51.000Z</time>
        <extensions>
          <ns3:TrackPointExtension>
            <ns3:hr>162</ns3:hr>
            <ns3:cad>88</ns3:cad>
          </ns3:TrackPointExtension>
        </extensions>
      </trkpt>
      <trkpt lat="31.9616567529737949371337890625" lon="118.689342476427555084228515625">
        <ele>16.3999996185302734375</ele>
        <time>2026-08-14T12:17:52.000Z</time>
        <extensions>
          <ns3:TrackPointExtension>
            <ns3:hr>162</ns3:hr>
            <ns3:cad>88</ns3:cad>
          </ns3:TrackPointExtension>
        </extensions>
      </trkpt>
      <trkpt lat="31.9616518914699554443359375" lon="118.6893694661557674407958984375">
        <ele>16.3999996185302734375</ele>
        <time>2026-08-14T12:17:53.000Z</time>
        <extensions>
          <ns3:TrackPointExtension>
            <ns3:hr>162</ns3:hr>
            <ns3:cad>89</ns3:cad>
          </ns3:TrackPointExtension>
        </extensions>
      </trkpt>
      <trkpt lat="31.96164811961352825164794921875" lon="118.68938849307596683502197265625">
        <ele>16.6000003814697265625</ele>
        <time>2026-08-14T12:17:54.000Z</time>
        <extensions>
          <ns3:TrackPointExtension>
            <ns3:hr>162</ns3:hr>
            <ns3:cad>89</ns3:cad>
          </ns3:TrackPointExtension>
        </extensions>
      </trkpt>
      <trkpt lat="31.96164241991937160491943359375" lon="118.68941095657646656036376953125">
        <ele>16.6000003814697265625</ele>
        <time>2026-08-14T12:17:55.000Z</time>
        <extensions>
          <ns3:TrackPointExtension>
            <ns3:hr>163</ns3:hr>
            <ns3:cad>89</ns3:cad>
          </ns3:TrackPointExtension>
        </extensions>
      </trkpt>
      <trkpt lat="31.96163705550134181976318359375" lon="118.68943140842020511627197265625">
        <ele>16.6000003814697265625</ele>
        <time>2026-08-14T12:17:56.000Z</time>
        <extensions>
          <ns3:TrackPointExtension>
            <ns3:hr>163</ns3:hr>
            <ns3:cad>89</ns3:cad>
          </ns3:TrackPointExtension>
        </extensions>
      </trkpt>
      <trkpt lat="31.96163353510200977325439453125" lon="118.689453117549419403076171875">
        <ele>16.6000003814697265625</ele>
        <time>2026-08-14T12:17:57.000Z</time>
        <extensions>
          <ns3:TrackPointExtension>
            <ns3:hr>163</ns3:hr>
            <ns3:cad>88</ns3:cad>
          </ns3:TrackPointExtension>
        </extensions>
      </trkpt>
      <trkpt lat="31.9616285897791385650634765625" lon="118.68947583250701427459716796875">
        <ele>16.799999237060546875</ele>
        <time>2026-08-14T12:17:58.000Z</time>
        <extensions>
          <ns3:TrackPointExtension>
            <ns3:hr>162</ns3:hr>
            <ns3:cad>88</ns3:cad>
          </ns3:TrackPointExtension>
        </extensions>
      </trkpt>
      <trkpt lat="31.96162330918014049530029296875" lon="118.68949444033205509185791015625">
        <ele>16.799999237060546875</ele>
        <time>2026-08-14T12:17:59.000Z</time>
        <extensions>
          <ns3:TrackPointExtension>
            <ns3:hr>162</ns3:hr>
            <ns3:cad>88</ns3:cad>
          </ns3:TrackPointExtension>
        </extensions>
      </trkpt>
      <trkpt lat="31.9616185314953327178955078125" lon="118.68951455689966678619384765625">
        <ele>16.799999237060546875</ele>
        <time>2026-08-14T12:18:00.000Z</time>
        <extensions>
          <ns3:TrackPointExtension>
            <ns3:hr>162</ns3:hr>
            <ns3:cad>89</ns3:cad>
          </ns3:TrackPointExtension>
        </extensions>
      </trkpt>
      <trkpt lat="31.96161392144858837127685546875" lon="118.68953215889632701873779296875">
        <ele>16.799999237060546875</ele>
        <time>2026-08-14T12:18:01.000Z</time>
        <extensions>
          <ns3:TrackPointExtension>
            <ns3:hr>163</ns3:hr>
            <ns3:cad>89</ns3:cad>
          </ns3:TrackPointExtension>
        </extensions>
      </trkpt>
      <trkpt lat="31.96161190979182720184326171875" lon="118.6895501799881458282470703125">
        <ele>16.799999237060546875</ele>
        <time>2026-08-14T12:18:02.000Z</time>
        <extensions>
          <ns3:TrackPointExtension>
            <ns3:hr>163</ns3:hr>
            <ns3:cad>89</ns3:cad>
          </ns3:TrackPointExtension>
        </extensions>
      </trkpt>
      <trkpt lat="31.96160956285893917083740234375" lon="118.689567111432552337646484375">
        <ele>16.6000003814697265625</ele>
        <time>2026-08-14T12:18:03.000Z</time>
        <extensions>
          <ns3:TrackPointExtension>
            <ns3:hr>163</ns3:hr>
            <ns3:cad>89</ns3:cad>
          </ns3:TrackPointExtension>
        </extensions>
      </trkpt>
      <trkpt lat="31.961605958640575408935546875" lon="118.6895830370485782623291015625">
        <ele>16.6000003814697265625</ele>
        <time>2026-08-14T12:18:04.000Z</time>
        <extensions>
          <ns3:TrackPointExtension>
            <ns3:hr>163</ns3:hr>
            <ns3:cad>17</ns3:cad>
          </ns3:TrackPointExtension>
        </extensions>
      </trkpt>
      <trkpt lat="31.96160419844090938568115234375" lon="118.6896001361310482025146484375">
        <ele>16.799999237060546875</ele>
        <time>2026-08-14T12:18:05.000Z</time>
        <extensions>
          <ns3:TrackPointExtension>
            <ns3:hr>163</ns3:hr>
            <ns3:cad>17</ns3:cad>
          </ns3:TrackPointExtension>
        </extensions>
      </trkpt>
      <trkpt lat="31.96160302497446537017822265625" lon="118.6896145530045032501220703125">
        <ele>16.799999237060546875</ele>
        <time>2026-08-14T12:18:06.000Z</time>
        <extensions>
          <ns3:TrackPointExtension>
            <ns3:hr>164</ns3:hr>
            <ns3:cad>17</ns3:cad>
          </ns3:TrackPointExtension>
        </extensions>
      </trkpt>
      <trkpt lat="31.96160101331770420074462890625" lon="118.68962905369699001312255859375">
        <ele>16.799999237060546875</ele>
        <time>2026-08-14T12:18:07.000Z</time>
        <extensions>
          <ns3:TrackPointExtension>
            <ns3:hr>164</ns3:hr>
            <ns3:cad>61</ns3:cad>
          </ns3:TrackPointExtension>
        </extensions>
      </trkpt>
      <trkpt lat="31.9616000913083553314208984375" lon="118.68964330293238162994384765625">
        <ele>16.799999237060546875</ele>
        <time>2026-08-14T12:18:08.000Z</time>
        <extensions>
          <ns3:TrackPointExtension>
            <ns3:hr>164</ns3:hr>
            <ns3:cad>61</ns3:cad>
          </ns3:TrackPointExtension>
        </extensions>
      </trkpt>
      <trkpt lat="31.96159665472805500030517578125" lon="118.689658641815185546875">
        <ele>16.799999237060546875</ele>
        <time>2026-08-14T12:18:09.000Z</time>
        <extensions>
          <ns3:TrackPointExtension>
            <ns3:hr>163</ns3:hr>
            <ns3:cad>61</ns3:cad>
          </ns3:TrackPointExtension>
        </extensions>
      </trkpt>
      <trkpt lat="31.96159422397613525390625" lon="118.689673058688640594482421875">
        <ele>16.799999237060546875</ele>
        <time>2026-08-14T12:18:10.000Z</time>
        <extensions>
          <ns3:TrackPointExtension>
            <ns3:hr>163</ns3:hr>
            <ns3:cad>61</ns3:cad>
          </ns3:TrackPointExtension>
        </extensions>
      </trkpt>
      <trkpt lat="31.961591877043247222900390625" lon="118.6896923370659351348876953125">
        <ele>16.799999237060546875</ele>
        <time>2026-08-14T12:18:11.000Z</time>
        <extensions>
          <ns3:TrackPointExtension>
            <ns3:hr>163</ns3:hr>
            <ns3:cad>61</ns3:cad>
          </ns3:TrackPointExtension>
        </extensions>
      </trkpt>
      <trkpt lat="31.96159145794808864593505859375" lon="118.68972293101251125335693359375">
        <ele>16.799999237060546875</ele>
        <time>2026-08-14T12:18:12.000Z</time>
        <extensions>
          <ns3:TrackPointExtension>
            <ns3:hr>163</ns3:hr>
            <ns3:cad>61</ns3:cad>
          </ns3:TrackPointExtension>
        </extensions>
      </trkpt>
      <trkpt lat="31.96158860810101032257080078125" lon="118.68973902426660060882568359375">
        <ele>16.799999237060546875</ele>
        <time>2026-08-14T12:18:13.000Z</time>
        <extensions>
          <ns3:TrackPointExtension>
            <ns3:hr>162</ns3:hr>
            <ns3:cad>60</ns3:cad>
          </ns3:TrackPointExtension>
        </extensions>
      </trkpt>
      <trkpt lat="31.96158911101520061492919921875" lon="118.689756877720355987548828125">
        <ele>17</ele>
        <time>2026-08-14T12:18:14.000Z</time>
        <extensions>
          <ns3:TrackPointExtension>
            <ns3:hr>162</ns3:hr>
            <ns3:cad>60</ns3:cad>
          </ns3:TrackPointExtension>
        </extensions>
      </trkpt>
    </trkseg>
  </trk>
</gpx>
